# Probe 0 (1.3 0.8 1.28)
# Probe 1 (1.2 0.7 1.18)
# Probe 2 (1.2 0.7 1.28)
# Probe 3 (1.2 0.7 1.38)
# Probe 4 (1.2 0.8 1.18)
# Probe 5 (1.2 0.8 1.28)
# Probe 6 (1.2 0.8 1.38)
# Probe 7 (1.2 0.9 1.18)
# Probe 8 (1.2 0.9 1.28)
# Probe 9 (1.2 0.9 1.38)
# Probe 10 (1.3 0.7 1.18)
# Probe 11 (1.3 0.7 1.28)
# Probe 12 (1.3 0.7 1.38)
# Probe 13 (1.3 0.8 1.18)
# Probe 14 (1.3 0.8 1.28)
# Probe 15 (1.3 0.8 1.38)
# Probe 16 (1.3 0.9 1.18)
# Probe 17 (1.3 0.9 1.28)
# Probe 18 (1.3 0.9 1.38)
# Probe 19 (1.4 0.7 1.18)
# Probe 20 (1.4 0.7 1.28)
# Probe 21 (1.4 0.7 1.38)
# Probe 22 (1.4 0.8 1.18)
# Probe 23 (1.4 0.8 1.28)
# Probe 24 (1.4 0.8 1.38)
# Probe 25 (1.4 0.9 1.18)
# Probe 26 (1.4 0.9 1.28)
# Probe 27 (1.4 0.9 1.38)
# Time        0             1             2             3             4             5             6             7             8             9             10            11            12            13            14            15            16            17            18            19            20            21            22            23            24            25            26            27           
0             (0 0 0)       (0 0 0)       (0 0 0)       (0 0 0)       (0 0 0)       (0 0 0)       (0 0 0)       (0 0 0)       (0 0 0)       (0 0 0)       (0 0 0)       (0 0 0)       (0 0 0)       (0 0 0)       (0 0 0)       (0 0 0)       (0 0 0)       (0 0 0)       (0 0 0)       (0 0 0)       (0 0 0)       (0 0 0)       (0 0 0)       (0 0 0)       (0 0 0)       (0 0 0)       (0 0 0)       (0 0 0)      
2             (-0.683413 -0.871022 -0.188367) (-0.794632 -1.10024 -0.243283) (-0.801271 -1.0803 -0.244187) (-0.779566 -1.02532 -0.299023) (-0.658636 -0.997686 -0.190357) (-0.66672 -0.988445 -0.199303) (-0.650872 -0.944237 -0.250708) (-0.551263 -0.910126 -0.153563) (-0.561249 -0.905653 -0.165102) (-0.550512 -0.869239 -0.21132) (-0.80182 -0.949987 -0.220564) (-0.814343 -0.930516 -0.228072) (-0.79527 -0.88062 -0.277465) (-0.671865 -0.880292 -0.174727) (-0.683413 -0.871022 -0.188367) (-0.668595 -0.8309 -0.234504) (-0.569259 -0.81869 -0.143639) (-0.580117 -0.813195 -0.157891) (-0.568845 -0.779271 -0.19936) (-0.780544 -0.802472 -0.212415) (-0.799647 -0.785239 -0.216261) (-0.783835 -0.74244 -0.257067) (-0.66167 -0.764631 -0.171581) (-0.678571 -0.755609 -0.180696) (-0.666431 -0.720426 -0.219244) (-0.569152 -0.728583 -0.142053) (-0.582814 -0.721335 -0.151952) (-0.572538 -0.690129 -0.187389)
4             (-0.483742 -0.566634 -0.27478) (-0.532958 -0.674264 -0.248377) (-0.542799 -0.670223 -0.293849) (-0.540879 -0.644981 -0.340099) (-0.481903 -0.628186 -0.228212) (-0.491758 -0.627535 -0.270415) (-0.492502 -0.604635 -0.310589) (-0.441746 -0.586416 -0.211401) (-0.451423 -0.589568 -0.250227) (-0.454301 -0.569939 -0.284578) (-0.522091 -0.600311 -0.249009) (-0.532567 -0.597055 -0.294101) (-0.529588 -0.574872 -0.341283) (-0.473089 -0.566755 -0.232267) (-0.483742 -0.566634 -0.27478) (-0.483897 -0.545912 -0.316754) (-0.435004 -0.534692 -0.218488) (-0.445336 -0.53781 -0.257954) (-0.447999 -0.519407 -0.294575) (-0.497781 -0.531117 -0.25168) (-0.508381 -0.529953 -0.292704) (-0.504293 -0.512505 -0.33922) (-0.45354 -0.510088 -0.238572) (-0.464537 -0.510932 -0.278182) (-0.463824 -0.49334 -0.320683) (-0.419733 -0.487757 -0.227153) (-0.429945 -0.490452 -0.264913) (-0.432072 -0.473837 -0.303084)
6             (-0.544406 -0.547167 -0.295318) (-0.532765 -0.555555 -0.201093) (-0.532132 -0.58118 -0.254057) (-0.522002 -0.604518 -0.245918) (-0.523056 -0.540049 -0.171433) (-0.52425 -0.559663 -0.219303) (-0.516189 -0.582099 -0.215528) (-0.512964 -0.523757 -0.13334) (-0.516689 -0.535128 -0.173824) (-0.511613 -0.553779 -0.172096) (-0.551958 -0.539293 -0.257389) (-0.549632 -0.569444 -0.320118) (-0.541065 -0.595583 -0.31653) (-0.545031 -0.522025 -0.234907) (-0.544406 -0.547167 -0.295318) (-0.537672 -0.57421 -0.298818) (-0.538176 -0.501308 -0.199838) (-0.540328 -0.5188 -0.255045) (-0.536396 -0.543934 -0.264033) (-0.56132 -0.52721 -0.300583) (-0.557575 -0.561638 -0.382038) (-0.551651 -0.590169 -0.384927) (-0.557452 -0.508484 -0.2914) (-0.555288 -0.539414 -0.371687) (-0.550763 -0.570435 -0.383964) (-0.554139 -0.483618 -0.265756) (-0.554745 -0.507924 -0.341491) (-0.552833 -0.538964 -0.362526)
8             (-0.109691 -0.368671 -0.404489) (-0.0681836 -0.241407 -0.277147) (-0.0438366 -0.270419 -0.290497) (-0.0143165 -0.288542 -0.246065) (-0.113562 -0.272099 -0.290866) (-0.0874774 -0.294986 -0.314537) (-0.0590504 -0.310718 -0.272626) (-0.149969 -0.288805 -0.273037) (-0.119157 -0.308405 -0.318755) (-0.0887646 -0.322954 -0.285562) (-0.100249 -0.325011 -0.366771) (-0.064441 -0.349112 -0.369108) (-0.0276581 -0.36135 -0.325188) (-0.143791 -0.349963 -0.396604) (-0.109691 -0.368671 -0.404489) (-0.0763502 -0.378887 -0.359542) (-0.175887 -0.364758 -0.39941) (-0.142137 -0.381986 -0.425313) (-0.110681 -0.392293 -0.383749) (-0.138728 -0.391326 -0.424986) (-0.0884311 -0.410472 -0.43794) (-0.0426206 -0.41613 -0.39994) (-0.181981 -0.409982 -0.470149) (-0.13514 -0.425628 -0.483687) (-0.0932965 -0.430113 -0.442211) (-0.212482 -0.423109 -0.494769) (-0.169765 -0.439254 -0.517988) (-0.132696 -0.445151 -0.475494)
10            (0.218414 -0.198715 0.200197) (0.264391 -0.214801 0.232467) (0.340453 -0.193756 0.402968) (0.399484 -0.160813 0.419026) (0.197243 -0.162301 0.178804) (0.279151 -0.138191 0.362035) (0.344261 -0.107975 0.38877) (0.126758 -0.147371 0.151085) (0.208391 -0.110423 0.349129) (0.272427 -0.0745558 0.380767) (0.187757 -0.262805 0.11206) (0.28064 -0.232452 0.228898) (0.361385 -0.190323 0.238064) (0.125166 -0.225215 0.0745571) (0.218414 -0.198715 0.200197) (0.300027 -0.165057 0.212775) (0.0632895 -0.206241 0.0644924) (0.155509 -0.174814 0.203649) (0.234724 -0.141476 0.219265) (0.137265 -0.307432 -0.0499691) (0.247374 -0.270022 0.0393571) (0.348946 -0.219672 0.0413033) (0.0735017 -0.281131 -0.0863098) (0.181472 -0.250493 0.00991921) (0.280634 -0.211288 0.0143423) (0.0115042 -0.26573 -0.0958973) (0.116804 -0.235616 0.0107627) (0.212713 -0.201178 0.0188372)
12            (0.342816 -0.15297 -0.0238874) (0.342011 -0.179057 0.0946309) (0.41494 -0.0695049 0.201646) (0.495996 0.0448056 0.254407) (0.315446 -0.210862 0.0171733) (0.378102 -0.110898 0.10928) (0.455664 -0.00646105 0.168497) (0.275666 -0.213546 -0.0657731) (0.31789 -0.144974 0.0223683) (0.385383 -0.0633447 0.0762478) (0.34268 -0.226702 -0.0529392) (0.384782 -0.127787 0.0749225) (0.459921 -0.0268263 0.127351) (0.324087 -0.236372 -0.151265) (0.342816 -0.15297 -0.0238874) (0.412147 -0.0705801 0.0312741) (0.290106 -0.215681 -0.265621) (0.278283 -0.167974 -0.122845) (0.334111 -0.110721 -0.0710705) (0.358864 -0.236011 -0.25756) (0.373085 -0.144345 -0.0605966) (0.445017 -0.0480801 -0.021517) (0.372437 -0.227442 -0.383757) (0.347938 -0.159617 -0.175363) (0.394768 -0.0878616 -0.135313) (0.363951 -0.181041 -0.511289) (0.298948 -0.15411 -0.298079) (0.311691 -0.110792 -0.257081)
14            (0.533032 -0.102535 -0.0157134) (0.471237 -0.0879875 0.020384) (0.466858 0.0050039 0.0856391) (0.449292 0.0880787 0.155998) (0.512851 -0.189524 -0.00916982) (0.506039 -0.0961368 0.0568618) (0.463628 -0.00120862 0.136972) (0.539694 -0.30416 -0.0358233) (0.550979 -0.2225 0.0252755) (0.50227 -0.112955 0.109036) (0.488774 -0.0844636 -0.0846609) (0.485478 -0.00400578 0.00173248) (0.465167 0.0744896 0.0749409) (0.539827 -0.165628 -0.089312) (0.533032 -0.102535 -0.0157134) (0.492446 -0.018321 0.0608096) (0.572446 -0.240582 -0.111365) (0.584892 -0.179962 -0.0387728) (0.550788 -0.110189 0.0355243) (0.500223 -0.045909 -0.0979519) (0.500638 0.012508 -0.0278469) (0.477589 0.0803501 0.0167145) (0.551788 -0.102642 -0.107135) (0.552942 -0.0525466 -0.0323811) (0.52982 0.00870674 0.0305248) (0.571378 -0.154673 -0.148328) (0.577873 -0.111126 -0.0764058) (0.567587 -0.053319 -0.00500554)
16            (0.462332 0.0176217 0.0258321) (0.38107 0.0191089 -0.0209076) (0.42485 0.108489 0.075596) (0.463637 0.200235 0.0930683) (0.390176 -0.0683981 -0.00299329) (0.421259 0.0297843 0.081654) (0.454951 0.136375 0.121136) (0.381806 -0.148338 -0.0176954) (0.411484 -0.065363 0.0547864) (0.44064 0.0320157 0.0985159) (0.430457 -0.000132141 -0.0420102) (0.459987 0.0950257 0.0307601) (0.489119 0.196526 0.0383785) (0.435957 -0.0755527 -0.042169) (0.462332 0.0176217 0.0258321) (0.489432 0.132339 0.062457) (0.419804 -0.145255 -0.0864918) (0.44466 -0.0688074 -0.0263673) (0.472304 0.0299327 0.0197038) (0.458183 0.0123983 -0.065462) (0.487297 0.103137 4.63977e-05) (0.505672 0.202641 -0.00560419) (0.463693 -0.0498195 -0.0858236) (0.485865 0.0357205 -0.0239002) (0.514883 0.151457 0.0165354) (0.447717 -0.108344 -0.152946) (0.468443 -0.0395659 -0.0923508) (0.494322 0.056947 -0.0425628)
18            (0.558298 0.187343 0.0213111) (0.474921 0.104703 0.0273397) (0.520191 0.256827 0.0667822) (0.447556 0.37414 0.0589646) (0.459048 0.0280135 0.0206006) (0.505388 0.182503 0.0791408) (0.488209 0.312992 0.0983258) (0.472448 -0.0501869 -0.0170228) (0.507376 0.0715383 0.043598) (0.51567 0.225147 0.104375) (0.535349 0.0939786 -0.0208195) (0.565728 0.255386 0.017528) (0.480037 0.36233 0.0073109) (0.521387 0.0242647 -0.0454066) (0.558298 0.187343 0.0213111) (0.524565 0.318089 0.0403114) (0.518292 -0.0436884 -0.105761) (0.547643 0.0729781 -0.0391043) (0.552816 0.240551 0.0395931) (0.57842 0.112108 -0.0593072) (0.590042 0.264235 -0.0312087) (0.494888 0.351425 -0.0445697) (0.562958 0.0579637 -0.101605) (0.590364 0.21151 -0.0342867) (0.542761 0.32785 -0.015887) (0.544527 -0.00261827 -0.18141) (0.569796 0.110206 -0.108021) (0.570827 0.263929 -0.0259175)
20            (0.487687 0.381582 0.00849437) (0.500882 0.290321 0.083991) (0.448805 0.432074 0.0739854) (0.345296 0.484936 0.056064) (0.476816 0.226088 0.0362348) (0.454313 0.37062 0.0628651) (0.380536 0.45569 0.0716558) (0.487312 0.15004 0.00397456) (0.462897 0.291592 0.0583572) (0.411752 0.398045 0.0886216) (0.542197 0.297891 0.0133829) (0.481921 0.43242 0.0226762) (0.37356 0.460947 0.0057057) (0.520708 0.235694 -0.0404001) (0.487687 0.381582 0.00849437) (0.40692 0.449381 0.0189878) (0.5213 0.162697 -0.076897) (0.494612 0.302684 -0.0040414) (0.437159 0.406331 0.0339182) (0.554076 0.312295 -0.0523645) (0.493089 0.426012 -0.0300774) (0.38379 0.433476 -0.0468318) (0.537095 0.261851 -0.10531) (0.501525 0.390991 -0.0451794) (0.41795 0.43771 -0.0324648) (0.53341 0.199761 -0.143468) (0.507111 0.326831 -0.0619827) (0.449943 0.410673 -0.0202438)
22            (0.406445 0.49497 0.0227934) (0.45352 0.456513 0.133661) (0.374504 0.516166 0.0861004) (0.284733 0.493085 0.0475603) (0.44697 0.425154 0.0880767) (0.387326 0.508037 0.0720381) (0.306077 0.511312 0.0570599) (0.440137 0.372051 0.0375931) (0.397973 0.470308 0.0570709) (0.329594 0.50048 0.0656778) (0.472998 0.44807 0.0661402) (0.394207 0.492557 0.0411386) (0.302209 0.447906 0.00566473) (0.469874 0.422741 0.0197316) (0.406445 0.49497 0.0227934) (0.322299 0.478016 0.0110167) (0.463853 0.37352 -0.027607) (0.416867 0.46635 0.00641537) (0.344914 0.481146 0.0182584) (0.467725 0.437028 0.00680464) (0.395844 0.46129 5.70917e-05) (0.302423 0.405685 -0.0312865) (0.469396 0.420915 -0.0373979) (0.408275 0.473199 -0.0217337) (0.321432 0.441598 -0.0309894) (0.467647 0.383129 -0.0785072) (0.419987 0.457635 -0.0387705) (0.345655 0.456995 -0.0246025)
24            (0.331617 0.460104 0.00961726) (0.369776 0.494219 0.121607) (0.308093 0.465982 0.0500666) (0.189388 0.368715 -0.0319667) (0.376552 0.505773 0.106996) (0.315201 0.50266 0.0521523) (0.210801 0.431965 -0.0078025) (0.372634 0.4979 0.0813143) (0.319062 0.517566 0.0493572) (0.229344 0.472215 0.0136197) (0.381902 0.457962 0.0664293) (0.325522 0.417275 0.0168871) (0.196495 0.315303 -0.0529704) (0.389757 0.478593 0.0496548) (0.331617 0.460104 0.00961726) (0.21634 0.377979 -0.0419507) (0.388805 0.478695 0.0282951) (0.334651 0.484292 0.0052684) (0.235845 0.424843 -0.0264121) (0.371979 0.418341 0.0255135) (0.319892 0.369995 -0.0063798) (0.191914 0.279066 -0.0575036) (0.384749 0.44423 0.00328613) (0.32832 0.413927 -0.0226935) (0.207315 0.333987 -0.0608371) (0.387085 0.452834 -0.0167358) (0.333402 0.444344 -0.0303976) (0.226491 0.380499 -0.0533779)
26            (0.254488 0.277374 -0.0482158) (0.364265 0.381546 0.0302398) (0.246736 0.257158 -0.0403014) (0.0194877 0.198411 -0.122319) (0.360218 0.43044 0.0293036) (0.258508 0.330389 -0.0300339) (0.0500724 0.252118 -0.104242) (0.349897 0.461766 0.0244124) (0.263622 0.387754 -0.0205293) (0.0835643 0.306602 -0.0812368) (0.36331 0.323871 0.0155493) (0.244972 0.211089 -0.0412254) (0.0391595 0.177539 -0.102021) (0.3655 0.376466 0.00151687) (0.254488 0.277374 -0.0482158) (0.0546036 0.220242 -0.10376) (0.359581 0.415037 -0.00736746) (0.260133 0.334192 -0.0477442) (0.0764179 0.264857 -0.095226) (0.340854 0.275634 0.0153113) (0.23261 0.183826 -0.0283889) (0.0591676 0.161695 -0.0637582) (0.348739 0.32435 -0.00981748) (0.236997 0.237642 -0.0509503) (0.063805 0.198035 -0.0836768) (0.348729 0.364708 -0.0255995) (0.241747 0.288414 -0.0604642) (0.0758251 0.235384 -0.0892707)
28            (0.120303 0.191025 -0.0992054) (0.292408 0.328409 -0.00310483) (0.0936669 0.165043 -0.107433) (-0.0144803 0.0848239 -0.166641) (0.292523 0.385821 -0.0107191) (0.102216 0.218868 -0.103975) (-0.0163791 0.11829 -0.15815) (0.287945 0.430775 -0.0197337) (0.113749 0.271135 -0.0959523) (-0.0127726 0.15192 -0.145406) (0.312535 0.300038 0.0152283) (0.123296 0.151177 -0.0840566) (0.0237913 0.0826501 -0.12074) (0.307369 0.347541 -0.0107933) (0.120303 0.191025 -0.0992054) (0.0155054 0.109561 -0.131736) (0.297801 0.386403 -0.0310866) (0.122939 0.232496 -0.105325) (0.012267 0.137911 -0.133999) (0.319034 0.277978 0.0311284) (0.157811 0.157843 -0.0536399) (0.0636134 0.0926032 -0.0674148) (0.310245 0.315493 -0.0079292) (0.141139 0.182249 -0.0828716) (0.046378 0.111732 -0.0946566) (0.297075 0.346993 -0.0379247) (0.133541 0.21186 -0.100686) (0.0351504 0.134654 -0.110427)
30            (0.0602495 0.0718931 -0.141744) (0.201342 0.214452 -0.0576679) (0.0328606 0.0512725 -0.15641) (-0.0254216 0.0120667 -0.192979) (0.192137 0.26178 -0.0669221) (0.0277954 0.085132 -0.151902) (-0.0303154 0.0327125 -0.176675) (0.184302 0.301476 -0.0770635) (0.0285398 0.119475 -0.150385) (-0.0304166 0.0586006 -0.165031) (0.245298 0.2037 -0.0311296) (0.0740261 0.0435852 -0.130332) (0.00730177 0.0011449 -0.173718) (0.222888 0.235872 -0.0583746) (0.0602495 0.0718931 -0.141744) (-0.00110108 0.0235561 -0.171809) (0.205257 0.265679 -0.0804604) (0.0534809 0.101827 -0.152195) (-0.00527006 0.0495283 -0.172566) (0.282753 0.202285 -0.0169099) (0.125725 0.0616353 -0.0990852) (0.0462065 0.00700297 -0.136816) (0.253282 0.223492 -0.0553189) (0.099243 0.0787938 -0.125886) (0.0317595 0.0254306 -0.155665) (0.226244 0.243629 -0.0850554) (0.0823666 0.100651 -0.147171) (0.0221783 0.0487614 -0.170687)
32            (0.0113901 0.000203902 -0.160126) (0.0693788 0.0755355 -0.0915173) (-0.0139643 -0.0191757 -0.154095) (-0.0345022 -0.0205253 -0.194995) (0.0626966 0.112733 -0.0917998) (-0.0143765 0.0150983 -0.149724) (-0.0342806 0.00396594 -0.192182) (0.0595671 0.146268 -0.101572) (-0.0132514 0.0484714 -0.156871) (-0.0337615 0.0318364 -0.197027) (0.102879 0.0612233 -0.0757853) (0.012708 -0.0374063 -0.153645) (-0.00897951 -0.0405778 -0.204253) (0.0885153 0.0922793 -0.0882745) (0.0113901 0.000203902 -0.160126) (-0.00845654 -0.0112516 -0.207898) (0.0797158 0.120694 -0.107611) (0.0111484 0.0351315 -0.176906) (-0.00828273 0.0176176 -0.221228) (0.148337 0.0631655 -0.0747105) (0.046688 -0.0400106 -0.15121) (0.018534 -0.0525148 -0.199701) (0.124473 0.0847362 -0.096292) (0.042859 -0.00597759 -0.168328) (0.0208733 -0.0215927 -0.214652) (0.107922 0.106983 -0.121228) (0.0399695 0.0271813 -0.192313) (0.0207417 0.00655291 -0.236351)
34            (0.00736443 -0.0278277 -0.174278) (0.00812824 -0.0223183 -0.0609727) (-0.0217966 -0.046705 -0.139471) (-0.0227833 -0.0310278 -0.176848) (0.00669442 0.0105453 -0.0670294) (-0.0208739 -0.015341 -0.14447) (-0.0218604 -0.00816773 -0.187385) (0.00476754 0.0410646 -0.0871119) (-0.0200882 0.011056 -0.164474) (-0.0223025 0.0125165 -0.206495) (0.0263817 -0.0449225 -0.0548907) (0.00404346 -0.0619998 -0.16162) (0.00337188 -0.0474696 -0.20742) (0.0262222 -0.00739817 -0.0754114) (0.00736443 -0.0278277 -0.174278) (0.00670696 -0.0229135 -0.223838) (0.0250489 0.026051 -0.110007) (0.00814384 0.00153042 -0.202618) (0.00608003 -8.38445e-05 -0.248547) (0.0605028 -0.0547753 -0.0690845) (0.0368469 -0.0696824 -0.179154) (0.0317121 -0.0582522 -0.227771) (0.0599881 -0.0157915 -0.0981162) (0.0418341 -0.0345244 -0.200841) (0.0383117 -0.0325831 -0.250124) (0.0569876 0.017718 -0.138813) (0.0411373 -0.00589344 -0.232815) (0.0376739 -0.0124496 -0.277205)
36            (0.0126187 -0.0369877 -0.165977) (-0.0184932 -0.0613607 -0.0475808) (-0.0206693 -0.0499443 -0.109422) (-0.0161865 -0.025872 -0.130206) (-0.0188454 -0.0420239 -0.0520938) (-0.0180822 -0.0334258 -0.114181) (-0.0110218 -0.0164489 -0.140086) (-0.0162975 -0.0216937 -0.0772637) (-0.0149083 -0.0169449 -0.139763) (-0.00889449 -0.00571628 -0.169855) (0.000792364 -0.0742293 -0.0705812) (0.00620916 -0.0574086 -0.147538) (0.0121843 -0.0346739 -0.176191) (0.00378158 -0.0503657 -0.0888933) (0.0126187 -0.0369877 -0.165977) (0.0213485 -0.022359 -0.199469) (0.00866939 -0.0250295 -0.127712) (0.0156233 -0.0188982 -0.200004) (0.0226562 -0.0106587 -0.235963) (0.0374776 -0.0792153 -0.0990769) (0.0392156 -0.0615425 -0.180714) (0.0408739 -0.0409759 -0.212835) (0.04157 -0.0517873 -0.126398) (0.0466883 -0.0391866 -0.207343) (0.0511186 -0.0271266 -0.24223) (0.044211 -0.0248398 -0.169335) (0.0479116 -0.0210698 -0.243536) (0.0518028 -0.0160382 -0.279952)
38            (0.00973611 -0.0481479 -0.110198) (-0.0259057 -0.0793626 -0.0242356) (-0.0299652 -0.0639662 -0.0459942) (-0.0302437 -0.0362411 -0.0608909) (-0.0207189 -0.0749974 -0.021994) (-0.0188239 -0.0602551 -0.0445607) (-0.0152894 -0.0378616 -0.061445) (-0.0143823 -0.069872 -0.0379335) (-0.0085108 -0.0556542 -0.0710602) (-0.00271013 -0.0377081 -0.0938021) (-0.00781095 -0.0822849 -0.0659035) (-0.0044101 -0.0559651 -0.0973028) (-0.00328913 -0.0269416 -0.117358) (0.00156419 -0.0710458 -0.0771628) (0.00973611 -0.0481479 -0.110198) (0.0148745 -0.0259793 -0.132143) (0.0119374 -0.0589543 -0.109682) (0.0208377 -0.0405987 -0.149929) (0.0270875 -0.0242878 -0.176228) (0.0251581 -0.0803271 -0.101651) (0.0250011 -0.052308 -0.139798) (0.0232433 -0.0250247 -0.161737) (0.035021 -0.0645966 -0.123053) (0.0397226 -0.0423962 -0.163022) (0.0429792 -0.0225453 -0.18707) (0.0435971 -0.0492281 -0.165009) (0.0491128 -0.0337484 -0.208289) (0.0537995 -0.0204415 -0.235981)
40            (0.0119008 -0.086909 -0.0480033) (-0.0157794 -0.122362 0.0270257) (-0.0289656 -0.114805 0.0176789) (-0.0430501 -0.0929033 0.0114049) (0.00231216 -0.12421 0.0266321) (-0.000467649 -0.115036 0.0142775) (-0.00678039 -0.0941444 0.00562663) (0.0177659 -0.120277 0.00402855) (0.0195388 -0.108574 -0.0230451) (0.0187847 -0.0882149 -0.0420602) (-0.00410911 -0.118688 -0.021322) (-0.0145141 -0.0900407 -0.0352932) (-0.028642 -0.0593502 -0.0459118) (0.0158076 -0.112742 -0.0306415) (0.0119008 -0.086909 -0.0480033) (0.00435914 -0.0619268 -0.0598513) (0.0340283 -0.101187 -0.0677198) (0.0328193 -0.0798692 -0.0944295) (0.0308982 -0.059753 -0.113385) (0.0202373 -0.101557 -0.0684496) (0.00686598 -0.0675192 -0.087394) (-0.00802784 -0.0346281 -0.100373) (0.0379256 -0.0921688 -0.0847091) (0.0306949 -0.0652626 -0.10573) (0.0226838 -0.0413164 -0.11956) (0.054197 -0.0802296 -0.13127) (0.0511188 -0.0606731 -0.156989) (0.0494367 -0.0430477 -0.176478)
42            (0.0454586 -0.127624 -0.0313517) (0.0214715 -0.143309 0.0419649) (0.00818447 -0.155554 0.0324206) (-0.00338671 -0.137997 0.0198857) (0.040207 -0.140091 0.0365) (0.0365274 -0.151076 0.0222736) (0.0333464 -0.134969 0.00905003) (0.0561996 -0.135001 0.0120511) (0.0563909 -0.139544 -0.014401) (0.0546763 -0.122552 -0.0346313) (0.0306726 -0.162282 0.00406162) (0.0192565 -0.136111 -0.0127497) (0.000671785 -0.0992972 -0.0265398) (0.0515219 -0.150187 -0.0108011) (0.0454586 -0.127624 -0.0313517) (0.0363352 -0.0961985 -0.0473956) (0.0686127 -0.132516 -0.0495747) (0.0640768 -0.113812 -0.0765806) (0.0594013 -0.0881559 -0.0981166) (0.0481331 -0.140068 -0.0459431) (0.030087 -0.0994832 -0.063218) (0.00540949 -0.0588716 -0.0738375) (0.0653736 -0.125731 -0.0685123) (0.0544147 -0.093525 -0.0880077) (0.0412316 -0.0608442 -0.102993) (0.0811442 -0.108618 -0.116836) (0.0746904 -0.084498 -0.139104) (0.0697141 -0.0594297 -0.158632)
44            (0.0937623 -0.133328 -0.0257618) (0.0900229 -0.116283 0.0432956) (0.0676893 -0.151781 0.0357516) (0.0506271 -0.147282 0.0236851) (0.0972608 -0.113289 0.0339501) (0.0865987 -0.142284 0.0207982) (0.0774824 -0.1376 0.00552564) (0.101603 -0.111085 0.00602515) (0.0980575 -0.131279 -0.0189763) (0.0937223 -0.124995 -0.0401144) (0.0929068 -0.153741 0.0171145) (0.0747807 -0.146401 -0.00498864) (0.0530366 -0.114043 -0.0193705) (0.106143 -0.140598 -0.00280091) (0.0937623 -0.133328 -0.0257618) (0.0788008 -0.107345 -0.0414609) (0.116078 -0.125678 -0.045117) (0.107167 -0.118488 -0.0717125) (0.098292 -0.0974035 -0.0920181) (0.105235 -0.147958 -0.0290845) (0.0820575 -0.114473 -0.0475224) (0.0524761 -0.069471 -0.0611425) (0.117208 -0.129789 -0.0573134) (0.0991897 -0.102978 -0.0746721) (0.0784641 -0.0683494 -0.0871538) (0.127961 -0.111849 -0.107596) (0.115302 -0.0914486 -0.12599) (0.103914 -0.0650148 -0.141864)
46            (0.140246 -0.0930814 -0.017752) (0.163696 -0.0481569 0.0409587) (0.13441 -0.0943204 0.0462746) (0.110918 -0.107722 0.0387315) (0.14728 -0.0546211 0.0238902) (0.133681 -0.0894653 0.0199971) (0.123075 -0.0955961 0.00660679) (0.132433 -0.0603136 -0.0119587) (0.130629 -0.0839705 -0.0304891) (0.129188 -0.0856587 -0.0513015) (0.159222 -0.0914837 0.0265976) (0.133866 -0.1059 0.0126017) (0.106267 -0.0911127 0.00031006) (0.155699 -0.0857611 6.77652e-05) (0.140246 -0.0930814 -0.017752) (0.122513 -0.0785806 -0.0328546) (0.152686 -0.0796906 -0.0488344) (0.144365 -0.0812209 -0.0717521) (0.135501 -0.0670777 -0.0916939) (0.164442 -0.106403 -0.00699519) (0.13527 -0.0923175 -0.0229931) (0.0993558 -0.0576869 -0.0342425) (0.166142 -0.0909427 -0.0412671) (0.143734 -0.0761477 -0.0563435) (0.117516 -0.04725 -0.0669807) (0.168237 -0.0764652 -0.0974591) (0.152791 -0.062224 -0.113308) (0.137305 -0.0386496 -0.126676)
48            (0.158413 -0.0309105 -0.0165018) (0.206089 0.00818572 0.0224213) (0.177558 -0.0224244 0.0430854) (0.152947 -0.0352015 0.0481424) (0.160158 -0.00854749 -0.00727567) (0.149363 -0.0289352 0.00295288) (0.141443 -0.0319483 -0.000716973) (0.129468 -0.0263037 -0.0567925) (0.135154 -0.0367035 -0.0580891) (0.139631 -0.0346768 -0.0693911) (0.200348 -0.0170983 0.0162404) (0.1744 -0.0323081 0.0225952) (0.145885 -0.026693 0.0188585) (0.171307 -0.0243332 -0.0179416) (0.158413 -0.0309105 -0.0165018) (0.143088 -0.0221798 -0.0226812) (0.156167 -0.0337353 -0.0722229) (0.15359 -0.0318207 -0.075928) (0.148306 -0.0191835 -0.0871946) (0.2023 -0.0334947 0.000315566) (0.174149 -0.0321225 0.000191412) (0.139851 -0.0111846 -0.00718426) (0.184361 -0.0321313 -0.0363448) (0.164511 -0.0235576 -0.0358996) (0.139628 -0.0016709 -0.0414125) (0.176763 -0.0306824 -0.0935296) (0.164088 -0.017066 -0.0940585) (0.149045 0.00425763 -0.10034)
50            (0.145891 0.00750713 -0.0659792) (0.196887 0.0101183 -0.0356526) (0.178486 0.010572 -0.0121392) (0.162187 0.0166845 0.00436916) (0.138049 -0.0121685 -0.093346) (0.137854 -0.00352201 -0.0702736) (0.136608 0.00881581 -0.0587342) (0.127623 -0.0316449 -0.141233) (0.137233 -0.0188479 -0.123863) (0.143368 -0.00388427 -0.118944) (0.194207 0.0160981 -0.0388576) (0.176757 0.0185403 -0.0189033) (0.156529 0.0319137 -0.0103142) (0.149817 -0.00234759 -0.0886598) (0.145891 0.00750713 -0.0659792) (0.137558 0.0236369 -0.0585186) (0.144781 -0.017392 -0.135209) (0.146642 -0.00214003 -0.116302) (0.144298 0.0161979 -0.112423) (0.196871 0.0187216 -0.0407094) (0.178861 0.0271374 -0.025825) (0.155212 0.0476248 -0.0248406) (0.163437 0.00591251 -0.0824884) (0.15324 0.0205103 -0.0630745) (0.136984 0.0418726 -0.0596211) (0.158667 -0.0025772 -0.127634) (0.151213 0.0165301 -0.109977) (0.140118 0.0379507 -0.106181)
52            (0.174818 0.0301153 -0.110235) (0.203579 0.0023279 -0.118996) (0.204777 0.0286041 -0.0812279) (0.201329 0.0530136 -0.0538821) (0.180593 -0.0153807 -0.15223) (0.182618 0.0101449 -0.124215) (0.180561 0.032879 -0.104296) (0.179867 -0.0233981 -0.179366) (0.181509 0.0013185 -0.163287) (0.180124 0.0240076 -0.151718) (0.197228 0.0195994 -0.113005) (0.198439 0.0449235 -0.075631) (0.194079 0.069291 -0.053855) (0.173647 0.00438687 -0.141253) (0.174818 0.0301153 -0.110235) (0.170209 0.0529211 -0.0925312) (0.173219 -0.00306145 -0.166382) (0.17194 0.022146 -0.146433) (0.166519 0.0452325 -0.13374) (0.19227 0.0359586 -0.0977924) (0.194757 0.0604282 -0.067761) (0.190641 0.0838005 -0.0522673) (0.168089 0.0236964 -0.121338) (0.16875 0.0494331 -0.0966741) (0.162587 0.0726774 -0.083451) (0.16509 0.0179709 -0.146414) (0.161237 0.0434031 -0.129652) (0.152798 0.0666485 -0.118545)
54            (0.226889 0.0601661 -0.0937556) (0.256508 0.0202544 -0.091582) (0.272877 0.0590354 -0.0569546) (0.276527 0.0874806 -0.0303383) (0.229482 0.000623372 -0.135002) (0.236363 0.0353894 -0.111716) (0.235402 0.065648 -0.0871415) (0.216069 -0.00235292 -0.171812) (0.21694 0.0269245 -0.156224) (0.21261 0.0550332 -0.1374) (0.248982 0.0408823 -0.0781952) (0.266713 0.078664 -0.0488002) (0.271397 0.108252 -0.0262459) (0.218047 0.0243528 -0.114926) (0.226889 0.0601661 -0.0937556) (0.22666 0.0906135 -0.072782) (0.202661 0.0213195 -0.149039) (0.203616 0.0520912 -0.133867) (0.198523 0.0805352 -0.116502) (0.2423 0.0624695 -0.058636) (0.261617 0.0987929 -0.0395802) (0.267211 0.128931 -0.0223344) (0.208252 0.0503551 -0.0900136) (0.21891 0.0853061 -0.0773347) (0.219697 0.115617 -0.0607582) (0.189265 0.047198 -0.123158) (0.190821 0.0780146 -0.113504) (0.185872 0.106227 -0.098451)
56            (0.274437 0.0832489 -0.0665505) (0.304811 0.0513381 -0.047388) (0.324706 0.0882936 -0.0213298) (0.326216 0.109007 -0.000896413) (0.272046 0.0252173 -0.107702) (0.281749 0.0602208 -0.0846371) (0.280556 0.0867729 -0.0587786) (0.245351 0.0169289 -0.149687) (0.247588 0.0465007 -0.132257) (0.242819 0.0726997 -0.10945) (0.298313 0.0678397 -0.0336417) (0.320542 0.103742 -0.014062) (0.324831 0.127957 0.00359214) (0.261715 0.0484852 -0.0844859) (0.274437 0.0832489 -0.0665505) (0.275544 0.110899 -0.0453085) (0.232402 0.0413578 -0.123152) (0.236333 0.0715195 -0.109) (0.232799 0.0984489 -0.089358) (0.29099 0.0850559 -0.0163017) (0.315879 0.119899 -0.00562747) (0.322639 0.146454 0.00776135) (0.251853 0.0721187 -0.0597463) (0.267892 0.105902 -0.049998) (0.271542 0.134216 -0.0340376) (0.220144 0.0665392 -0.0962899) (0.226492 0.0966277 -0.0880964) (0.224972 0.123954 -0.0725113)
58            (0.317092 0.106683 -0.0319027) (0.346672 0.0920217 -0.00121367) (0.366861 0.120338 0.0200506) (0.361101 0.128036 0.0338526) (0.309325 0.0544126 -0.0784051) (0.319578 0.0870423 -0.0491799) (0.313442 0.104616 -0.0246257) (0.271173 0.0340424 -0.128807) (0.273458 0.0637943 -0.10527) (0.265793 0.0860779 -0.0808225) (0.344911 0.101546 0.00984262) (0.366862 0.131009 0.0268681) (0.36522 0.14502 0.0392605) (0.304346 0.0740563 -0.0549464) (0.317092 0.106683 -0.0319027) (0.313739 0.126876 -0.0117717) (0.263851 0.0568587 -0.100526) (0.267837 0.0871315 -0.0812952) (0.261821 0.110413 -0.0608799) (0.339972 0.111005 0.0210666) (0.364403 0.141542 0.0338806) (0.36675 0.160624 0.0439199) (0.29802 0.0923663 -0.0332141) (0.313894 0.124805 -0.0163448) (0.313867 0.147411 -0.00089333) (0.256382 0.0791143 -0.0744263) (0.263008 0.10955 -0.0600107) (0.259513 0.133902 -0.0440978)
60            (0.354566 0.127696 0.0108695) (0.382515 0.128744 0.0484361) (0.401677 0.144682 0.0616262) (0.38909 0.138968 0.0711531) (0.34346 0.0850215 -0.0366065) (0.353062 0.110473 -0.00397887) (0.339551 0.115071 0.0189655) (0.296394 0.0494908 -0.0962975) (0.297133 0.0771441 -0.0650455) (0.283585 0.0924457 -0.0396885) (0.383792 0.132816 0.0543725) (0.404234 0.152863 0.0679562) (0.396789 0.155677 0.0774207) (0.342632 0.100034 -0.0174404) (0.354566 0.127696 0.0108695) (0.344506 0.137157 0.0304201) (0.294165 0.070522 -0.0699235) (0.29695 0.0996341 -0.0425386) (0.285441 0.116766 -0.0210199) (0.379182 0.135402 0.0581734) (0.401906 0.159356 0.0730504) (0.399888 0.169473 0.0820772) (0.338349 0.112378 -0.00163791) (0.353446 0.141942 0.0234314) (0.347729 0.15612 0.0394999) (0.290529 0.0894309 -0.0474593) (0.29633 0.119768 -0.0233908) (0.287935 0.139116 -0.00582522)
62            (0.382189 0.142309 0.0532123) (0.406953 0.151215 0.0978394) (0.421903 0.155822 0.100046) (0.407805 0.142438 0.106917) (0.368353 0.111263 0.0128821) (0.376834 0.126069 0.0407842) (0.357564 0.116908 0.0610186) (0.317246 0.0621174 -0.0565188) (0.316075 0.0847149 -0.021536) (0.295674 0.091005 0.00380062) (0.409727 0.15294 0.0988962) (0.426812 0.163768 0.106253) (0.417969 0.159771 0.113435) (0.371716 0.122776 0.0269169) (0.382189 0.142309 0.0532123) (0.366615 0.140661 0.0705375) (0.319939 0.0826588 -0.0333058) (0.321276 0.107986 -0.00136495) (0.303346 0.11714 0.0206915) (0.404535 0.151925 0.0958688) (0.424907 0.168743 0.108851) (0.42201 0.172789 0.116736) (0.3696 0.1308 0.0362832) (0.382757 0.15415 0.0620344) (0.372302 0.159402 0.0771831) (0.319756 0.0996582 -0.0153719) (0.324463 0.127417 0.0143239) (0.310368 0.139926 0.0331598)
64            (0.39699 0.147184 0.0886628) (0.41941 0.156927 0.132422) (0.432699 0.156035 0.131379) (0.419311 0.138563 0.136236) (0.383657 0.126938 0.0574143) (0.390287 0.13053 0.0781782) (0.368681 0.11262 0.0956342) (0.333034 0.0715479 -0.0192464) (0.330091 0.0874405 0.0171694) (0.30209 0.0843086 0.0421765) (0.422669 0.159995 0.130567) (0.438683 0.165144 0.136324) (0.430624 0.157427 0.141848) (0.389471 0.137743 0.068038) (0.39699 0.147184 0.0886628) (0.379607 0.138811 0.104006) (0.338692 0.0934062 0.00143599) (0.338173 0.112925 0.0351438) (0.313528 0.1138 0.056819) (0.41693 0.159778 0.123403) (0.436792 0.170691 0.135863) (0.434902 0.17082 0.142858) (0.388028 0.144171 0.0723462) (0.398164 0.158818 0.0943624) (0.386362 0.158386 0.108206) (0.340336 0.110082 0.0157597) (0.342742 0.132911 0.0477833) (0.323005 0.138109 0.0662314)
66            (0.401052 0.144166 0.115561) (0.426702 0.154437 0.153317) (0.438847 0.149416 0.153214) (0.425087 0.129681 0.15793) (0.388306 0.12889 0.0905475) (0.392943 0.124952 0.106462) (0.369768 0.104054 0.122431) (0.337317 0.0742172 0.0126284) (0.330547 0.0828572 0.0479172) (0.295944 0.0740032 0.0706414) (0.430619 0.161049 0.150406) (0.445704 0.160999 0.156435) (0.437311 0.150548 0.161714) (0.395504 0.14184 0.0986495) (0.401052 0.144166 0.115561) (0.382416 0.13258 0.129535) (0.344783 0.0987557 0.0328409) (0.340042 0.110447 0.0645015) (0.310695 0.10642 0.0844633) (0.424909 0.164028 0.141607) (0.444236 0.168784 0.153317) (0.442122 0.165401 0.160154) (0.395253 0.150278 0.0997111) (0.403525 0.157874 0.118449) (0.390603 0.153774 0.131297) (0.347964 0.117358 0.0455777) (0.34617 0.131965 0.0743517) (0.322984 0.132884 0.0918331)
68            (0.39965 0.133187 0.137107) (0.432931 0.146746 0.169258) (0.441427 0.137195 0.169147) (0.425093 0.1157 0.175234) (0.38685 0.119323 0.115705) (0.389231 0.109786 0.128285) (0.364388 0.0889307 0.144451) (0.33222 0.0673163 0.0431084) (0.321563 0.0682845 0.0733803) (0.284512 0.0586286 0.0957382) (0.438862 0.157557 0.167071) (0.450528 0.151868 0.171407) (0.439164 0.138669 0.177229) (0.396777 0.137058 0.124255) (0.39965 0.133187 0.137107) (0.378946 0.120027 0.150763) (0.341995 0.0954401 0.0639841) (0.33353 0.0994 0.0898224) (0.301935 0.0937958 0.109236) (0.434205 0.164244 0.158242) (0.450761 0.162621 0.166862) (0.445641 0.155664 0.173627) (0.398944 0.149756 0.124699) (0.404439 0.150754 0.138641) (0.38912 0.143876 0.150795) (0.347556 0.117327 0.0755343) (0.342399 0.12468 0.0984028) (0.316846 0.123148 0.11512)
70            (0.395835 0.114516 0.151371) (0.437245 0.131776 0.178121) (0.441686 0.119904 0.178937) (0.422866 0.0986226 0.187111) (0.382268 0.0995237 0.128838) (0.382189 0.0871768 0.141213) (0.356673 0.0682855 0.15909) (0.323208 0.0486079 0.0629923) (0.310023 0.0457753 0.0904663) (0.273337 0.0373876 0.113426) (0.447333 0.145877 0.178071) (0.454219 0.137015 0.18153) (0.439341 0.123229 0.188259) (0.396403 0.121939 0.140145) (0.395835 0.114516 0.151371) (0.373342 0.101845 0.165548) (0.336055 0.0798711 0.0848539) (0.324948 0.0800851 0.107698) (0.292883 0.0749313 0.127152) (0.445516 0.155921 0.170001) (0.457342 0.150428 0.176928) (0.448136 0.142168 0.183745) (0.402439 0.139181 0.141797) (0.403938 0.136063 0.15334) (0.38591 0.128534 0.165199) (0.34521 0.105891 0.0967469) (0.33701 0.109241 0.116442) (0.310049 0.10729 0.132695)
72            (0.393143 0.0900788 0.16025) (0.441337 0.11125 0.182573) (0.442656 0.0987162 0.184969) (0.422056 0.0780306 0.196394) (0.378215 0.0727537 0.134129) (0.376154 0.0595399 0.147916) (0.350022 0.0431451 0.167884) (0.314553 0.021441 0.073057) (0.300353 0.0178017 0.0985873) (0.265442 0.0117051 0.121692) (0.457024 0.127971 0.185098) (0.459074 0.11776 0.188687) (0.441081 0.104133 0.197293) (0.39708 0.0992032 0.149185) (0.393143 0.0900788 0.16025) (0.36903 0.0787507 0.175661) (0.330953 0.0554939 0.0964972) (0.317942 0.0542875 0.117525) (0.286269 0.050792 0.137099) (0.459834 0.141357 0.178694) (0.465892 0.133798 0.184979) (0.452482 0.125226 0.192546) (0.407996 0.1211 0.153375) (0.404946 0.115624 0.163886) (0.384165 0.108547 0.176146) (0.344118 0.0858243 0.110088) (0.33301 0.087199 0.127983) (0.305143 0.0861893 0.144095)
74            (0.388465 0.0634569 0.161135) (0.442248 0.0889252 0.182154) (0.442358 0.0769897 0.186346) (0.420359 0.0562354 0.200789) (0.371252 0.0445382 0.130709) (0.368145 0.0313384 0.146147) (0.342976 0.0167453 0.168005) (0.305514 -0.0065064 0.0699272) (0.293004 -0.0102191 0.0938413) (0.262322 -0.014671 0.116286) (0.463594 0.107149 0.187518) (0.462499 0.0970723 0.191549) (0.442253 0.0836119 0.202213) (0.394608 0.0732147 0.149948) (0.388465 0.0634569 0.161135) (0.364078 0.053354 0.17789) (0.324442 0.0281489 0.0956058) (0.311485 0.0263324 0.115298) (0.282216 0.0243074 0.134658) (0.472118 0.12336 0.183439) (0.473436 0.115239 0.189369) (0.45671 0.106808 0.198065) (0.410972 0.0987901 0.157851) (0.40428 0.0920795 0.167559) (0.381899 0.0857712 0.18049) (0.34119 0.0612393 0.11234) (0.328535 0.061465 0.12894) (0.301304 0.0615899 0.144913)
76            (0.382659 0.0376031 0.152527) (0.43952 0.0672127 0.172397) (0.439688 0.0562626 0.180221) (0.417166 0.0345471 0.197823) (0.363799 0.0190552 0.115876) (0.360594 0.00586382 0.134606) (0.337593 -0.00820996 0.157323) (0.300177 -0.0301525 0.0524404) (0.289678 -0.0343056 0.0748087) (0.263479 -0.0381795 0.0947453) (0.465812 0.0855109 0.181148) (0.462955 0.0762321 0.187354) (0.44147 0.0624707 0.200526) (0.389687 0.0476583 0.139203) (0.382659 0.0376031 0.152527) (0.359214 0.027977 0.170337) (0.319722 0.00262579 0.0807276) (0.3077 6.95997e-05 0.0998944) (0.281253 -0.00127934 0.117923) (0.480292 0.10337 0.180259) (0.477932 0.0954928 0.187376) (0.458868 0.0871115 0.197729) (0.410415 0.0747808 0.151659) (0.401418 0.0674355 0.162491) (0.378603 0.0616094 0.176194) (0.337783 0.035986 0.101273) (0.324707 0.0353026 0.117891) (0.298648 0.0361345 0.133209)
78            (0.377162 0.0121002 0.136684) (0.436639 0.0474902 0.155194) (0.436979 0.0361542 0.167879) (0.412488 0.0108182 0.18877) (0.35935 -0.00333131 0.0945218) (0.354902 -0.0181465 0.116568) (0.33261 -0.0332317 0.13894) (0.301118 -0.0474919 0.0309844) (0.29257 -0.0533952 0.052142) (0.270258 -0.0575192 0.0692743) (0.465852 0.0641861 0.167371) (0.462002 0.0553794 0.176897) (0.438477 0.0396059 0.193118) (0.385112 0.0235776 0.120472) (0.377162 0.0121002 0.136684) (0.353826 0.00146864 0.155209) (0.316844 -0.0195979 0.0575932) (0.305306 -0.0241783 0.0758941) (0.281176 -0.0257944 0.0921375) (0.485359 0.0822805 0.170355) (0.480122 0.0748935 0.179334) (0.458417 0.0655909 0.191991) (0.408096 0.0505798 0.137239) (0.397242 0.0419614 0.149763) (0.373562 0.0354641 0.164362) (0.335005 0.0119196 0.0814356) (0.321184 0.00912469 0.0974795) (0.295784 0.00970599 0.111823)
80            (0.374103 -0.00667167 0.113502) (0.439242 0.0354669 0.131464) (0.438266 0.0201474 0.149476) (0.409424 -0.0111612 0.172448) (0.359932 -0.0162491 0.0675668) (0.354056 -0.0338386 0.0924202) (0.33304 -0.0504171 0.113589) (0.307583 -0.0520411 0.00723667) (0.299937 -0.0613718 0.0259242) (0.28041 -0.067434 0.0388848) (0.468 0.0484642 0.147103) (0.463166 0.0383405 0.16039) (0.435908 0.0182204 0.179332) (0.383405 0.00718151 0.0954822) (0.374103 -0.00667167 0.113502) (0.350269 -0.0191908 0.131121) (0.318461 -0.0300257 0.0307722) (0.307265 -0.0371129 0.046451) (0.285098 -0.0399754 0.0594704) (0.490041 0.0645837 0.154445) (0.482691 0.0571287 0.165443) (0.457176 0.0451361 0.180484) (0.405853 0.0316314 0.116226) (0.393462 0.0212036 0.129622) (0.36861 0.0131248 0.144118) (0.334022 -0.00347477 0.0563168) (0.319715 -0.00856015 0.0697814) (0.295413 -0.00884682 0.082099)
82            (0.373796 -0.0170374 0.0886163) (0.448951 0.0342109 0.104128) (0.443287 0.0101109 0.128406) (0.406698 -0.0297133 0.151535) (0.36534 -0.0184994 0.0415686) (0.357729 -0.0413206 0.0703436) (0.337494 -0.0621742 0.0902054) (0.31521 -0.0512382 -0.0162899) (0.308378 -0.0659601 0.00267639) (0.290771 -0.0761592 0.0124058) (0.473231 0.0412813 0.122523) (0.467331 0.027492 0.140519) (0.433991 0.000338944 0.161037) (0.38423 0.000400725 0.0682955) (0.373796 -0.0170374 0.0886163) (0.349644 -0.0334517 0.105195) (0.323232 -0.0316364 0.00539953) (0.313297 -0.0423469 0.0210752) (0.292628 -0.0488211 0.0315406) (0.494361 0.0530975 0.133888) (0.486673 0.0450618 0.147575) (0.455979 0.0280848 0.16459) (0.404582 0.0207048 0.0916139) (0.391857 0.00829222 0.106337) (0.365964 -0.00302798 0.120503) (0.334086 -0.0102282 0.0293637) (0.3203 -0.0178428 0.0417249) (0.296554 -0.0209783 0.0517575)
84            (0.379252 -0.0307469 0.0708731) (0.471776 0.0386129 0.0766406) (0.45151 -0.00282527 0.108009) (0.406033 -0.0517832 0.130342) (0.376425 -0.0228172 0.0241617) (0.3639 -0.0544865 0.0547392) (0.341871 -0.0800821 0.069585) (0.323565 -0.056692 -0.029076) (0.315465 -0.0773568 -0.0139479) (0.298049 -0.0908738 -0.00951972) (0.49094 0.0403278 0.0959362) (0.477173 0.0158998 0.120623) (0.433017 -0.0212754 0.141232) (0.393915 -0.00583841 0.0482645) (0.379252 -0.0307469 0.0708731) (0.353159 -0.0519094 0.0847665) (0.331902 -0.0376341 -0.00898465) (0.320655 -0.0536689 0.00377992) (0.299377 -0.0635012 0.00972959) (0.508542 0.0470889 0.109868) (0.496863 0.0335566 0.128878) (0.456849 0.0079979 0.14756) (0.412311 0.0118999 0.0708254) (0.396545 -0.00601648 0.0878377) (0.366756 -0.022669 0.100071) (0.340716 -0.0185978 0.0127874) (0.325604 -0.0304989 0.0226146) (0.300771 -0.0366228 0.0292944)
86            (0.37917 -0.0428852 0.0512796) (0.495003 0.0453563 0.0500865) (0.448237 -0.0185644 0.0859317) (0.398925 -0.0700238 0.104658) (0.381678 -0.0239364 0.00809366) (0.36371 -0.0642104 0.0364652) (0.341972 -0.0923447 0.0443613) (0.32768 -0.0573102 -0.0425642) (0.318559 -0.0826977 -0.032564) (0.302614 -0.0979917 -0.0340917) (0.511965 0.0440883 0.0693044) (0.477266 0.0011195 0.0987899) (0.423283 -0.0430825 0.116493) (0.400235 -0.00916413 0.029588) (0.37917 -0.0428852 0.0512796) (0.352752 -0.0667848 0.060017) (0.337611 -0.0396223 -0.0240536) (0.324939 -0.0609954 -0.0152124) (0.304151 -0.0733751 -0.0147478) (0.527132 0.0468764 0.084849) (0.500456 0.0196957 0.108424) (0.448138 -0.0149632 0.125954) (0.418975 0.00593301 0.0509889) (0.395779 -0.0207707 0.0672685) (0.363574 -0.0412893 0.0754142) (0.346469 -0.0232614 -0.00385545) (0.329975 -0.0402829 0.00338225) (0.304534 -0.0493693 0.00530341)
88            (0.378215 -0.0494344 0.037253) (0.517065 0.0532377 0.0291294) (0.44053 -0.029499 0.0681872) (0.390859 -0.077956 0.0844027) (0.385853 -0.0219645 -0.00145014) (0.362523 -0.0683359 0.0233546) (0.341352 -0.0958103 0.0258167) (0.331275 -0.055249 -0.0512045) (0.321627 -0.0829964 -0.0451849) (0.306087 -0.0971302 -0.0510044) (0.535193 0.0508817 0.0472945) (0.471307 -0.0107843 0.0803034) (0.412985 -0.0555833 0.0960292) (0.406527 -0.00922456 0.017748) (0.378215 -0.0494344 0.037253) (0.350825 -0.0732555 0.0412472) (0.341911 -0.0390825 -0.0341251) (0.327997 -0.0628251 -0.0287981) (0.306648 -0.0748399 -0.0325564) (0.549697 0.0511883 0.0627169) (0.498409 0.00776818 0.0905489) (0.434515 -0.03182 0.105864) (0.425855 0.00345251 0.0364168) (0.39286 -0.0308143 0.0511741) (0.359465 -0.051335 0.0557812) (0.351064 -0.024891 -0.0158999) (0.332614 -0.0449465 -0.0112287) (0.305932 -0.0544748 -0.0132918)
90            (0.381672 -0.0531408 0.0332788) (0.536513 0.0604344 0.0146702) (0.438473 -0.0341084 0.0600355) (0.390121 -0.0756303 0.077735) (0.396188 -0.0208557 -0.0036188) (0.366485 -0.0691609 0.0199526) (0.345047 -0.0924544 0.0209933) (0.338952 -0.0559715 -0.0508193) (0.328219 -0.0824518 -0.0468786) (0.312163 -0.0929535 -0.0535095) (0.557815 0.0581152 0.0317354) (0.469169 -0.0178065 0.071036) (0.409866 -0.0583783 0.0883719) (0.418449 -0.00978312 0.0138179) (0.381672 -0.0531408 0.0332788) (0.35297 -0.0736202 0.035805) (0.350151 -0.0411632 -0.0348907) (0.334109 -0.0641609 -0.0311626) (0.311357 -0.0728037 -0.0361595) (0.573539 0.0573945 0.0467233) (0.496449 -0.000985392 0.080447) (0.428142 -0.03975 0.0973097) (0.43806 0.00123571 0.0304816) (0.395314 -0.0375348 0.0463082) (0.359404 -0.0556363 0.0497839) (0.358981 -0.0284299 -0.0179767) (0.337766 -0.0485003 -0.0143767) (0.308629 -0.0554586 -0.0180604)
92            (0.384399 -0.04357 0.0363339) (0.553539 0.0789838 0.00850143) (0.441447 -0.0220157 0.0594096) (0.393638 -0.0575125 0.0824093) (0.403139 -0.00979603 -0.00228521) (0.369041 -0.0568803 0.0234703) (0.347911 -0.0759925 0.027245) (0.343057 -0.0474734 -0.046264) (0.332277 -0.0721886 -0.0407261) (0.316356 -0.0803228 -0.0451459) (0.576955 0.0761512 0.024043) (0.472217 -0.00816712 0.0692816) (0.412877 -0.0444973 0.0918312) (0.426855 -0.000353659 0.0137697) (0.384399 -0.04357 0.0363339) (0.35578 -0.0606013 0.0417109) (0.354789 -0.0341265 -0.0307441) (0.338272 -0.0557732 -0.0248691) (0.315572 -0.0624661 -0.0275277) (0.593629 0.0740738 0.0377854) (0.498784 0.00611695 0.0773519) (0.429587 -0.030398 0.0991226) (0.447062 0.00858259 0.0286444) (0.397502 -0.0311092 0.0482242) (0.361373 -0.0464334 0.0547242) (0.363269 -0.0231971 -0.0149343) (0.341234 -0.0422999 -0.00880807) (0.312 -0.0477475 -0.0101701)
94            (0.398509 -0.0284014 0.0519937) (0.582142 0.107495 0.00977063) (0.469281 0.00946521 0.0689871) (0.411982 -0.0295269 0.101541) (0.42682 0.00948892 0.00750006) (0.380507 -0.0408556 0.0397017) (0.356525 -0.0564796 0.0506945) (0.352297 -0.0398928 -0.0306274) (0.339984 -0.0626296 -0.0205753) (0.322932 -0.0685291 -0.0203366) (0.606411 0.103248 0.0235552) (0.501792 0.0216634 0.0770435) (0.434171 -0.0185317 0.109109) (0.45388 0.018504 0.0221753) (0.398509 -0.0284014 0.0519937) (0.36656 -0.0431081 0.0647024) (0.365959 -0.0270797 -0.0152302) (0.347526 -0.0472139 -0.00413236) (0.323943 -0.0522832 -0.00185054) (0.622408 0.0988393 0.0348197) (0.527504 0.0329662 0.0828198) (0.45208 -0.00695245 0.113861) (0.47528 0.0259859 0.0346842) (0.413134 -0.0173189 0.0624163) (0.373536 -0.0313283 0.0761602) (0.375414 -0.0169427 -0.000595179) (0.351295 -0.034922 0.0112926) (0.321601 -0.0392637 0.0150963)
96            (0.421216 -0.00410899 0.0715421) (0.614886 0.146553 0.0156643) (0.517727 0.0648394 0.0794282) (0.449833 0.0168924 0.123188) (0.460393 0.0417296 0.0197461) (0.397997 -0.0165523 0.0603972) (0.36892 -0.0308479 0.0818634) (0.362234 -0.0260719 -0.00834587) (0.347734 -0.0470826 0.00751781) (0.330063 -0.051244 0.0136673) (0.638146 0.139797 0.027862) (0.551172 0.0742271 0.0854324) (0.479242 0.0291873 0.128479) (0.491862 0.0505317 0.0333559) (0.421216 -0.00410899 0.0715421) (0.38379 -0.0190229 0.0945046) (0.379275 -0.0136115 0.00710447) (0.358175 -0.0327229 0.0240854) (0.33438 -0.0363458 0.0325134) (0.652023 0.132037 0.0364644) (0.573323 0.0802859 0.0885382) (0.501239 0.0402066 0.129991) (0.514628 0.056151 0.0432578) (0.441544 0.0075852 0.0801362) (0.395471 -0.00866865 0.103402) (0.392766 -0.00349905 0.0207277) (0.364412 -0.0216244 0.0384586) (0.334926 -0.0247416 0.0486616)
98            (0.472374 0.0464035 0.0918236) (0.650792 0.197792 0.0254415) (0.575856 0.141556 0.0877451) (0.5177 0.103492 0.141607) (0.512706 0.0967584 0.0320878) (0.43804 0.0304083 0.0824152) (0.395911 0.00738355 0.114686) (0.382132 0.00195862 0.0171765) (0.360855 -0.0211512 0.0404145) (0.341375 -0.0235988 0.0538136) (0.670578 0.186117 0.0359218) (0.603543 0.142336 0.0909538) (0.547178 0.110058 0.141536) (0.54541 0.10234 0.0436386) (0.472374 0.0464035 0.0918236) (0.422141 0.0218905 0.125421) (0.407366 0.0157673 0.0327261) (0.376738 -0.00754057 0.0563595) (0.350934 -0.0105114 0.0727002) (0.680174 0.172877 0.042066) (0.618964 0.139239 0.0915106) (0.564417 0.112282 0.138045) (0.56779 0.103233 0.0509156) (0.499151 0.0582982 0.0971814) (0.444054 0.0346621 0.131152) (0.427933 0.0261102 0.044712) (0.389078 0.00318549 0.0687385) (0.357443 -0.000366087 0.0870659)
100           (0.548463 0.134825 0.104524) (0.678658 0.261894 0.0397728) (0.621023 0.22878 0.0927493) (0.573732 0.206212 0.146222) (0.577661 0.177821 0.0409845) (0.512975 0.123495 0.100241) (0.465715 0.0970108 0.146837) (0.432897 0.0640905 0.0422859) (0.393593 0.0273706 0.0748631) (0.366808 0.02038 0.0999303) (0.691558 0.242688 0.0473291) (0.638902 0.217719 0.0944925) (0.592914 0.198169 0.142743) (0.60684 0.17543 0.0501294) (0.548463 0.134825 0.104524) (0.500209 0.111781 0.150431) (0.467671 0.0786492 0.0553578) (0.422935 0.0454552 0.0894182) (0.388788 0.0363104 0.116721) (0.693754 0.22184 0.0502118) (0.644634 0.203686 0.0934233) (0.599812 0.187015 0.136951) (0.624633 0.167901 0.0551417) (0.5711 0.138307 0.105454) (0.523208 0.119027 0.149024) (0.492745 0.0863968 0.0630358) (0.447595 0.0597858 0.0988739) (0.408653 0.050373 0.127626)
102           (0.594823 0.241788 0.10582) (0.671041 0.336537 0.0547547) (0.62108 0.320703 0.0952401) (0.577706 0.308117 0.13864) (0.619359 0.274586 0.0459016) (0.569183 0.244865 0.104093) (0.527556 0.227986 0.156502) (0.504567 0.172619 0.0554932) (0.45972 0.134431 0.108184) (0.424408 0.120591 0.151077) (0.675379 0.3087 0.0595186) (0.62822 0.297566 0.0955307) (0.585654 0.28523 0.13325) (0.641155 0.26188 0.0546234) (0.594823 0.241788 0.10582) (0.553736 0.22754 0.153156) (0.538809 0.179428 0.063942) (0.497089 0.153034 0.113898) (0.459677 0.140744 0.156441) (0.669323 0.279246 0.0593357) (0.624331 0.272088 0.0931697) (0.582617 0.260601 0.126642) (0.651526 0.243901 0.0584747) (0.607569 0.23118 0.105038) (0.567025 0.219316 0.147703) (0.561218 0.177299 0.0683482) (0.522472 0.160757 0.115423) (0.484601 0.150867 0.156008)
104           (0.606278 0.332382 0.0995822) (0.647233 0.407896 0.0645557) (0.599606 0.399662 0.0932871) (0.554227 0.39065 0.120059) (0.635513 0.362242 0.0493585) (0.591504 0.350251 0.0978552) (0.552299 0.342687 0.141765) (0.570443 0.284809 0.0472963) (0.532542 0.266273 0.106491) (0.497957 0.258962 0.156842) (0.643021 0.370679 0.066074) (0.598379 0.364224 0.0926838) (0.553617 0.353186 0.114913) (0.648929 0.339665 0.0573374) (0.606278 0.332382 0.0995822) (0.56657 0.324201 0.137173) (0.598075 0.27972 0.0567568) (0.562518 0.270199 0.108961) (0.527506 0.26404 0.154153) (0.627893 0.331555 0.0629499) (0.58563 0.326566 0.089782) (0.541528 0.314728 0.109754) (0.650798 0.311464 0.0596123) (0.608791 0.307699 0.0986383) (0.56875 0.29943 0.131621) (0.61341 0.26549 0.0614822) (0.578702 0.262351 0.108878) (0.54334 0.257183 0.149255)
106           (0.568542 0.405303 0.0972224) (0.590089 0.469403 0.074271) (0.542174 0.461909 0.092367) (0.493674 0.450046 0.100814) (0.610285 0.440433 0.0590557) (0.563103 0.434347 0.0952655) (0.520149 0.427614 0.124389) (0.587452 0.382337 0.0463434) (0.547376 0.37568 0.0992288) (0.511341 0.373868 0.143197) (0.577661 0.424825 0.0747697) (0.534673 0.41751 0.0925359) (0.487342 0.401897 0.0991263) (0.614081 0.409816 0.0655365) (0.568542 0.405303 0.0972224) (0.525104 0.395361 0.120797) (0.606007 0.3683 0.0568682) (0.566411 0.365927 0.102112) (0.529063 0.361791 0.139372) (0.554442 0.377978 0.0708611) (0.515714 0.371679 0.0902109) (0.469356 0.354783 0.0976914) (0.606597 0.373349 0.0662255) (0.562401 0.370185 0.0963116) (0.518718 0.358583 0.116982) (0.61248 0.344788 0.0617254) (0.572556 0.345335 0.10236) (0.534087 0.339664 0.134603)
108           (0.536435 0.453484 0.0982262) (0.548475 0.520133 0.0829955) (0.509741 0.506088 0.0945159) (0.461293 0.485284 0.0859475) (0.583535 0.504938 0.0685016) (0.538453 0.496047 0.0952234) (0.492836 0.482888 0.10757) (0.585702 0.461487 0.0517272) (0.543235 0.457066 0.0949171) (0.503852 0.452903 0.125719) (0.527064 0.463164 0.0834237) (0.4956 0.448306 0.0971174) (0.4494 0.423214 0.091949) (0.577822 0.463711 0.0733364) (0.536435 0.453484 0.0982262) (0.49125 0.435218 0.108138) (0.594944 0.437714 0.0615732) (0.553399 0.433031 0.0987626) (0.512777 0.423461 0.123742) (0.491745 0.40289 0.0782874) (0.465724 0.389408 0.0950892) (0.421401 0.364232 0.0958246) (0.55899 0.415691 0.0719962) (0.520443 0.405221 0.097477) (0.475851 0.384866 0.108183) (0.59124 0.403517 0.0648246) (0.5499 0.398551 0.0993964) (0.508399 0.385668 0.121392)
110           (0.495719 0.490937 0.107527) (0.501338 0.556021 0.0956289) (0.469649 0.541284 0.105065) (0.428659 0.515903 0.0861554) (0.545444 0.551956 0.080218) (0.502625 0.542059 0.102218) (0.459128 0.523717 0.102607) (0.564155 0.521526 0.0629733) (0.519082 0.517325 0.0985538) (0.477861 0.508672 0.117469) (0.47524 0.490165 0.0997006) (0.452599 0.476591 0.11076) (0.415822 0.449559 0.0991675) (0.532434 0.502328 0.086882) (0.495719 0.490937 0.107527) (0.454879 0.468279 0.108774) (0.564767 0.489351 0.0734381) (0.522481 0.482663 0.10412) (0.481775 0.4678 0.119335) (0.434344 0.419977 0.0960484) (0.419044 0.410087 0.108647) (0.385449 0.38597 0.105907) (0.506239 0.445246 0.0866228) (0.474632 0.434267 0.107454) (0.436195 0.411218 0.112412) (0.552721 0.446308 0.0766673) (0.512557 0.43821 0.105528) (0.472606 0.420326 0.120197)
112           (0.461451 0.521784 0.122947) (0.466333 0.590074 0.120441) (0.436605 0.572245 0.123234) (0.400151 0.54533 0.0958743) (0.514161 0.597145 0.0999408) (0.47156 0.583897 0.114869) (0.429592 0.561984 0.10461) (0.542131 0.57879 0.0789757) (0.494297 0.572037 0.106574) (0.451414 0.558792 0.113851) (0.436587 0.51189 0.125795) (0.41677 0.496506 0.131553) (0.386008 0.470736 0.115821) (0.496296 0.536516 0.107717) (0.461451 0.521784 0.122947) (0.423908 0.497222 0.117446) (0.53677 0.536304 0.0895876) (0.493563 0.525681 0.114368) (0.452976 0.506734 0.120972) (0.38851 0.428104 0.118637) (0.37746 0.418567 0.127115) (0.351423 0.398257 0.123285) (0.462872 0.466697 0.1066) (0.434876 0.453552 0.122743) (0.401496 0.430689 0.124016) (0.517359 0.48139 0.0926876) (0.47812 0.469229 0.116557) (0.440126 0.448521 0.125372)
114           (0.433386 0.543696 0.142375) (0.434795 0.616416 0.143792) (0.411141 0.595319 0.143005) (0.383718 0.565453 0.11244) (0.484325 0.632328 0.120283) (0.44594 0.615862 0.129887) (0.409802 0.589844 0.112754) (0.518248 0.624618 0.096885) (0.471315 0.615154 0.117286) (0.430536 0.596883 0.115041) (0.402297 0.527953 0.153931) (0.38843 0.50941 0.154743) (0.367391 0.482451 0.138918) (0.46329 0.562355 0.133207) (0.433386 0.543696 0.142375) (0.403021 0.516115 0.133353) (0.508741 0.572981 0.111736) (0.467826 0.557999 0.129412) (0.431127 0.534382 0.129527) (0.34882 0.432899 0.14603) (0.344292 0.421462 0.148031) (0.328038 0.40148 0.145158) (0.425173 0.481867 0.133466) (0.402994 0.46529 0.142498) (0.377397 0.440783 0.141963) (0.48465 0.507759 0.11666) (0.448966 0.490814 0.13328) (0.415997 0.466394 0.137688)
116           (0.408353 0.559841 0.163642) (0.408571 0.63699 0.171) (0.389277 0.61343 0.164823) (0.371351 0.582336 0.13446) (0.458817 0.66034 0.144156) (0.423708 0.640502 0.14796) (0.394184 0.611403 0.127723) (0.49635 0.661349 0.116934) (0.450334 0.648167 0.131047) (0.412771 0.625301 0.122714) (0.372343 0.538326 0.183663) (0.36321 0.518221 0.178556) (0.352289 0.492868 0.163623) (0.43424 0.581624 0.160458) (0.408353 0.559841 0.163642) (0.385767 0.531403 0.153312) (0.482982 0.601573 0.135251) (0.444151 0.582323 0.146894) (0.412293 0.555587 0.143253) (0.311017 0.431396 0.171616) (0.313123 0.420324 0.167813) (0.307883 0.403855 0.165684) (0.389635 0.490259 0.159624) (0.373162 0.471995 0.162266) (0.35641 0.448672 0.160838) (0.453485 0.526528 0.140813) (0.421432 0.5059 0.151057) (0.394607 0.480121 0.152721)
118           (0.386035 0.574516 0.185222) (0.387585 0.655172 0.197096) (0.368931 0.630005 0.184858) (0.35702 0.599796 0.154528) (0.437369 0.684571 0.168874) (0.403177 0.662435 0.165977) (0.378358 0.632525 0.143633) (0.476526 0.693088 0.138568) (0.430536 0.676984 0.145755) (0.395724 0.651572 0.133143) (0.348945 0.548157 0.21306) (0.341216 0.526656 0.201719) (0.336501 0.50371 0.185553) (0.410098 0.598774 0.188575) (0.386035 0.574516 0.185222) (0.368735 0.546648 0.172658) (0.460099 0.626683 0.16046) (0.422432 0.604034 0.165543) (0.394325 0.575932 0.15832) (0.280192 0.429467 0.197861) (0.287138 0.419248 0.189505) (0.289704 0.406343 0.185733) (0.358774 0.496899 0.186258) (0.347044 0.477769 0.183337) (0.33701 0.456309 0.179518) (0.424997 0.542519 0.166186) (0.396481 0.519301 0.170284) (0.37476 0.493399 0.168557)
120           (0.36781 0.589646 0.205118) (0.370586 0.675653 0.218961) (0.351291 0.647086 0.200972) (0.343361 0.616403 0.170518) (0.420069 0.709499 0.190617) (0.385783 0.684067 0.181633) (0.364236 0.652841 0.157517) (0.460177 0.723794 0.158354) (0.413783 0.704262 0.159267) (0.381026 0.676446 0.143189) (0.330957 0.561123 0.238937) (0.323024 0.536403 0.22261) (0.321942 0.513186 0.204665) (0.391281 0.617334 0.213753) (0.36781 0.589646 0.205118) (0.353858 0.56071 0.190165) (0.44179 0.651525 0.183793) (0.404661 0.625103 0.183281) (0.379129 0.59491 0.172743) (0.256593 0.430031 0.224344) (0.266331 0.419475 0.213062) (0.273714 0.40735 0.206552) (0.334174 0.504593 0.211644) (0.326057 0.484136 0.205061) (0.320595 0.462542 0.198348) (0.401657 0.558135 0.190207) (0.376299 0.53236 0.18974) (0.358322 0.505164 0.184572)
122           (0.351752 0.602274 0.22408) (0.356359 0.694742 0.237927) (0.336367 0.661083 0.21565) (0.332625 0.627281 0.185162) (0.405454 0.732082 0.209797) (0.371131 0.70196 0.196407) (0.353037 0.667238 0.171033) (0.44606 0.750753 0.176672) (0.39958 0.726686 0.172711) (0.369267 0.694813 0.153948) (0.315011 0.574257 0.261588) (0.306501 0.544284 0.242047) (0.308769 0.51795 0.222694) (0.374867 0.634997 0.23612) (0.351752 0.602274 0.22408) (0.340871 0.569876 0.207269) (0.425892 0.674032 0.205394) (0.389284 0.642621 0.200906) (0.366219 0.608459 0.187709) (0.236438 0.432728 0.249291) (0.247018 0.41934 0.236504) (0.257807 0.405031 0.227565) (0.312946 0.513058 0.235197) (0.307229 0.489509 0.226829) (0.30531 0.465297 0.217711) (0.381351 0.57283 0.212634) (0.358598 0.543318 0.209553) (0.343727 0.512852 0.201581)
124           (0.3373 0.611923 0.241242) (0.344963 0.711394 0.254937) (0.323113 0.671631 0.228827) (0.321639 0.634699 0.196649) (0.393162 0.751838 0.227048) (0.357919 0.716045 0.209868) (0.341839 0.677535 0.182236) (0.433597 0.774047 0.192828) (0.386592 0.744568 0.185071) (0.357795 0.708195 0.163388) (0.302182 0.585654 0.28166) (0.291797 0.549418 0.259438) (0.29551 0.519881 0.237446) (0.360971 0.650525 0.255881) (0.3373 0.611923 0.241242) (0.327994 0.57579 0.221688) (0.411842 0.693679 0.224267) (0.375292 0.656601 0.21697) (0.353638 0.618105 0.200723) (0.220494 0.435123 0.271853) (0.23004 0.4174 0.257789) (0.242333 0.400461 0.24577) (0.295136 0.520491 0.256415) (0.290421 0.49281 0.246878) (0.290591 0.465548 0.234819) (0.363505 0.585639 0.2325) (0.34262 0.551731 0.227838) (0.329858 0.517572 0.216811)
126           (0.327764 0.621048 0.258776) (0.337752 0.726079 0.2719) (0.31451 0.680876 0.242344) (0.314377 0.640633 0.207545) (0.384137 0.768417 0.244454) (0.348265 0.727565 0.22383) (0.333501 0.685432 0.193355) (0.42336 0.793034 0.209461) (0.37616 0.758667 0.198182) (0.348512 0.718197 0.173394) (0.295429 0.597809 0.301459) (0.283347 0.555802 0.276988) (0.287473 0.522187 0.251911) (0.35189 0.664989 0.275562) (0.327764 0.621048 0.258776) (0.319256 0.580772 0.23614) (0.401136 0.710729 0.243245) (0.364921 0.668529 0.233638) (0.344245 0.625667 0.214248) (0.212572 0.440559 0.294265) (0.220635 0.418293 0.279154) (0.233269 0.397631 0.263985) (0.283857 0.52867 0.277715) (0.279801 0.497109 0.267373) (0.281197 0.466133 0.25234) (0.350223 0.597276 0.252583) (0.331239 0.559479 0.246863) (0.32015 0.521361 0.232892)
128           (0.322692 0.630307 0.273038) (0.334306 0.739871 0.285728) (0.308338 0.689426 0.25284) (0.306943 0.64519 0.214281) (0.37911 0.783156 0.258249) (0.341656 0.73766 0.234538) (0.325916 0.691652 0.200441) (0.417059 0.809303 0.222442) (0.368984 0.770556 0.208142) (0.340547 0.726083 0.179827) (0.293518 0.610681 0.318606) (0.279094 0.563431 0.291467) (0.281514 0.525255 0.262468) (0.347863 0.678963 0.292282) (0.322692 0.630307 0.273038) (0.313027 0.585721 0.24666) (0.395319 0.726263 0.259013) (0.358952 0.679591 0.247038) (0.337533 0.632452 0.224095) (0.211979 0.449714 0.314676) (0.218058 0.423403 0.297878) (0.229266 0.398754 0.279045) (0.279865 0.538542 0.296582) (0.275839 0.503837 0.284883) (0.276747 0.469215 0.266489) (0.343492 0.608913 0.269901) (0.325958 0.568114 0.262836) (0.315036 0.526352 0.245694)
130           (0.320784 0.640338 0.285771) (0.332598 0.753101 0.297829) (0.304682 0.697927 0.261893) (0.302277 0.648536 0.219495) (0.375957 0.796498 0.270355) (0.33734 0.746814 0.243486) (0.320918 0.696075 0.205724) (0.412546 0.823399 0.233916) (0.363891 0.78068 0.216314) (0.335015 0.731633 0.184508) (0.294382 0.624626 0.334146) (0.278054 0.572719 0.304675) (0.278957 0.529047 0.27192) (0.346806 0.693038 0.30745) (0.320784 0.640338 0.285771) (0.310154 0.590724 0.255735) (0.392325 0.740911 0.273344) (0.35597 0.690484 0.258833) (0.334055 0.638581 0.232416) (0.215167 0.46209 0.333909) (0.219216 0.431893 0.315442) (0.228976 0.402385 0.293042) (0.280402 0.550685 0.314427) (0.275979 0.513146 0.301193) (0.276257 0.474225 0.279471) (0.341247 0.621428 0.286281) (0.324742 0.578233 0.27761) (0.313903 0.532467 0.25733)
132           (0.320618 0.648589 0.297482) (0.331923 0.764403 0.308878) (0.302381 0.704978 0.270284) (0.299166 0.650758 0.224031) (0.374169 0.807511 0.281041) (0.334585 0.754132 0.251416) (0.317513 0.698961 0.210077) (0.409637 0.834684 0.243758) (0.360483 0.788489 0.223267) (0.331099 0.735152 0.188139) (0.296346 0.6365 0.348633) (0.278434 0.580512 0.317091) (0.278095 0.532017 0.280659) (0.347399 0.704811 0.32141) (0.320618 0.648589 0.297482) (0.30909 0.59454 0.263869) (0.391361 0.752876 0.2863) (0.354943 0.699226 0.26944) (0.332452 0.643103 0.239643) (0.219627 0.47341 0.351946) (0.221918 0.439616 0.331766) (0.230573 0.405842 0.305904) (0.283249 0.561597 0.331256) (0.278213 0.521415 0.31635) (0.277825 0.478694 0.291316) (0.341969 0.632226 0.301614) (0.325968 0.586931 0.291232) (0.314936 0.53767 0.267822)
134           (0.321984 0.654749 0.308289) (0.332022 0.77338 0.319121) (0.301555 0.710095 0.278241) (0.297627 0.651216 0.228216) (0.373406 0.815945 0.290741) (0.333295 0.759205 0.25863) (0.315716 0.699808 0.213806) (0.407962 0.843105 0.252529) (0.358584 0.793716 0.229388) (0.328822 0.736316 0.191061) (0.299186 0.645994 0.362162) (0.280206 0.586505 0.328882) (0.278814 0.533574 0.289001) (0.349255 0.71398 0.334251) (0.321984 0.654749 0.308289) (0.309698 0.596657 0.271287) (0.39197 0.761974 0.298069) (0.355566 0.705565 0.279017) (0.332575 0.645617 0.246) (0.224807 0.482476 0.368087) (0.22574 0.445633 0.346352) (0.23358 0.408108 0.317328) (0.287632 0.570269 0.346488) (0.281949 0.527788 0.329917) (0.281002 0.481699 0.30177) (0.344766 0.640599 0.31551) (0.328962 0.593501 0.303402) (0.317702 0.541151 0.277007)
136           (0.326395 0.656445 0.317802) (0.334042 0.777044 0.32807) (0.302897 0.710406 0.285409) (0.298012 0.64706 0.231586) (0.375112 0.818782 0.298763) (0.334708 0.759068 0.264754) (0.316347 0.695649 0.216525) (0.40918 0.845505 0.259373) (0.359766 0.793202 0.234226) (0.329376 0.731955 0.192859) (0.304011 0.650775 0.374418) (0.284581 0.588617 0.339702) (0.282252 0.53178 0.2964) (0.353758 0.718061 0.345474) (0.326395 0.656445 0.317802) (0.313337 0.594777 0.277488) (0.395783 0.765516 0.307936) (0.359595 0.706793 0.287076) (0.335995 0.643429 0.25096) (0.231684 0.486935 0.381946) (0.232214 0.447869 0.3588) (0.239852 0.407271 0.326723) (0.294643 0.574307 0.359449) (0.288922 0.530032 0.341359) (0.287732 0.481109 0.310172) (0.35102 0.644005 0.327081) (0.335659 0.595404 0.313448) (0.324234 0.540387 0.284143)
138           (0.328132 0.650965 0.327807) (0.331297 0.771467 0.338295) (0.300029 0.700955 0.293731) (0.295377 0.632099 0.236553) (0.373952 0.812902 0.307678) (0.333826 0.749768 0.271701) (0.315514 0.681419 0.220411) (0.408977 0.839473 0.266881) (0.360046 0.783815 0.23962) (0.329561 0.71794 0.195478) (0.303492 0.648289 0.387751) (0.283913 0.583267 0.351204) (0.281478 0.521884 0.304839) (0.355269 0.715179 0.357599) (0.328132 0.650965 0.327807) (0.314877 0.585147 0.28446) (0.398333 0.762235 0.318582) (0.36262 0.700978 0.295416) (0.338736 0.633684 0.256384) (0.233167 0.486539 0.395828) (0.233894 0.445244 0.37067) (0.241992 0.401298 0.335595) (0.29885 0.573656 0.372593) (0.293477 0.527332 0.352294) (0.292426 0.475216 0.318076) (0.356472 0.642726 0.338876) (0.341677 0.592276 0.322957) (0.33019 0.534204 0.290701)
140           (0.332184 0.635975 0.344675) (0.337732 0.760005 0.357354) (0.307252 0.681497 0.314827) (0.306836 0.603032 0.259569) (0.379612 0.801369 0.324589) (0.340776 0.731208 0.289655) (0.325834 0.653826 0.239343) (0.413678 0.827598 0.281275) (0.366473 0.765604 0.25434) (0.338735 0.691294 0.21062) (0.306123 0.638749 0.404774) (0.285899 0.56754 0.369398) (0.285206 0.498879 0.324309) (0.359249 0.706071 0.374202) (0.332184 0.635975 0.344675) (0.320492 0.563101 0.301832) (0.402731 0.753254 0.33399) (0.367733 0.686494 0.3103) (0.345223 0.612373 0.271179) (0.234045 0.48173 0.40667) (0.234148 0.434877 0.380228) (0.24359 0.385082 0.344486) (0.30277 0.569603 0.38605) (0.296957 0.51746 0.364173) (0.296881 0.459332 0.328944) (0.362063 0.638762 0.352823) (0.347214 0.582707 0.335074) (0.336436 0.518673 0.30157)
142           (0.345238 0.636008 0.356247) (0.344719 0.750807 0.368345) (0.315774 0.682798 0.328842) (0.308736 0.614119 0.271606) (0.384169 0.78616 0.332665) (0.3466 0.725216 0.29971) (0.326562 0.657373 0.24812) (0.416756 0.808405 0.286993) (0.37037 0.754139 0.261119) (0.338444 0.688619 0.216502) (0.319689 0.637553 0.419011) (0.303164 0.573525 0.384541) (0.300775 0.512596 0.337113) (0.369324 0.699201 0.385713) (0.345238 0.636008 0.356247) (0.332075 0.570882 0.311365) (0.41028 0.741985 0.342959) (0.377462 0.681445 0.31884) (0.353499 0.61476 0.277883) (0.248697 0.477648 0.415525) (0.253501 0.435141 0.387901) (0.2655 0.391177 0.350681) (0.315801 0.564069 0.395469) (0.313682 0.515992 0.371799) (0.315306 0.46341 0.334409) (0.373335 0.631302 0.361591) (0.361215 0.579025 0.341939) (0.351368 0.520306 0.30603)
144           (0.359098 0.635952 0.364582) (0.355915 0.743043 0.380168) (0.324549 0.682514 0.338746) (0.311518 0.615092 0.281077) (0.394608 0.774532 0.341997) (0.355594 0.720994 0.307415) (0.330737 0.656162 0.25638) (0.426435 0.794321 0.293495) (0.379227 0.746854 0.26622) (0.343334 0.685216 0.222879) (0.336238 0.635191 0.430013) (0.318425 0.577955 0.394475) (0.311674 0.519085 0.34602) (0.383988 0.692299 0.395374) (0.359098 0.635952 0.364582) (0.342418 0.574234 0.31919) (0.423145 0.731883 0.350975) (0.389943 0.67781 0.325354) (0.363132 0.615311 0.284368) (0.270447 0.479886 0.423459) (0.275771 0.443732 0.399146) (0.285592 0.402687 0.361677) (0.334683 0.561814 0.402193) (0.33287 0.519871 0.380121) (0.332566 0.471048 0.342403) (0.389807 0.625754 0.367875) (0.377875 0.57911 0.34855) (0.366279 0.524582 0.312259)
146           (0.367753 0.634063 0.373318) (0.36027 0.734145 0.38966) (0.32856 0.677836 0.347744) (0.316103 0.609255 0.291706) (0.399724 0.761954 0.34912) (0.360766 0.713014 0.314099) (0.336452 0.648295 0.265181) (0.432254 0.778891 0.29794) (0.385173 0.735771 0.270213) (0.349724 0.674897 0.22931) (0.344288 0.634193 0.441078) (0.326599 0.580179 0.404774) (0.319576 0.520482 0.356449) (0.392339 0.686678 0.405149) (0.367753 0.634063 0.373318) (0.350905 0.572736 0.328374) (0.431573 0.72242 0.358827) (0.398736 0.67217 0.33199) (0.371813 0.610822 0.291712) (0.286191 0.487971 0.438873) (0.292112 0.453414 0.413963) (0.300699 0.411359 0.375324) (0.349775 0.565309 0.415199) (0.348391 0.525169 0.392278) (0.346917 0.476196 0.353898) (0.404009 0.62482 0.378701) (0.392381 0.580199 0.358257) (0.379697 0.526193 0.321609)
148           (0.374783 0.620948 0.380758) (0.366096 0.717626 0.397982) (0.333512 0.664342 0.35706) (0.320686 0.596553 0.302335) (0.405453 0.742259 0.355015) (0.365689 0.696533 0.320753) (0.340894 0.633176 0.273168) (0.438037 0.756732 0.30115) (0.389992 0.716606 0.274017) (0.353845 0.657301 0.2345) (0.352237 0.62252 0.449882) (0.333383 0.569565 0.41341) (0.325446 0.510329 0.364728) (0.400366 0.671926 0.413011) (0.374783 0.620948 0.380758) (0.356987 0.560769 0.335479) (0.43935 0.7049 0.364952) (0.40555 0.656608 0.337548) (0.377607 0.596865 0.297006) (0.297442 0.48191 0.447317) (0.301522 0.446477 0.42032) (0.308699 0.403877 0.380206) (0.362203 0.557303 0.424449) (0.358782 0.51637 0.39953) (0.355601 0.46732 0.359632) (0.416365 0.614408 0.387265) (0.402745 0.569388 0.365027) (0.388273 0.515825 0.326974)
150           (0.381368 0.602519 0.383819) (0.369274 0.693046 0.401403) (0.336438 0.645735 0.362812) (0.321713 0.582594 0.309142) (0.409054 0.713581 0.356119) (0.368659 0.673707 0.323715) (0.342044 0.615326 0.277346) (0.44228 0.725174 0.300034) (0.393029 0.690322 0.274353) (0.354963 0.635894 0.236205) (0.359629 0.60433 0.453375) (0.34075 0.555514 0.4178) (0.331621 0.499979 0.368754) (0.407405 0.649308 0.415828) (0.381368 0.602519 0.383819) (0.362245 0.546563 0.338086) (0.44589 0.678863 0.366384) (0.411272 0.634572 0.338897) (0.381891 0.579225 0.297963) (0.308564 0.469166 0.449017) (0.3127 0.435545 0.421817) (0.319459 0.395148 0.380775) (0.373793 0.54201 0.427871) (0.369516 0.502434 0.401932) (0.365296 0.455796 0.360643) (0.427489 0.596454 0.390893) (0.412524 0.552644 0.367304) (0.396628 0.501659 0.327715)
152           (0.386903 0.578793 0.385884) (0.372589 0.662611 0.404279) (0.339591 0.621706 0.367888) (0.323188 0.563291 0.316835) (0.412405 0.679542 0.356461) (0.371919 0.645618 0.325963) (0.343968 0.592383 0.282406) (0.446431 0.688759 0.297795) (0.396696 0.658994 0.273835) (0.357219 0.60965 0.238699) (0.365715 0.580274 0.455353) (0.346833 0.5362 0.421039) (0.336618 0.484612 0.372907) (0.412983 0.621072 0.417476) (0.386903 0.578793 0.385884) (0.366803 0.52733 0.340948) (0.451295 0.647528 0.366767) (0.416406 0.607313 0.339252) (0.385963 0.556626 0.299186) (0.319114 0.45201 0.449454) (0.323353 0.42092 0.423087) (0.32945 0.38323 0.382036) (0.384155 0.522178 0.429986) (0.379301 0.484307 0.403693) (0.374055 0.44048 0.361936) (0.437357 0.573974 0.393269) (0.421395 0.531429 0.368704) (0.404167 0.483317 0.328511)
154           (0.394191 0.55092 0.382873) (0.379046 0.626544 0.400836) (0.346623 0.594069 0.368298) (0.329253 0.543417 0.322149) (0.417918 0.638883 0.350012) (0.377661 0.612351 0.322673) (0.349085 0.566806 0.284105) (0.452342 0.645441 0.288742) (0.402126 0.621436 0.267481) (0.361885 0.579153 0.237409) (0.374677 0.552042 0.452072) (0.356288 0.513982 0.419659) (0.345406 0.468238 0.373929) (0.420056 0.587959 0.413884) (0.394191 0.55092 0.382873) (0.373604 0.505495 0.340057) (0.457552 0.611089 0.361637) (0.422401 0.575037 0.334131) (0.391344 0.53012 0.296187) (0.33349 0.432717 0.447057) (0.337886 0.404714 0.421201) (0.343212 0.37072 0.380773) (0.396799 0.499635 0.429087) (0.39127 0.46355 0.40191) (0.384978 0.423236 0.36022) (0.448587 0.548299 0.392194) (0.431354 0.506687 0.366099) (0.41279 0.46189 0.325789)
156           (0.395574 0.514311 0.372222) (0.376811 0.578116 0.39035) (0.34192 0.556263 0.357748) (0.319567 0.515682 0.31273) (0.417766 0.587167 0.337819) (0.374345 0.569928 0.310003) (0.341319 0.534571 0.27322) (0.454661 0.592148 0.274291) (0.400463 0.575542 0.252778) (0.355788 0.542878 0.225329) (0.378812 0.512577 0.44356) (0.358215 0.48351 0.410033) (0.343384 0.446312 0.363986) (0.423979 0.543289 0.405207) (0.395574 0.514311 0.372222) (0.371243 0.477827 0.329165) (0.461909 0.563354 0.35121) (0.423656 0.533924 0.321721) (0.388706 0.497631 0.284054) (0.346185 0.401752 0.441183) (0.348066 0.380303 0.414515) (0.349414 0.353286 0.373316) (0.40832 0.464447 0.423843) (0.399643 0.433432 0.394428) (0.389252 0.400036 0.351542) (0.458979 0.509921 0.38636) (0.438127 0.472077 0.357531) (0.415259 0.433788 0.315991)
158           (0.402853 0.465791 0.358984) (0.385761 0.525958 0.37567) (0.349168 0.509874 0.348446) (0.326533 0.475697 0.310234) (0.42831 0.53121 0.321179) (0.382209 0.518013 0.297854) (0.34818 0.488527 0.267928) (0.467176 0.534072 0.255424) (0.409708 0.519379 0.238218) (0.363148 0.491629 0.217985) (0.387691 0.466106 0.425786) (0.36467 0.440254 0.396338) (0.347831 0.407822 0.354258) (0.434341 0.492683 0.390304) (0.402853 0.465791 0.358984) (0.376007 0.433944 0.319245) (0.473498 0.510042 0.336259) (0.431707 0.481238 0.307566) (0.393714 0.449004 0.273253) (0.361735 0.37152 0.425363) (0.359656 0.348053 0.400849) (0.35685 0.321946 0.360825) (0.425488 0.429139 0.412421) (0.41194 0.395291 0.382861) (0.396822 0.362882 0.340398) (0.476395 0.469992 0.37625) (0.45036 0.428787 0.34615) (0.422457 0.39148 0.304949)
160           (0.409418 0.416495 0.336869) (0.390185 0.467774 0.356137) (0.348399 0.461551 0.328085) (0.31884 0.439382 0.291259) (0.436973 0.470619 0.299836) (0.383135 0.464092 0.275312) (0.340934 0.445438 0.247336) (0.477852 0.471267 0.23117) (0.412052 0.460642 0.213807) (0.356708 0.442562 0.196678) (0.398248 0.413484 0.407133) (0.371664 0.397634 0.374876) (0.349484 0.375713 0.332825) (0.446845 0.436305 0.372486) (0.409418 0.416495 0.336869) (0.375595 0.394107 0.296728) (0.487178 0.451694 0.316053) (0.438084 0.426985 0.28349) (0.391992 0.402815 0.249415) (0.381277 0.328561 0.410104) (0.375692 0.311664 0.381366) (0.367973 0.293587 0.340257) (0.446018 0.382976 0.399327) (0.426551 0.352986 0.364043) (0.404549 0.327328 0.31943) (0.49679 0.421207 0.36212) (0.463515 0.381666 0.326184) (0.427384 0.34985 0.282837)
162           (0.425713 0.365455 0.313425) (0.410148 0.41548 0.332437) (0.359977 0.415153 0.307337) (0.321616 0.401351 0.2747) (0.460894 0.416648 0.275607) (0.398181 0.413192 0.254239) (0.346385 0.401672 0.231675) (0.501699 0.41433 0.204659) (0.428862 0.404877 0.191767) (0.364281 0.393058 0.1817) (0.419378 0.359415 0.381095) (0.38527 0.351533 0.350061) (0.354566 0.33855 0.310532) (0.471456 0.380556 0.349172) (0.425713 0.365455 0.313425) (0.382387 0.350517 0.275897) (0.511991 0.394772 0.291229) (0.455192 0.371778 0.259325) (0.399579 0.353503 0.229077) (0.409728 0.284502 0.386637) (0.395968 0.272623 0.358837) (0.378562 0.261608 0.318675) (0.476037 0.334731 0.379788) (0.447937 0.30737 0.342901) (0.415572 0.287597 0.298557) (0.525835 0.370435 0.342165) (0.484235 0.331181 0.304394) (0.437706 0.303832 0.261944)
164           (0.45091 0.317461 0.287725) (0.440552 0.369254 0.304005) (0.380973 0.371308 0.28401) (0.33315 0.363336 0.256518) (0.493825 0.367763 0.246492) (0.422347 0.364251 0.230306) (0.360552 0.357205 0.213847) (0.530973 0.360848 0.174302) (0.452841 0.350034 0.167305) (0.379745 0.342079 0.164699) (0.449723 0.311155 0.354062) (0.407671 0.308749 0.324263) (0.367783 0.302044 0.287674) (0.505092 0.330387 0.322599) (0.45091 0.317461 0.287725) (0.397429 0.307221 0.253506) (0.542943 0.341923 0.262112) (0.479533 0.31857 0.232298) (0.414696 0.303776 0.206794) (0.446432 0.245754 0.36563) (0.42475 0.236894 0.336527) (0.396917 0.230306 0.297146) (0.514369 0.290768 0.359374) (0.478014 0.264614 0.320433) (0.434537 0.248438 0.27675) (0.561188 0.322469 0.318768) (0.512158 0.282533 0.279688) (0.45514 0.257803 0.239104)
166           (0.479772 0.278899 0.25866) (0.476932 0.333058 0.273312) (0.40548 0.335484 0.258559) (0.345587 0.330399 0.236519) (0.530435 0.328599 0.212877) (0.449738 0.323013 0.203018) (0.376176 0.317673 0.193669) (0.561117 0.317218 0.138892) (0.478797 0.302166 0.139104) (0.396744 0.295667 0.145282) (0.487626 0.273076 0.327657) (0.434542 0.275311 0.297688) (0.383024 0.272623 0.26351) (0.543946 0.290666 0.292086) (0.479772 0.278899 0.25866) (0.414449 0.271019 0.228542) (0.575361 0.299075 0.226592) (0.505774 0.273947 0.20044) (0.431394 0.260596 0.18139) (0.490628 0.211379 0.347537) (0.458192 0.207761 0.313994) (0.417837 0.205332 0.273952) (0.55845 0.25302 0.337161) (0.51181 0.229578 0.294923) (0.455576 0.216294 0.251935) (0.598755 0.281602 0.289736) (0.541687 0.241639 0.249533) (0.473708 0.218706 0.212145)
168           (0.509032 0.245093 0.229873) (0.514146 0.304672 0.242369) (0.433962 0.304541 0.235291) (0.364898 0.300186 0.220392) (0.565511 0.296916 0.179249) (0.480334 0.286905 0.17806) (0.39894 0.281359 0.177864) (0.587954 0.28227 0.104492) (0.506115 0.259833 0.113475) (0.419937 0.252668 0.130438) (0.526125 0.243737 0.298438) (0.462905 0.246743 0.27172) (0.401519 0.245665 0.241989) (0.580329 0.258192 0.257917) (0.509032 0.245093 0.229873) (0.43503 0.237786 0.206767) (0.602824 0.262977 0.18831) (0.530943 0.23386 0.169198) (0.451332 0.220363 0.159943) (0.534779 0.182931 0.32672) (0.490538 0.182331 0.291079) (0.438276 0.182413 0.252079) (0.599911 0.220589 0.310186) (0.543484 0.198377 0.26789) (0.476461 0.186778 0.228531) (0.630391 0.245247 0.255607) (0.567352 0.204054 0.217592) (0.491862 0.18195 0.187186)
170           (0.538457 0.218588 0.205696) (0.548043 0.283554 0.2169) (0.464949 0.279404 0.217206) (0.389894 0.274565 0.209498) (0.596444 0.273045 0.151759) (0.512648 0.257735 0.158864) (0.427746 0.250733 0.167568) (0.610501 0.256271 0.0766071) (0.532387 0.225456 0.0938279) (0.446937 0.215905 0.120753) (0.561132 0.224924 0.272003) (0.492267 0.22551 0.249864) (0.423979 0.223772 0.225764) (0.611622 0.234886 0.227175) (0.538457 0.218588 0.205696) (0.459974 0.210146 0.190727) (0.625017 0.236081 0.154607) (0.554642 0.201489 0.143246) (0.474528 0.186146 0.144522) (0.574733 0.16513 0.306625) (0.521873 0.164721 0.270886) (0.460372 0.164826 0.23505) (0.635071 0.19737 0.283165) (0.573073 0.174571 0.243205) (0.499243 0.162818 0.20999) (0.654604 0.21739 0.222229) (0.589573 0.173726 0.188627) (0.51131 0.150847 0.167618)
172           (0.56248 0.199771 0.185501) (0.575611 0.269419 0.19903) (0.492424 0.260421 0.204174) (0.414655 0.253727 0.203794) (0.620215 0.257247 0.13136) (0.540261 0.235554 0.14355) (0.455647 0.225326 0.160958) (0.625404 0.239122 0.0557982) (0.550913 0.197967 0.0773901) (0.469478 0.183446 0.11307) (0.587528 0.214291 0.249603) (0.516445 0.211388 0.232856) (0.444997 0.20766 0.215489) (0.634302 0.220258 0.200556) (0.56248 0.199771 0.185501) (0.483574 0.188592 0.179727) (0.639108 0.218782 0.125856) (0.571464 0.176942 0.120811) (0.494369 0.157471 0.132844) (0.603542 0.154948 0.28739) (0.54549 0.154116 0.253836) (0.479125 0.153146 0.222922) (0.659197 0.182076 0.257275) (0.595133 0.158188 0.221259) (0.51915 0.14492 0.196081) (0.668762 0.19856 0.191185) (0.604054 0.151231 0.162439) (0.527146 0.125504 0.152135)
174           (0.580167 0.185892 0.169468) (0.596816 0.260751 0.187231) (0.514861 0.246221 0.195761) (0.436343 0.236261 0.202201) (0.637337 0.246791 0.116734) (0.560765 0.217918 0.132199) (0.478199 0.20289 0.157476) (0.633965 0.226893 0.0402152) (0.559357 0.174197 0.0642196) (0.481394 0.152139 0.107173) (0.606288 0.209548 0.231506) (0.535228 0.202073 0.220381) (0.462973 0.195048 0.210337) (0.649924 0.211681 0.178483) (0.580167 0.185892 0.169468) (0.502934 0.170395 0.173072) (0.646957 0.207416 0.101902) (0.57967 0.156827 0.102225) (0.505803 0.130997 0.124331) (0.622204 0.150492 0.269274) (0.561941 0.148158 0.239728) (0.493875 0.144919 0.215425) (0.674264 0.172718 0.233309) (0.610016 0.146687 0.202429) (0.534719 0.130361 0.186614) (0.67529 0.18599 0.162989) (0.61026 0.133505 0.139663) (0.53581 0.102814 0.140555)
176           (0.592038 0.176558 0.156603) (0.61193 0.255332 0.17922) (0.531513 0.236591 0.190146) (0.45422 0.223618 0.202073) (0.649241 0.240019 0.106495) (0.574666 0.205436 0.12378) (0.49519 0.185603 0.155233) (0.638594 0.218439 0.0295421) (0.560247 0.15625 0.0546459) (0.483202 0.125926 0.102635) (0.618237 0.207779 0.216213) (0.548445 0.196295 0.210775) (0.477515 0.186164 0.207576) (0.660055 0.206974 0.16002) (0.592038 0.176558 0.156603) (0.51777 0.15673 0.168563) (0.650903 0.20011 0.0825222) (0.581107 0.142028 0.0875677) (0.508737 0.109365 0.117776) (0.631703 0.149642 0.251964) (0.571567 0.145377 0.22765) (0.504545 0.139648 0.210336) (0.682147 0.168051 0.211541) (0.61865 0.139655 0.186344) (0.54599 0.119944 0.179621) (0.676869 0.178621 0.138313) (0.609966 0.1212 0.120559) (0.537185 0.0850152 0.131318)
178           (0.599057 0.170442 0.146693) (0.621358 0.252695 0.173184) (0.542586 0.230421 0.186541) (0.466917 0.214437 0.203275) (0.657393 0.235856 0.0983082) (0.58358 0.196698 0.118153) (0.50636 0.172714 0.154897) (0.641558 0.211824 0.0212543) (0.557879 0.142464 0.0492512) (0.477662 0.106226 0.101034) (0.624301 0.208271 0.202607) (0.556174 0.193229 0.203168) (0.48704 0.180065 0.2063) (0.666179 0.204636 0.143859) (0.599057 0.170442 0.146693) (0.5272 0.14695 0.166033) (0.652841 0.194572 0.0662075) (0.578742 0.130699 0.0775237) (0.504274 0.0935707 0.114204) (0.633817 0.151389 0.235133) (0.575078 0.144987 0.217007) (0.510113 0.136644 0.206627) (0.684958 0.166095 0.191504) (0.622225 0.135582 0.172904) (0.552184 0.112877 0.174662) (0.675689 0.173424 0.116663) (0.605571 0.112052 0.10603) (0.531551 0.0723185 0.125194)
180           (0.603445 0.167768 0.13982) (0.626417 0.253031 0.168683) (0.549884 0.227733 0.184662) (0.476912 0.208986 0.205446) (0.662834 0.234773 0.0920143) (0.58983 0.192081 0.1151) (0.514927 0.165141 0.155906) (0.643718 0.207811 0.015425) (0.554235 0.132809 0.0482318) (0.468486 0.0918325 0.102097) (0.626109 0.210882 0.190943) (0.56015 0.192773 0.197465) (0.493755 0.176908 0.206143) (0.669693 0.204773 0.130437) (0.603445 0.167768 0.13982) (0.534075 0.141756 0.165148) (0.653992 0.191162 0.0535444) (0.575065 0.123086 0.0723656) (0.49653 0.0827141 0.11347) (0.631067 0.155052 0.219099) (0.574467 0.146546 0.207834) (0.512583 0.135835 0.203881) (0.684879 0.166378 0.173743) (0.62304 0.134373 0.162481) (0.555878 0.109712 0.171533) (0.673614 0.170006 0.0989153) (0.599775 0.106057 0.0967353) (0.523016 0.0641446 0.122317)
182           (0.605551 0.167482 0.134637) (0.627663 0.255324 0.165327) (0.553459 0.227407 0.183794) (0.483578 0.206287 0.207647) (0.666009 0.235907 0.0873027) (0.593899 0.190374 0.113754) (0.521002 0.161578 0.157323) (0.645702 0.206336 0.0114394) (0.551478 0.127704 0.0498219) (0.462165 0.0837632 0.104894) (0.62438 0.214707 0.180691) (0.56053 0.19401 0.192668) (0.49717 0.175861 0.205838) (0.671049 0.206595 0.11909) (0.605551 0.167482 0.134637) (0.5384 0.139877 0.164431) (0.654756 0.189861 0.0434992) (0.571765 0.119283 0.0697883) (0.491022 0.0766142 0.113833) (0.624394 0.159801 0.203169) (0.570126 0.149288 0.19891) (0.511744 0.136515 0.200579) (0.682343 0.168132 0.157087) (0.621437 0.135063 0.153341) (0.557143 0.10918 0.168303) (0.670877 0.1682 0.0834227) (0.594032 0.103053 0.0898876) (0.51655 0.0595347 0.120169)
184           (0.607664 0.168386 0.130122) (0.627073 0.258908 0.16178) (0.555804 0.228359 0.183036) (0.489492 0.204809 0.209239) (0.668464 0.238889 0.0825904) (0.598096 0.190582 0.112618) (0.52773 0.159775 0.158027) (0.648924 0.207992 0.00670963) (0.551639 0.12651 0.0504966) (0.465852 0.0824642 0.107) (0.620771 0.218874 0.171088) (0.559535 0.195676 0.188186) (0.49961 0.175296 0.205011) (0.671661 0.209453 0.108982) (0.607664 0.168386 0.130122) (0.543169 0.139148 0.16319) (0.656661 0.190665 0.0344638) (0.571301 0.118666 0.0673732) (0.493707 0.0758902 0.113868) (0.615451 0.16461 0.187419) (0.564134 0.151858 0.190103) (0.509688 0.137056 0.196637) (0.678929 0.170505 0.141414) (0.619738 0.136314 0.144937) (0.558757 0.10926 0.164623) (0.669331 0.167519 0.0693554) (0.591019 0.102155 0.0839406) (0.517042 0.0589688 0.118079)
186           (0.606759 0.16761 0.125048) (0.623004 0.260064 0.157403) (0.554521 0.226943 0.181617) (0.491638 0.200769 0.20991) (0.668039 0.239681 0.0773666) (0.599327 0.18902 0.110513) (0.531319 0.155739 0.157304) (0.64974 0.207169 0.00197428) (0.550346 0.123492 0.0492888) (0.468917 0.0794793 0.106212) (0.613717 0.220874 0.161589) (0.554954 0.195267 0.183441) (0.498371 0.17254 0.203484) (0.669451 0.210386 0.0990828) (0.606759 0.16761 0.125048) (0.544736 0.13646 0.16071) (0.656358 0.189231 0.0257573) (0.569193 0.116119 0.0637282) (0.495233 0.0737683 0.111662) (0.603118 0.16797 0.171861) (0.554731 0.152744 0.181229) (0.504177 0.135725 0.192182) (0.67291 0.171538 0.125801) (0.615229 0.13609 0.1362) (0.55733 0.107632 0.159902) (0.666114 0.165136 0.0554172) (0.586665 0.0993823 0.0771915) (0.516356 0.0572218 0.114256)
188           (0.607682 0.160966 0.11797) (0.619388 0.256033 0.149759) (0.554919 0.219688 0.177489) (0.496207 0.190332 0.208452) (0.667985 0.235608 0.0692442) (0.601814 0.181714 0.105428) (0.536056 0.144428 0.153417) (0.649531 0.200762 -0.0044809) (0.546583 0.112379 0.0458476) (0.466782 0.0659878 0.10184) (0.607115 0.217543 0.150606) (0.551957 0.188868 0.176992) (0.499507 0.163409 0.200459) (0.668037 0.206359 0.0877664) (0.607682 0.160966 0.11797) (0.548307 0.12689 0.155917) (0.6562 0.182307 0.0165499) (0.56657 0.105855 0.0587089) (0.493985 0.0622394 0.10695) (0.59148 0.166138 0.155964) (0.546991 0.147521 0.171522) (0.501136 0.127883 0.18682) (0.668386 0.16782 0.109879) (0.613248 0.129991 0.126361) (0.558724 0.0993556 0.153595) (0.664365 0.157645 0.0420097) (0.583606 0.0894718 0.0698464) (0.515 0.0470459 0.108761)
190           (0.607832 0.145238 0.107472) (0.614728 0.241711 0.139359) (0.554355 0.201838 0.169709) (0.499939 0.169374 0.203276) (0.666858 0.221844 0.0583247) (0.603011 0.163641 0.096509) (0.537283 0.121301 0.145269) (0.646972 0.18458 -0.0117801) (0.536432 0.0891271 0.0410353) (0.448938 0.0376735 0.0955317) (0.600161 0.205673 0.139112) (0.548604 0.17363 0.167933) (0.500523 0.145417 0.19441) (0.666064 0.194224 0.0751465) (0.607832 0.145238 0.107472) (0.549634 0.107462 0.147129) (0.654148 0.167312 0.0070496) (0.558163 0.0852414 0.051948) (0.47966 0.0380541 0.0997578) (0.580825 0.157484 0.140492) (0.540081 0.135115 0.160007) (0.499125 0.112687 0.179182) (0.664377 0.157534 0.0926858) (0.611438 0.116382 0.113324) (0.55913 0.0828974 0.143577) (0.66143 0.14344 0.0276393) (0.575621 0.0708738 0.0603321) (0.502567 0.0262079 0.100387)
192           (0.609955 0.120033 0.0917918) (0.616125 0.220112 0.122889) (0.5618 0.176297 0.154803) (0.512524 0.140954 0.191192) (0.667921 0.201255 0.0418823) (0.604451 0.136342 0.0814903) (0.534687 0.0858405 0.129956) (0.639009 0.159821 -0.0205955) (0.507255 0.0511734 0.0358046) (0.408149 -0.00347508 0.0871827) (0.59955 0.186031 0.12412) (0.553156 0.149802 0.153792) (0.510461 0.118801 0.183263) (0.666882 0.174758 0.0582977) (0.609955 0.120033 0.0917918) (0.550125 0.0761426 0.132543) (0.64789 0.143737 -0.0034469) (0.534136 0.0503124 0.0448892) (0.44478 1.52106e-05 0.0908984) (0.577749 0.140709 0.124402) (0.541735 0.113669 0.145806) (0.506477 0.0882214 0.168716) (0.664282 0.139637 0.0736763) (0.613267 0.0932022 0.0966777) (0.561049 0.0547422 0.129451) (0.655487 0.120645 0.0140747) (0.555013 0.0385933 0.0511815) (0.471737 -0.00850233 0.0912854)
194           (0.605993 0.0896803 0.0754143) (0.618144 0.19624 0.106765) (0.570125 0.14818 0.137441) (0.524754 0.109603 0.176245) (0.665408 0.176707 0.026201) (0.598474 0.10266 0.066658) (0.516369 0.0422935 0.115077) (0.622722 0.129451 -0.0260728) (0.454798 0.00798558 0.036488) (0.336076 -0.0405276 0.0816639) (0.6029 0.165975 0.110412) (0.561368 0.125307 0.137801) (0.523118 0.090918 0.170007) (0.665128 0.152579 0.041489) (0.605993 0.0896803 0.0754143) (0.537249 0.037428 0.11757) (0.632986 0.115489 -0.0116917) (0.485888 0.00931202 0.0424823) (0.370521 -0.0378568 0.0840284) (0.582437 0.123629 0.109905) (0.550299 0.0921089 0.130401) (0.519727 0.0631944 0.156949) (0.663367 0.11949 0.0543545) (0.610774 0.0657072 0.0788651) (0.551761 0.0201574 0.114471) (0.640594 0.0937665 0.00207942) (0.509503 -4.4818e-05 0.0460662) (0.394806 -0.0456864 0.0839404)
196           (0.595642 0.0501129 0.0611396) (0.624412 0.168776 0.0885619) (0.583866 0.115506 0.11834) (0.539231 0.0718626 0.159233) (0.662627 0.146339 0.0109418) (0.585162 0.0606683 0.0537091) (0.485661 -0.00609445 0.102262) (0.602975 0.0952398 -0.0291585) (0.379124 -0.0356055 0.0444426) (0.268443 -0.0659936 0.080417) (0.610757 0.140501 0.0955334) (0.575127 0.0945141 0.120461) (0.539325 0.05566 0.154876) (0.663169 0.123733 0.0258475) (0.595642 0.0501129 0.0611396) (0.511695 -0.00865048 0.104423) (0.613802 0.0821803 -0.0156261) (0.408158 -0.0349181 0.0494118) (0.290683 -0.0661507 0.0834525) (0.592953 0.100138 0.0950705) (0.565113 0.0629857 0.114369) (0.53764 0.0297538 0.143828) (0.662536 0.0919844 0.0366713) (0.602642 0.0284036 0.0633154) (0.528344 -0.0234946 0.101289) (0.620707 0.060925 -0.00403034) (0.428355 -0.0441769 0.0522259) (0.307477 -0.0739474 0.0844413)
198           (0.570128 0.00482171 0.0470331) (0.630913 0.139918 0.0689068) (0.597011 0.0804318 0.0968373) (0.546831 0.0282241 0.139493) (0.657346 0.113067 -0.00533946) (0.556054 0.0129483 0.0408629) (0.426567 -0.0537421 0.0881868) (0.579648 0.0598267 -0.0315472) (0.302677 -0.0728846 0.0553549) (0.228419 -0.0860237 0.079515) (0.622583 0.113831 0.0779395) (0.591582 0.0617928 0.0996026) (0.552086 0.0158232 0.135795) (0.659094 0.0920298 0.009015) (0.570128 0.00482171 0.0470331) (0.450435 -0.0563988 0.0899859) (0.588783 0.0474006 -0.0180007) (0.322464 -0.072756 0.0594358) (0.239388 -0.0868186 0.0821327) (0.611309 0.0757217 0.0771019) (0.585987 0.0324615 0.0940184) (0.555493 -0.0065257 0.125773) (0.660401 0.062055 0.0177897) (0.579596 -0.0139777 0.0485217) (0.463256 -0.0695758 0.0877706) (0.593828 0.0274438 -0.00681893) (0.334563 -0.0808779 0.0615189) (0.250187 -0.0938011 0.0816071)
200           (0.502028 -0.0522133 0.0452524) (0.637652 0.109069 0.0478654) (0.609888 0.0422917 0.0751111) (0.54154 -0.0233723 0.119197) (0.64898 0.0762699 -0.0174137) (0.49055 -0.0437676 0.0391903) (0.354213 -0.0920207 0.0893951) (0.547581 0.0182757 -0.02491) (0.260599 -0.100541 0.0710282) (0.209012 -0.103794 0.0803615) (0.634811 0.0831303 0.0580102) (0.607315 0.0244145 0.0774759) (0.550368 -0.0335953 0.11525) (0.65119 0.0556599 -0.00297269) (0.502028 -0.0522133 0.0452524) (0.368822 -0.0961761 0.0909013) (0.549611 0.00491791 -0.00943132) (0.273024 -0.10049 0.0740226) (0.213695 -0.105371 0.080265) (0.63075 0.0470608 0.056646) (0.605814 -0.00250785 0.0723307) (0.552998 -0.0544558 0.105701) (0.653098 0.026967 0.0051995) (0.50475 -0.0703746 0.0473799) (0.377998 -0.106716 0.0891549) (0.543424 -0.0157682 0.00372982) (0.284163 -0.106272 0.073282) (0.220441 -0.11116 0.0759081)
202           (0.40823 -0.106846 0.055799) (0.645231 0.0734082 0.0255697) (0.622235 -0.00201782 0.0564428) (0.507026 -0.0836355 0.102539) (0.639278 0.038084 -0.0256153) (0.404652 -0.0988972 0.0493906) (0.311138 -0.117946 0.0937616) (0.465253 -0.0413238 -0.00640646) (0.247281 -0.123865 0.0681606) (0.203866 -0.123377 0.0681974) (0.647062 0.047721 0.0359558) (0.619078 -0.0202005 0.0581553) (0.513318 -0.0917087 0.100094) (0.640336 0.0182479 -0.00996921) (0.40823 -0.106846 0.055799) (0.314193 -0.122247 0.0936482) (0.452755 -0.0576798 0.0109398) (0.253836 -0.124524 0.0679579) (0.205793 -0.124339 0.0640127) (0.649215 0.0142444 0.0346335) (0.611914 -0.047775 0.0533164) (0.511066 -0.10601 0.0943523) (0.640341 -0.00763412 -0.000320974) (0.410065 -0.119196 0.0583588) (0.316187 -0.130425 0.0898554) (0.434253 -0.0771073 0.0245768) (0.259871 -0.128907 0.0633749) (0.210614 -0.127964 0.0554155)
204           (0.352865 -0.140526 0.069517) (0.655076 0.0354632 0.00211887) (0.598075 -0.0631432 0.0393913) (0.456645 -0.131112 0.0970608) (0.628405 -0.00145523 -0.0290495) (0.351604 -0.136779 0.0639714) (0.287489 -0.145663 0.090939) (0.378293 -0.0981508 0.0154749) (0.239364 -0.151011 0.0579111) (0.205841 -0.146393 0.0506191) (0.658842 0.00932222 0.0133683) (0.586116 -0.082434 0.043348) (0.45535 -0.137045 0.0958078) (0.619581 -0.022662 -0.0109912) (0.352865 -0.140526 0.069517) (0.284932 -0.147207 0.0888599) (0.358055 -0.112086 0.0311155) (0.241997 -0.15105 0.0535145) (0.20743 -0.144621 0.041663) (0.663522 -0.0221115 0.0142593) (0.569752 -0.105125 0.0441299) (0.447835 -0.14655 0.091683) (0.602321 -0.0501531 0.0023473) (0.353599 -0.147432 0.0696813) (0.283532 -0.150943 0.0823314) (0.342451 -0.124104 0.0383807) (0.245934 -0.152122 0.0439874) (0.212302 -0.143703 0.0277056)
206           (0.326429 -0.167881 0.069025) (0.66371 -0.00449561 -0.0176664) (0.537197 -0.127155 0.0358687) (0.405971 -0.16969 0.0937947) (0.582544 -0.0509532 -0.0236769) (0.327136 -0.166217 0.067259) (0.274835 -0.172045 0.0777054) (0.327327 -0.134602 0.0215534) (0.237413 -0.175865 0.0376255) (0.213127 -0.168908 0.0237061) (0.664805 -0.030481 -0.00471898) (0.517623 -0.142673 0.0439337) (0.397833 -0.173449 0.0920343) (0.555207 -0.0758026 -0.00119026) (0.326429 -0.167881 0.069025) (0.270789 -0.171012 0.0726074) (0.309975 -0.143874 0.0293916) (0.240139 -0.17357 0.0283346) (0.216027 -0.164128 0.0103726) (0.66126 -0.0605528 0.000780836) (0.497563 -0.158657 0.0483945) (0.387341 -0.178605 0.0870513) (0.52632 -0.101323 0.01446) (0.326094 -0.171391 0.0649027) (0.268988 -0.171032 0.0627813) (0.300098 -0.149637 0.025698) (0.244951 -0.170704 0.0131622) (0.221619 -0.159468 -0.00825589)
208           (0.312136 -0.19466 0.0585893) (0.66466 -0.0459527 -0.0329168) (0.476105 -0.174087 0.0422078) (0.369444 -0.200933 0.0895617) (0.525175 -0.0993251 -0.0131884) (0.314677 -0.193883 0.0609966) (0.270043 -0.198141 0.0613649) (0.305852 -0.158486 0.00998307) (0.241719 -0.197935 0.0117836) (0.224644 -0.191747 -0.00707327) (0.651716 -0.0738197 -0.0157771) (0.452531 -0.186306 0.0524391) (0.357309 -0.202653 0.0863295) (0.489285 -0.123403 0.0101637) (0.312136 -0.19466 0.0585893) (0.265887 -0.194911 0.0525271) (0.29376 -0.16391 0.00686549) (0.245938 -0.192902 -0.00365262) (0.228776 -0.184241 -0.0255029) (0.633025 -0.103063 -0.00151123) (0.432798 -0.196655 0.0569755) (0.345515 -0.204023 0.0792566) (0.456418 -0.144776 0.0230778) (0.310222 -0.195771 0.0499302) (0.264095 -0.191266 0.0384566) (0.28906 -0.165976 -0.00842592) (0.251951 -0.186664 -0.0252136) (0.23457 -0.175367 -0.0497964)
210           (0.305215 -0.219917 0.0400366) (0.645379 -0.087378 -0.0380068) (0.433152 -0.209615 0.0471122) (0.348869 -0.227875 0.0792231) (0.478249 -0.137424 -0.0066857) (0.308736 -0.218904 0.0482247) (0.273113 -0.222 0.0403298) (0.298262 -0.175844 -0.0129393) (0.250589 -0.216449 -0.0168975) (0.240169 -0.211581 -0.0403041) (0.617133 -0.117997 -0.0160449) (0.409281 -0.22012 0.0550356) (0.335461 -0.228443 0.0725755) (0.439305 -0.161462 0.0113696) (0.305215 -0.219917 0.0400366) (0.269732 -0.216792 0.0259779) (0.290451 -0.18081 -0.0263984) (0.255919 -0.210047 -0.0405716) (0.245059 -0.200935 -0.0661861) (0.58445 -0.147052 0.00209584) (0.391459 -0.22629 0.0559558) (0.323617 -0.226468 0.0623245) (0.40769 -0.179378 0.0173341) (0.302876 -0.21856 0.025918) (0.26811 -0.209623 0.00728324) (0.288525 -0.1833 -0.049866) (0.262446 -0.201837 -0.0689394) (0.2505 -0.189216 -0.0946013)
212           (0.30571 -0.23637 0.0202502) (0.623165 -0.116968 -0.0364713) (0.411055 -0.23058 0.0484056) (0.342727 -0.244647 0.0697087) (0.449044 -0.160528 -0.00702478) (0.309569 -0.235448 0.0339242) (0.28251 -0.238038 0.0214117) (0.298802 -0.184814 -0.0380314) (0.261826 -0.228173 -0.0445081) (0.256215 -0.224851 -0.0691187) (0.581971 -0.151329 -0.0123386) (0.38774 -0.241129 0.0521737) (0.328983 -0.244974 0.0592999) (0.410416 -0.18411 0.00377084) (0.30571 -0.23637 0.0202502) (0.279623 -0.231675 0.00221506) (0.293134 -0.191837 -0.0589453) (0.268434 -0.221293 -0.0734681) (0.261326 -0.213021 -0.0982749) (0.538917 -0.180374 0.00582331) (0.370493 -0.24556 0.0479613) (0.31703 -0.241023 0.0448701) (0.381383 -0.199291 -3.12977e-05) (0.30312 -0.233053 -3.92491e-05) (0.277627 -0.222273 -0.0214929) (0.29268 -0.195268 -0.0875572) (0.274972 -0.212209 -0.105263) (0.265708 -0.199527 -0.12903)
214           (0.315869 -0.239816 0.00585433) (0.612148 -0.12646 -0.033468) (0.409539 -0.23355 0.0490695) (0.350617 -0.247462 0.0646268) (0.440764 -0.166104 -0.0108669) (0.319446 -0.237327 0.0244402) (0.298329 -0.241088 0.00982229) (0.306163 -0.185881 -0.0556654) (0.277564 -0.228804 -0.0616475) (0.274337 -0.22738 -0.0852943) (0.564113 -0.165402 -0.0104153) (0.387106 -0.246581 0.0482936) (0.337487 -0.249288 0.0506014) (0.403952 -0.190401 -0.00700643) (0.315869 -0.239816 0.00585433) (0.296085 -0.235432 -0.0134845) (0.302772 -0.19498 -0.0808001) (0.284641 -0.223352 -0.0935771) (0.279213 -0.216101 -0.116691) (0.515692 -0.196686 0.00442607) (0.369288 -0.252479 0.0390485) (0.32522 -0.245359 0.0320366) (0.377003 -0.205636 -0.0182805) (0.312506 -0.237094 -0.0198422) (0.293183 -0.225054 -0.0417325) (0.30314 -0.199679 -0.111707) (0.290271 -0.215305 -0.127259) (0.282223 -0.20287 -0.148806)
216           (0.332955 -0.234511 0.0083881) (0.622904 -0.112333 -0.0303358) (0.427574 -0.219952 0.056429) (0.370394 -0.23814 0.0726657) (0.452873 -0.153784 -0.0106864) (0.336174 -0.228194 0.0294345) (0.316702 -0.235545 0.0158957) (0.318359 -0.177438 -0.0564385) (0.29221 -0.223027 -0.0585069) (0.28967 -0.224608 -0.0804267) (0.573243 -0.157189 -0.00771883) (0.405267 -0.23827 0.0538939) (0.358174 -0.243587 0.0568342) (0.41725 -0.181827 -0.00895251) (0.332955 -0.234511 0.0083881) (0.315281 -0.231938 -0.0103047) (0.316544 -0.190224 -0.0827995) (0.30006 -0.22036 -0.092486) (0.29479 -0.214979 -0.113895) (0.52266 -0.193681 0.00480019) (0.386425 -0.248631 0.0417528) (0.34576 -0.242588 0.0355752) (0.389731 -0.201606 -0.0229222) (0.329623 -0.23465 -0.0208479) (0.311961 -0.223535 -0.0409137) (0.317604 -0.197854 -0.115029) (0.305387 -0.214521 -0.12813) (0.296908 -0.202893 -0.147861)
218           (0.355681 -0.216114 0.0273729) (0.651521 -0.0758038 -0.0263384) (0.464223 -0.189376 0.0664193) (0.399085 -0.215051 0.0900444) (0.486216 -0.12471 -0.00518939) (0.359163 -0.205401 0.0466972) (0.334668 -0.218746 0.037149) (0.336782 -0.156188 -0.0402016) (0.304997 -0.20714 -0.0361549) (0.301132 -0.212363 -0.0566593) (0.605022 -0.126319 -0.00339264) (0.440243 -0.213129 0.0661084) (0.386813 -0.225317 0.0757607) (0.448681 -0.157283 0.000582097) (0.355681 -0.216114 0.0273729) (0.334178 -0.218625 0.0119316) (0.334663 -0.172262 -0.0645348) (0.314077 -0.206889 -0.0704316) (0.306988 -0.204753 -0.0903674) (0.554378 -0.168729 0.010557) (0.418517 -0.229141 0.0556485) (0.373339 -0.228889 0.0550447) (0.41812 -0.181473 -0.0106441) (0.351304 -0.220033 -0.00147541) (0.330547 -0.213046 -0.0187356) (0.335368 -0.182585 -0.097123) (0.319647 -0.20297 -0.10749) (0.308592 -0.194134 -0.125432)
220           (0.386125 -0.192811 0.0544717) (0.689343 -0.0210628 -0.0266961) (0.52054 -0.146619 0.0699053) (0.43877 -0.183362 0.108077) (0.542746 -0.0825799 -0.00565422) (0.390253 -0.175186 0.067414) (0.353925 -0.197475 0.0671861) (0.363527 -0.126787 -0.0161204) (0.315193 -0.189134 0.000698644) (0.309283 -0.199236 -0.017791) (0.653484 -0.0790058 -0.00519123) (0.494398 -0.177664 0.0746797) (0.426479 -0.200831 0.0982532) (0.501893 -0.12349 0.00995189) (0.386125 -0.192811 0.0544717) (0.354824 -0.203591 0.0465408) (0.358488 -0.148767 -0.0321972) (0.326223 -0.192963 -0.0305792) (0.317265 -0.195388 -0.0494881) (0.608142 -0.130667 0.0117731) (0.46886 -0.202624 0.0706299) (0.41164 -0.212582 0.0820937) (0.467496 -0.155152 0.00859473) (0.379991 -0.204714 0.0321833) (0.352112 -0.204198 0.0193239) (0.357418 -0.16445 -0.0604039) (0.333228 -0.192684 -0.0663939) (0.319869 -0.187938 -0.0839011)
222           (0.426812 -0.164154 0.0767975) (0.712642 0.0395401 -0.02698) (0.594193 -0.095114 0.0643882) (0.491079 -0.145484 0.120336) (0.616889 -0.0296039 -0.0166579) (0.432073 -0.139576 0.0810342) (0.377556 -0.171472 0.0953547) (0.407612 -0.0926611 0.000918248) (0.326803 -0.168942 0.0386072) (0.314165 -0.183553 0.0241009) (0.694988 -0.0238118 -0.0111808) (0.563991 -0.13459 0.0734667) (0.477903 -0.169985 0.114955) (0.575321 -0.0802302 0.00791797) (0.426812 -0.164154 0.0767975) (0.378821 -0.184223 0.0817032) (0.394766 -0.121232 -0.000292864) (0.338063 -0.178824 0.0153774) (0.32496 -0.185144 -0.00211868) (0.662677 -0.0835406 0.00500751) (0.533209 -0.168513 0.0758912) (0.460489 -0.189902 0.104265) (0.534667 -0.122619 0.0197383) (0.418508 -0.184374 0.0636095) (0.376831 -0.192573 0.0607423) (0.387257 -0.143956 -0.0170859) (0.34635 -0.183566 -0.0151405) (0.330213 -0.182357 -0.0328096)
224           (0.477899 -0.125455 0.0848122) (0.708375 0.0994257 -0.0164539) (0.669252 -0.0244176 0.0569874) (0.552226 -0.0950818 0.125004) (0.678156 0.0364141 -0.0302069) (0.484333 -0.0952942 0.0813576) (0.410429 -0.136415 0.114199) (0.474534 -0.0482264 0.00193152) (0.350014 -0.136092 0.0654677) (0.320514 -0.15957 0.0628894) (0.710398 0.0334807 -0.0124827) (0.639216 -0.0750126 0.065232) (0.539724 -0.126927 0.122054) (0.647634 -0.0221417 -0.00478325) (0.477899 -0.125455 0.0848122) (0.411297 -0.155589 0.107671) (0.45206 -0.0853635 0.0160274) (0.358626 -0.15533 0.0528865) (0.332949 -0.168724 0.0439377) (0.696299 -0.030524 -0.00325764) (0.604845 -0.120801 0.0704497) (0.520238 -0.15582 0.115546) (0.609248 -0.0762499 0.0150932) (0.467466 -0.153794 0.0809763) (0.408552 -0.172 0.0944312) (0.434867 -0.116533 0.0159435) (0.36448 -0.169662 0.0328529) (0.340275 -0.173307 0.0198697)
226           (0.540086 -0.0751597 0.0806619) (0.682733 0.153255 0.00651045) (0.7014 0.0561961 0.0569473) (0.613156 -0.026729 0.130021) (0.702262 0.108087 -0.0328498) (0.554201 -0.0396034 0.0718889) (0.456117 -0.0928136 0.124828) (0.562065 0.0167536 -0.0152398) (0.381313 -0.0944043 0.0811613) (0.329334 -0.128048 0.0957949) (0.694052 0.0866644 -0.000425843) (0.686853 0.000502172 0.0590715) (0.601152 -0.0655147 0.125043) (0.692314 0.045969 -0.0180262) (0.540086 -0.0751597 0.0806619) (0.454389 -0.115927 0.123577) (0.530812 -0.0308458 0.00857525) (0.388305 -0.118288 0.0769904) (0.34189 -0.142096 0.0849288) (0.696688 0.0218534 -0.00462273) (0.659521 -0.054373 0.0609429) (0.580265 -0.102928 0.118684) (0.667098 -0.0134661 -0.000819328) (0.523223 -0.109214 0.0831744) (0.447991 -0.138041 0.116554) (0.501216 -0.0731509 0.0219956) (0.390679 -0.140646 0.0663702) (0.349919 -0.15398 0.0678453)
228           (0.617262 -0.0159727 0.0650311) (0.661538 0.198074 0.0332137) (0.684618 0.121926 0.0696832) (0.661228 0.0518735 0.137282) (0.699509 0.162565 -0.0255122) (0.635375 0.0320748 0.0551412) (0.514795 -0.0475049 0.120723) (0.63564 0.0906049 -0.0334836) (0.422582 -0.0543325 0.0806137) (0.349432 -0.0950595 0.11314) (0.673261 0.130791 0.0237744) (0.69127 0.06572 0.0620809) (0.654113 0.00378744 0.127062) (0.704912 0.102382 -0.0200085) (0.617262 -0.0159727 0.0650311) (0.514349 -0.074903 0.122984) (0.613735 0.0334776 -0.0118816) (0.431258 -0.0801888 0.0835657) (0.362649 -0.113797 0.109254) (0.68336 0.0599783 0.00628658) (0.683179 0.00672132 0.0562239) (0.636594 -0.0443748 0.116727) (0.699617 0.0386279 -0.0147919) (0.594322 -0.0617473 0.0710566) (0.505818 -0.104084 0.120692) (0.58411 -0.0203125 0.00871123) (0.432977 -0.108945 0.0814486) (0.370942 -0.132858 0.0999565)
230           (0.666427 0.0575317 0.060916) (0.632953 0.245031 0.0699016) (0.643782 0.175128 0.0956095) (0.655041 0.119804 0.154869) (0.681074 0.215584 -0.00275817) (0.671399 0.110139 0.0580104) (0.573159 0.0142098 0.124216) (0.662243 0.157723 -0.0346066) (0.483158 -0.00337847 0.0755504) (0.386407 -0.052513 0.126181) (0.644187 0.178732 0.0612538) (0.652858 0.119117 0.0857505) (0.658659 0.0686332 0.140383) (0.688415 0.155148 -0.000415806) (0.666427 0.0575317 0.060916) (0.573906 -0.0188012 0.124655) (0.660722 0.105909 -0.0210208) (0.485227 -0.0338649 0.0831033) (0.397984 -0.0747583 0.125949) (0.65391 0.106622 0.0411756) (0.660299 0.05805 0.0710328) (0.652184 0.0149506 0.124837) (0.694978 0.0887644 -0.00529002) (0.648928 0.0011726 0.0640461) (0.564163 -0.0555373 0.122184) (0.644579 0.045215 -0.00746054) (0.482721 -0.0667662 0.085367) (0.403708 -0.0990405 0.120576)
232           (0.675085 0.11567 0.0703784) (0.62068 0.284456 0.107111) (0.618349 0.216741 0.126113) (0.634661 0.162351 0.174832) (0.667596 0.254415 0.0274271) (0.66881 0.164895 0.0736798) (0.628552 0.090757 0.136099) (0.671974 0.205872 -0.0246204) (0.573577 0.0679358 0.0678335) (0.452255 -0.00497757 0.132209) (0.632008 0.218182 0.0970705) (0.625997 0.158423 0.116595) (0.639235 0.110553 0.15915) (0.675852 0.192994 0.0278519) (0.675085 0.11567 0.0703784) (0.631924 0.0494248 0.130118) (0.676012 0.154448 -0.0167235) (0.567822 0.0261405 0.0745285) (0.462362 -0.0296405 0.135427) (0.639083 0.145424 0.0733179) (0.63247 0.0942928 0.0978368) (0.641753 0.0547962 0.138631) (0.683332 0.124131 0.0176767) (0.673534 0.0574828 0.0647106) (0.62303 0.00343672 0.123525) (0.676537 0.0942713 -0.0132236) (0.555047 -0.0178833 0.0802242) (0.462638 -0.0596777 0.134115)
234           (0.659155 0.161559 0.0912926) (0.601144 0.318066 0.140359) (0.592196 0.254301 0.154211) (0.610699 0.201051 0.192905) (0.651481 0.290397 0.0595897) (0.654281 0.211884 0.0948465) (0.63794 0.148117 0.152423) (0.66953 0.24798 -0.00460818) (0.614768 0.130475 0.0683346) (0.523673 0.0591267 0.132882) (0.610918 0.252126 0.128517) (0.598035 0.195049 0.145171) (0.611485 0.14776 0.177502) (0.660829 0.229408 0.0591753) (0.659155 0.161559 0.0912926) (0.646147 0.106066 0.142656) (0.674996 0.196163 0.000896066) (0.621096 0.0918158 0.0703491) (0.533039 0.0290471 0.133321) (0.613785 0.179712 0.101875) (0.601151 0.129499 0.124779) (0.61173 0.0892246 0.154977) (0.667599 0.159952 0.0456556) (0.662731 0.102493 0.0802324) (0.645722 0.0559196 0.12951) (0.678686 0.135118 -0.0012404) (0.613155 0.0412761 0.0716108) (0.529973 -0.00797129 0.132238)
236           (0.6428 0.203454 0.117185) (0.585213 0.351418 0.171117) (0.572501 0.289841 0.182211) (0.59103 0.236784 0.212331) (0.64 0.325299 0.0898291) (0.638798 0.254119 0.118945) (0.634978 0.195251 0.170808) (0.664042 0.284936 0.018896) (0.630458 0.18403 0.0783167) (0.576539 0.121104 0.139095) (0.593137 0.286512 0.157903) (0.577389 0.231011 0.17335) (0.589506 0.183551 0.197748) (0.650822 0.266137 0.0892705) (0.6428 0.203454 0.117185) (0.640167 0.151396 0.161512) (0.67044 0.233379 0.0240517) (0.639262 0.146558 0.0785196) (0.592693 0.0916394 0.135261) (0.591847 0.214931 0.12978) (0.57797 0.165677 0.151325) (0.587121 0.124509 0.174432) (0.657301 0.197777 0.0746749) (0.645808 0.143183 0.105554) (0.642631 0.0989935 0.145745) (0.675553 0.171713 0.0192233) (0.643556 0.096983 0.073613) (0.593562 0.0501162 0.129689)
238           (0.623798 0.241834 0.143225) (0.564321 0.380363 0.200772) (0.55075 0.32128 0.208641) (0.570014 0.268137 0.230779) (0.6254 0.357079 0.118876) (0.620099 0.29235 0.142483) (0.62444 0.236748 0.187571) (0.654417 0.318723 0.0438286) (0.634918 0.23329 0.0925909) (0.600742 0.173306 0.150187) (0.569394 0.316209 0.187987) (0.554389 0.262567 0.200398) (0.566801 0.214913 0.217222) (0.636674 0.299743 0.119731) (0.623798 0.241834 0.143225) (0.626817 0.192158 0.179675) (0.662233 0.268113 0.0505204) (0.642624 0.195342 0.0943014) (0.614833 0.14238 0.145975) (0.562562 0.244508 0.160267) (0.551655 0.196769 0.176976) (0.561771 0.15541 0.192834) (0.641779 0.232622 0.105957) (0.626059 0.180994 0.13211) (0.627531 0.137875 0.163929) (0.668361 0.206485 0.0456571) (0.647611 0.144176 0.0886714) (0.622494 0.0990953 0.135864)
240           (0.608857 0.273591 0.168858) (0.546433 0.403842 0.229348) (0.533997 0.347607 0.234384) (0.554652 0.295281 0.249563) (0.613955 0.384168 0.146803) (0.60544 0.324917 0.165994) (0.614772 0.272088 0.204218) (0.648203 0.348678 0.0674488) (0.635138 0.276613 0.108558) (0.613812 0.219269 0.162432) (0.54748 0.338046 0.2173) (0.535668 0.287226 0.226276) (0.549714 0.240983 0.236563) (0.624286 0.326926 0.149581) (0.608857 0.273591 0.168858) (0.614947 0.226556 0.197647) (0.658151 0.298782 0.0763754) (0.641751 0.237307 0.11298) (0.625232 0.186985 0.158954) (0.533442 0.263197 0.18939) (0.528405 0.218914 0.200491) (0.541496 0.179831 0.210213) (0.626306 0.258982 0.136714) (0.609592 0.211349 0.157557) (0.613488 0.170764 0.181494) (0.665317 0.236973 0.0727665) (0.646256 0.183916 0.108279) (0.631614 0.14087 0.148361)
242           (0.598327 0.299242 0.190325) (0.531892 0.422034 0.253291) (0.521487 0.369086 0.256161) (0.54316 0.317977 0.266263) (0.606152 0.40583 0.170167) (0.595013 0.351128 0.185882) (0.60697 0.300464 0.218359) (0.646728 0.373204 0.0864232) (0.634567 0.31044 0.122558) (0.621579 0.256106 0.172661) (0.528786 0.354255 0.243051) (0.521282 0.30707 0.248574) (0.536981 0.262827 0.254171) (0.614847 0.34849 0.17507) (0.598327 0.299242 0.190325) (0.605706 0.254452 0.213002) (0.658135 0.32415 0.0980583) (0.640767 0.270408 0.129494) (0.630635 0.223101 0.170054) (0.507325 0.27531 0.214846) (0.509489 0.235769 0.220444) (0.525955 0.199736 0.225998) (0.613128 0.27901 0.163056) (0.597318 0.23544 0.178181) (0.602438 0.197402 0.196062) (0.665445 0.262141 0.0963838) (0.644859 0.215483 0.125549) (0.635422 0.175368 0.1592)
244           (0.593759 0.316991 0.20717) (0.522365 0.434102 0.27282) (0.514479 0.38476 0.273555) (0.537045 0.335605 0.280364) (0.602932 0.420907 0.188778) (0.59043 0.370025 0.201427) (0.603414 0.321253 0.229878) (0.649525 0.390873 0.101114) (0.636095 0.333924 0.133457) (0.627407 0.281939 0.180749) (0.515445 0.362677 0.26494) (0.512582 0.319952 0.266751) (0.529998 0.278846 0.269154) (0.609892 0.362375 0.196319) (0.593759 0.316991 0.20717) (0.60165 0.274607 0.225469) (0.661813 0.342065 0.116268) (0.642732 0.293348 0.142568) (0.635494 0.248623 0.178849) (0.485813 0.277693 0.233488) (0.49574 0.244146 0.235236) (0.51606 0.212612 0.238677) (0.604059 0.289748 0.184276) (0.590636 0.250543 0.193678) (0.596873 0.215633 0.207364) (0.668457 0.278881 0.116554) (0.646487 0.236764 0.13907) (0.639284 0.199511 0.167581)
246           (0.591304 0.33172 0.219898) (0.515995 0.444441 0.288528) (0.510093 0.398979 0.286663) (0.533065 0.352344 0.291116) (0.601134 0.43388 0.203598) (0.587854 0.386482 0.212884) (0.601216 0.339632 0.238544) (0.652522 0.406107 0.113302) (0.637684 0.353013 0.141682) (0.631373 0.302712 0.187138) (0.505332 0.368547 0.283012) (0.506827 0.33068 0.280894) (0.525894 0.293399 0.281032) (0.606311 0.373465 0.2136) (0.591304 0.33172 0.219898) (0.599681 0.291876 0.235024) (0.665387 0.356942 0.131378) (0.645102 0.311568 0.152459) (0.639409 0.268727 0.185684) (0.466896 0.277331 0.247638) (0.485053 0.250066 0.246614) (0.509821 0.223569 0.248864) (0.59613 0.297266 0.201515) (0.58625 0.262202 0.205565) (0.594178 0.230493 0.216099) (0.671087 0.292226 0.133401) (0.648866 0.253141 0.14939) (0.643066 0.217936 0.174048)
248           (0.587099 0.347244 0.229966) (0.510294 0.456296 0.300117) (0.50537 0.415171 0.295713) (0.527911 0.37145 0.297862) (0.597557 0.448414 0.215191) (0.583613 0.404615 0.221074) (0.597024 0.359903 0.244249) (0.651789 0.42303 0.123425) (0.63616 0.373185 0.148084) (0.631963 0.324561 0.192023) (0.49567 0.374792 0.296953) (0.500726 0.342384 0.291983) (0.520839 0.309438 0.290052) (0.600942 0.385168 0.227555) (0.587099 0.347244 0.229966) (0.595811 0.310209 0.242364) (0.665113 0.372571 0.144122) (0.644234 0.330074 0.160613) (0.639851 0.28903 0.191385) (0.449563 0.279151 0.259114) (0.474795 0.25791 0.257228) (0.503205 0.23627 0.258319) (0.586646 0.30607 0.215624) (0.58032 0.274958 0.216096) (0.589863 0.246359 0.224001) (0.669773 0.306367 0.147423) (0.64796 0.269775 0.158447) (0.643423 0.236314 0.180128)
250           (0.57196 0.368201 0.238428) (0.49461 0.472143 0.307888) (0.488947 0.434379 0.300446) (0.51023 0.392326 0.299225) (0.583389 0.467015 0.224074) (0.567998 0.426423 0.226412) (0.581501 0.383267 0.246364) (0.639921 0.444179 0.131982) (0.623932 0.397809 0.153021) (0.622983 0.350958 0.195007) (0.477287 0.387172 0.308284) (0.484022 0.359363 0.300984) (0.503908 0.329374 0.295937) (0.585722 0.402695 0.239107) (0.57196 0.368201 0.238428) (0.580537 0.333192 0.24757) (0.653861 0.393541 0.155241) (0.632276 0.354121 0.168028) (0.62966 0.314754 0.196108) (0.424881 0.288733 0.273319) (0.455489 0.272788 0.270034) (0.485993 0.254834 0.268192) (0.56812 0.322553 0.229318) (0.564282 0.294956 0.227354) (0.574674 0.268597 0.232041) (0.657765 0.327177 0.160517) (0.636053 0.293265 0.168054) (0.632797 0.261276 0.186659)
252           (0.559157 0.379932 0.250267) (0.480939 0.483772 0.317) (0.477984 0.444545 0.308234) (0.502706 0.401282 0.304698) (0.571154 0.482291 0.234489) (0.557405 0.440811 0.235378) (0.574448 0.396602 0.252653) (0.630111 0.461354 0.142367) (0.615917 0.415418 0.161425) (0.620345 0.368333 0.201375) (0.457479 0.394172 0.320199) (0.468604 0.36455 0.311953) (0.492664 0.33363 0.304465) (0.570097 0.41608 0.251904) (0.559157 0.379932 0.250267) (0.571129 0.343781 0.256545) (0.643295 0.410164 0.168325) (0.623178 0.370108 0.179381) (0.624648 0.330166 0.204573) (0.39629 0.292572 0.286028) (0.433503 0.274406 0.282041) (0.469771 0.255151 0.278023) (0.547141 0.334487 0.243515) (0.547717 0.304285 0.241009) (0.562266 0.276238 0.242815) (0.644914 0.343169 0.175249) (0.625245 0.307439 0.181534) (0.625667 0.274244 0.196865)
254           (0.548038 0.380821 0.257269) (0.469565 0.485044 0.32228) (0.469037 0.444906 0.311745) (0.497635 0.401924 0.305334) (0.558281 0.486105 0.242565) (0.546989 0.444175 0.241386) (0.568415 0.400073 0.255586) (0.618072 0.467302 0.15239) (0.606741 0.421565 0.168339) (0.616391 0.374425 0.205852) (0.442844 0.389423 0.325227) (0.457848 0.360482 0.315564) (0.486299 0.331242 0.305617) (0.555673 0.41712 0.260735) (0.548038 0.380821 0.257269) (0.564031 0.345461 0.260312) (0.631116 0.415184 0.179974) (0.61348 0.37506 0.18808) (0.619223 0.335451 0.209923) (0.373077 0.278579 0.285451) (0.416774 0.263912 0.282354) (0.459633 0.248452 0.277242) (0.527247 0.329968 0.251103) (0.533055 0.30087 0.247232) (0.552715 0.274815 0.246103) (0.629974 0.345584 0.187577) (0.613639 0.309908 0.190951) (0.618335 0.277577 0.202526)
256           (0.544604 0.38194 0.262581) (0.464404 0.48725 0.326957) (0.466372 0.446496 0.314998) (0.49869 0.403335 0.306622) (0.551713 0.489209 0.250232) (0.543233 0.446775 0.246947) (0.568453 0.402371 0.259008) (0.611439 0.471205 0.161727) (0.602929 0.424933 0.174842) (0.61638 0.377148 0.210824) (0.437251 0.388457 0.327037) (0.454867 0.360306 0.318028) (0.486588 0.331889 0.306804) (0.549261 0.417905 0.267326) (0.544604 0.38194 0.262581) (0.563801 0.347065 0.263584) (0.625437 0.417881 0.189948) (0.610293 0.377559 0.19522) (0.619132 0.337926 0.214821) (0.367784 0.276021 0.285171) (0.413773 0.262895 0.285295) (0.459602 0.248799 0.279236) (0.520237 0.32829 0.255668) (0.529459 0.300561 0.252091) (0.552194 0.275649 0.249278) (0.623962 0.346341 0.196898) (0.610546 0.311112 0.198041) (0.618064 0.279345 0.207233)
258           (0.539461 0.384585 0.26884) (0.45671 0.488672 0.33169) (0.461121 0.447514 0.318962) (0.497608 0.404138 0.309031) (0.543418 0.491432 0.257298) (0.537364 0.44902 0.252265) (0.566443 0.40435 0.26262) (0.603514 0.473992 0.17031) (0.597188 0.427908 0.180652) (0.614255 0.379621 0.215361) (0.429996 0.390265 0.331664) (0.44974 0.361794 0.323227) (0.48503 0.333204 0.310821) (0.541608 0.420452 0.274403) (0.539461 0.384585 0.26884) (0.562018 0.34957 0.268311) (0.618834 0.421147 0.199036) (0.605663 0.380911 0.202078) (0.617469 0.340939 0.220098) (0.360925 0.278675 0.290568) (0.408496 0.265415 0.292084) (0.457655 0.250979 0.285207) (0.51306 0.331497 0.262798) (0.524869 0.304009 0.259354) (0.550793 0.278802 0.255333) (0.618213 0.350083 0.205847) (0.607001 0.314959 0.205638) (0.617165 0.282802 0.213327)
260           (0.533031 0.383226 0.274526) (0.449215 0.486226 0.336447) (0.455987 0.444831 0.322344) (0.496615 0.401553 0.310772) (0.534725 0.490181 0.263668) (0.530926 0.447878 0.256649) (0.563874 0.403059 0.26538) (0.595028 0.473598 0.177463) (0.590726 0.427921 0.185201) (0.611436 0.379179 0.218655) (0.421743 0.38683 0.337158) (0.444016 0.358166 0.327692) (0.483219 0.330022 0.313724) (0.532607 0.419172 0.281708) (0.533031 0.383226 0.274526) (0.559208 0.348276 0.272298) (0.610869 0.421304 0.207407) (0.599641 0.381139 0.208137) (0.614601 0.340929 0.224508) (0.35136 0.274634 0.296409) (0.401558 0.261165 0.296765) (0.454632 0.247257 0.288767) (0.502987 0.330396 0.270577) (0.517801 0.302606 0.265963) (0.547482 0.277397 0.260456) (0.610178 0.350855 0.214732) (0.601199 0.315467 0.212837) (0.614378 0.283013 0.218855)
262           (0.531936 0.379964 0.277735) (0.447378 0.482487 0.339872) (0.455624 0.441579 0.323526) (0.498954 0.398662 0.310296) (0.530646 0.48637 0.267857) (0.528337 0.444627 0.258579) (0.563845 0.399929 0.265954) (0.590179 0.469895 0.181881) (0.587155 0.424787 0.187245) (0.610192 0.375661 0.21988) (0.422008 0.3823 0.341614) (0.445521 0.35464 0.329912) (0.486593 0.327438 0.314142) (0.529874 0.415153 0.287333) (0.531936 0.379964 0.277735) (0.560116 0.345649 0.273763) (0.607272 0.418005 0.213498) (0.597291 0.37842 0.211654) (0.614088 0.338363 0.22653) (0.352866 0.267804 0.30081) (0.404519 0.256382 0.299719) (0.459094 0.244351 0.29036) (0.500747 0.325096 0.276592) (0.517619 0.298676 0.270031) (0.549203 0.27476 0.262928) (0.607174 0.347341 0.221495) (0.599801 0.312723 0.217432) (0.614649 0.280894 0.221776)
264           (0.534206 0.377352 0.277696) (0.448691 0.47968 0.340324) (0.457094 0.439422 0.321684) (0.502164 0.396459 0.307148) (0.529253 0.481834 0.268227) (0.527763 0.440901 0.256992) (0.565075 0.396117 0.263785) (0.587113 0.464335 0.181885) (0.585582 0.41978 0.18572) (0.61016 0.370077 0.218633) (0.428944 0.380877 0.343984) (0.451032 0.354162 0.330027) (0.491931 0.327214 0.312411) (0.532088 0.411378 0.289405) (0.534206 0.377352 0.277696) (0.563032 0.343462 0.27245) (0.606676 0.413154 0.214946) (0.597575 0.374457 0.211369) (0.6153 0.334462 0.225671) (0.365904 0.26619 0.304707) (0.415039 0.256761 0.302619) (0.467733 0.245622 0.29141) (0.506849 0.320942 0.279636) (0.523272 0.296597 0.271569) (0.554476 0.273807 0.263106) (0.609135 0.342417 0.224032) (0.602394 0.309316 0.218389) (0.617566 0.27824 0.221755)
266           (0.536951 0.375272 0.276155) (0.45049 0.477748 0.339384) (0.458493 0.437369 0.318309) (0.505578 0.393536 0.302782) (0.528023 0.477473 0.266403) (0.527125 0.436811 0.253473) (0.56645 0.391383 0.260285) (0.583569 0.458119 0.179266) (0.583756 0.413736 0.18226) (0.609867 0.363123 0.216284) (0.437581 0.38236 0.345809) (0.457074 0.355117 0.329337) (0.497408 0.326943 0.309811) (0.535695 0.408872 0.289903) (0.536951 0.375272 0.276155) (0.566101 0.340923 0.269952) (0.606523 0.408141 0.21419) (0.597871 0.370015 0.209164) (0.616339 0.329597 0.223603) (0.383802 0.269872 0.309137) (0.427633 0.26007 0.305402) (0.476865 0.247651 0.291965) (0.516792 0.319669 0.281735) (0.530724 0.296251 0.272171) (0.560321 0.273267 0.26245) (0.613229 0.338301 0.22447) (0.605853 0.306289 0.217602) (0.620657 0.275243 0.220606)
268           (0.54006 0.372101 0.273136) (0.453455 0.47522 0.336655) (0.461018 0.434191 0.313436) (0.510557 0.389192 0.297118) (0.527456 0.47239 0.26207) (0.527383 0.431598 0.247903) (0.569181 0.385165 0.255302) (0.580104 0.450856 0.173739) (0.582838 0.406323 0.176626) (0.610804 0.354467 0.212481) (0.447129 0.38315 0.347324) (0.463672 0.35465 0.327937) (0.50385 0.324868 0.306202) (0.539946 0.405866 0.288603) (0.54006 0.372101 0.273136) (0.569947 0.336838 0.26621) (0.606391 0.402318 0.210554) (0.598432 0.364362 0.204949) (0.618036 0.323139 0.22017) (0.402678 0.273216 0.314959) (0.44054 0.261976 0.308339) (0.486589 0.247663 0.291823) (0.527277 0.318186 0.283216) (0.538128 0.294874 0.272123) (0.566442 0.271093 0.260978) (0.617384 0.333661 0.222816) (0.609123 0.302222 0.215383) (0.623882 0.270742 0.218401)
270           (0.544049 0.367232 0.269891) (0.456844 0.471624 0.333903) (0.464585 0.42941 0.308852) (0.517485 0.382763 0.292331) (0.526868 0.465893 0.25738) (0.528493 0.424397 0.242379) (0.573564 0.376456 0.251094) (0.576247 0.441862 0.167619) (0.582815 0.396491 0.171044) (0.612937 0.342771 0.209581) (0.457273 0.383276 0.348607) (0.471386 0.352863 0.326386) (0.512159 0.320942 0.303079) (0.544561 0.401768 0.286845) (0.544049 0.367232 0.269891) (0.575382 0.330555 0.26287) (0.606075 0.394929 0.206343) (0.599691 0.356624 0.200496) (0.620988 0.314059 0.21728) (0.422404 0.276427 0.320735) (0.454671 0.263151 0.310651) (0.498087 0.246365 0.291659) (0.53864 0.316209 0.284284) (0.546578 0.292339 0.271587) (0.574095 0.267181 0.259542) (0.621781 0.327972 0.220534) (0.613076 0.296558 0.212666) (0.628304 0.2641 0.216393)
272           (0.549081 0.358308 0.265943) (0.46052 0.46485 0.330054) (0.469095 0.421165 0.30424) (0.525942 0.372991 0.288057) (0.526668 0.455852 0.251226) (0.530749 0.413257 0.236272) (0.579427 0.363799 0.246891) (0.572672 0.428956 0.15962) (0.584046 0.382257 0.16449) (0.616137 0.326531 0.206322) (0.467504 0.379925 0.348672) (0.479829 0.347241 0.32461) (0.5219 0.313313 0.300312) (0.549619 0.394119 0.283586) (0.549081 0.358308 0.265943) (0.582367 0.320164 0.259398) (0.606135 0.383592 0.200248) (0.602113 0.344371 0.194938) (0.625271 0.3003 0.213948) (0.441532 0.276655 0.325211) (0.469045 0.260529 0.312458) (0.510687 0.241147 0.291552) (0.550545 0.310913 0.283727) (0.556015 0.285705 0.270144) (0.583271 0.25903 0.257721) (0.62681 0.318281 0.216348) (0.618196 0.286256 0.20869) (0.634199 0.252669 0.213734)
274           (0.555519 0.343616 0.260483) (0.464012 0.452425 0.325291) (0.474442 0.406964 0.298855) (0.536242 0.357102 0.284039) (0.526878 0.440382 0.24366) (0.534656 0.396063 0.228899) (0.587412 0.344598 0.242505) (0.569703 0.410823 0.149951) (0.587306 0.361531 0.156713) (0.62074 0.30282 0.202913) (0.47751 0.371409 0.347409) (0.488824 0.336038 0.321758) (0.533158 0.299717 0.297487) (0.55526 0.381307 0.278905) (0.555519 0.343616 0.260483) (0.591396 0.303486 0.255413) (0.606911 0.367154 0.192495) (0.606346 0.325958 0.187736) (0.631349 0.279455 0.210138) (0.459863 0.271781 0.327567) (0.483332 0.252398 0.312619) (0.52424 0.230047 0.290782) (0.5632 0.300581 0.28136) (0.566659 0.273475 0.266836) (0.594291 0.244768 0.254909) (0.632782 0.303514 0.210278) (0.62499 0.269985 0.202689) (0.642015 0.234421 0.210147)
276           (0.566788 0.3203 0.25238) (0.470826 0.432783 0.318086) (0.485193 0.3851 0.292121) (0.553998 0.333682 0.28069) (0.530394 0.417268 0.232514) (0.544387 0.370115 0.219049) (0.602027 0.315915 0.237624) (0.570155 0.384796 0.135746) (0.596407 0.330933 0.145878) (0.629655 0.267687 0.198031) (0.489981 0.355773 0.343664) (0.502262 0.316982 0.317264) (0.55122 0.278248 0.294577) (0.56364 0.361036 0.271164) (0.566788 0.3203 0.25238) (0.606858 0.27755 0.25038) (0.610384 0.343105 0.180627) (0.615588 0.298091 0.177125) (0.642428 0.247736 0.204611) (0.480607 0.261083 0.327289) (0.501725 0.236944 0.310872) (0.544118 0.211047 0.289289) (0.578736 0.283722 0.27619) (0.581793 0.253086 0.260866) (0.611524 0.221459 0.250585) (0.641445 0.281686 0.200505) (0.636349 0.244702 0.193173) (0.655124 0.205726 0.204531)
278           (0.579559 0.291411 0.238725) (0.478416 0.406795 0.306321) (0.49727 0.358302 0.280673) (0.572089 0.306214 0.274025) (0.533847 0.387997 0.215729) (0.555613 0.338045 0.203635) (0.616288 0.280586 0.229322) (0.570137 0.353121 0.115617) (0.606834 0.292783 0.129991) (0.634983 0.22291 0.190252) (0.503835 0.333872 0.336538) (0.517859 0.293411 0.308745) (0.571303 0.253521 0.288536) (0.572401 0.334754 0.258649) (0.579559 0.291411 0.238725) (0.623262 0.245983 0.241504) (0.61321 0.313594 0.162779) (0.625946 0.263469 0.160529) (0.651953 0.207504 0.195557) (0.503264 0.244432 0.324695) (0.52318 0.217134 0.306068) (0.567571 0.189162 0.285187) (0.595205 0.261366 0.267318) (0.598847 0.227615 0.250016) (0.630877 0.193318 0.242472) (0.649794 0.254878 0.185259) (0.648849 0.213434 0.177536) (0.668135 0.169648 0.195012)
280           (0.592832 0.261675 0.219558) (0.48658 0.38151 0.289692) (0.510282 0.332957 0.264518) (0.589565 0.280169 0.264139) (0.536552 0.358566 0.19321) (0.567723 0.305463 0.183479) (0.628508 0.244017 0.21827) (0.568836 0.320574 0.0899043) (0.616524 0.251783 0.110857) (0.63192 0.174115 0.18094) (0.518681 0.311983 0.325149) (0.534705 0.270936 0.295702) (0.591825 0.230212 0.279046) (0.580583 0.307703 0.240294) (0.592832 0.261675 0.219558) (0.638678 0.212978 0.229151) (0.613828 0.282712 0.138181) (0.635455 0.225834 0.13889) (0.655424 0.162587 0.184116) (0.528027 0.227331 0.318742) (0.546999 0.197823 0.297369) (0.592802 0.168329 0.277762) (0.611815 0.237819 0.253175) (0.616691 0.20082 0.233616) (0.650257 0.163421 0.230415) (0.655847 0.226391 0.163037) (0.660383 0.178964 0.155799) (0.67687 0.128551 0.182266)
282           (0.604625 0.234412 0.195615) (0.492998 0.359125 0.269493) (0.521813 0.310929 0.243614) (0.604757 0.25713 0.250159) (0.536137 0.332987 0.167168) (0.578949 0.276609 0.159564) (0.637848 0.210529 0.204453) (0.56488 0.293128 0.0617691) (0.624193 0.214756 0.0905204) (0.62095 0.130084 0.17088) (0.53252 0.290909 0.310486) (0.550101 0.250302 0.278006) (0.610412 0.20916 0.265288) (0.585958 0.28272 0.217755) (0.604625 0.234412 0.195615) (0.65162 0.182216 0.213482) (0.610613 0.255337 0.109623) (0.642789 0.190924 0.114409) (0.651785 0.120675 0.171554) (0.552987 0.208855 0.31048) (0.569902 0.178584 0.284595) (0.616497 0.148576 0.266155) (0.626308 0.21443 0.235256) (0.63274 0.174916 0.212179) (0.667339 0.134632 0.21458) (0.657453 0.199877 0.136351) (0.669068 0.145947 0.129889) (0.678928 0.0889048 0.167919)
284           (0.615403 0.20533 0.164643) (0.498839 0.338274 0.241848) (0.534343 0.28814 0.216187) (0.621705 0.230754 0.230568) (0.534297 0.308943 0.134127) (0.591228 0.247019 0.130514) (0.646896 0.173926 0.18546) (0.560384 0.267429 0.0285308) (0.629403 0.177543 0.0665726) (0.603312 0.0849844 0.155729) (0.544386 0.269668 0.287289) (0.564529 0.227575 0.252618) (0.629188 0.18398 0.24468) (0.587887 0.257869 0.186243) (0.615403 0.20533 0.164643) (0.663365 0.147322 0.191838) (0.604083 0.228591 0.0734373) (0.647246 0.154616 0.0850179) (0.640853 0.0768054 0.154354) (0.575058 0.188967 0.294134) (0.590204 0.15622 0.263757) (0.638572 0.123974 0.246869) (0.635795 0.190166 0.208175) (0.645613 0.146306 0.182559) (0.681844 0.101031 0.191816) (0.652965 0.173296 0.100753) (0.673363 0.110887 0.0976831) (0.672931 0.047187 0.149104)
286           (0.626032 0.177237 0.134439) (0.500334 0.320256 0.213424) (0.546175 0.266301 0.188455) (0.63872 0.202747 0.211781) (0.527949 0.289016 0.102587) (0.605058 0.218707 0.104789) (0.652451 0.13539 0.169962) (0.554473 0.246827 0.000283312) (0.632545 0.141708 0.0490655) (0.566527 0.0357779 0.144745) (0.551798 0.249783 0.261234) (0.576988 0.205149 0.224845) (0.64807 0.1572 0.223138) (0.584267 0.235986 0.153735) (0.626032 0.177237 0.134439) (0.672649 0.110472 0.172624) (0.594425 0.206505 0.0399046) (0.649952 0.11938 0.0609471) (0.613244 0.0289523 0.142965) (0.591775 0.168951 0.273652) (0.606938 0.133299 0.238812) (0.660001 0.0975303 0.224926) (0.638345 0.167907 0.178248) (0.656117 0.118259 0.151257) (0.693834 0.0656759 0.170168) (0.642955 0.150916 0.065345) (0.674881 0.0771475 0.0691183) (0.648989 -0.000251328 0.136775)
288           (0.637435 0.152195 0.106205) (0.500923 0.305866 0.18558) (0.559931 0.246742 0.162277) (0.655214 0.174927 0.194344) (0.521278 0.273259 0.0738874) (0.620399 0.193674 0.0825924) (0.652728 0.0998508 0.156921) (0.549643 0.230381 -0.0225584) (0.631031 0.11131 0.0362615) (0.503192 -0.0145391 0.131564) (0.556591 0.232625 0.233504) (0.589763 0.184496 0.196556) (0.666839 0.130493 0.201856) (0.57777 0.217737 0.121809) (0.637435 0.152195 0.106205) (0.676869 0.076253 0.155904) (0.584285 0.188996 0.0109059) (0.648084 0.0883227 0.0430547) (0.549762 -0.0259241 0.129931) (0.603962 0.150381 0.250083) (0.621849 0.111402 0.211427) (0.68075 0.0710438 0.2016) (0.635136 0.148684 0.147321) (0.665246 0.0931279 0.12008) (0.700824 0.0333148 0.15092) (0.629737 0.133078 0.0335108) (0.671262 0.0470937 0.0476869) (0.5821 -0.0586649 0.123678)
290           (0.646771 0.133181 0.0823506) (0.499413 0.29699 0.16035) (0.571465 0.231932 0.13864) (0.666354 0.150157 0.178074) (0.514509 0.263702 0.0502985) (0.632782 0.174038 0.0652315) (0.645627 0.0690548 0.146273) (0.545608 0.218895 -0.0384539) (0.625162 0.0881379 0.0274733) (0.446571 -0.0527349 0.12218) (0.557749 0.221285 0.206135) (0.600047 0.169425 0.169195) (0.680817 0.107583 0.181408) (0.56946 0.205776 0.0933213) (0.646771 0.133181 0.0823506) (0.673542 0.0465371 0.143223) (0.575046 0.176979 -0.0108774) (0.641826 0.063366 0.0316146) (0.487891 -0.0711008 0.120589) (0.610565 0.137222 0.225327) (0.633071 0.0954028 0.183255) (0.696795 0.0492778 0.178335) (0.627721 0.135667 0.118375) (0.672047 0.0746684 0.0923497) (0.697929 0.00347945 0.13631) (0.616609 0.121064 0.00888231) (0.66009 0.0197187 0.0343869) (0.518274 -0.106592 0.115191)
292           (0.658989 0.116986 0.0631242) (0.49929 0.29073 0.138438) (0.586137 0.218673 0.118916) (0.677823 0.125894 0.16446) (0.510871 0.256708 0.0312664) (0.647171 0.156813 0.0517917) (0.63646 0.0417024 0.136057) (0.545558 0.208942 -0.0502183) (0.619598 0.071374 0.0186584) (0.397682 -0.0799187 0.111458) (0.55888 0.21349 0.180693) (0.612728 0.156774 0.144802) (0.695274 0.0853166 0.163924) (0.563395 0.197469 0.0687403) (0.658989 0.116986 0.0631242) (0.665459 0.0183454 0.132304) (0.570672 0.167725 -0.02806) (0.63534 0.0449823 0.0222698) (0.433989 -0.102342 0.11147) (0.615104 0.127849 0.200585) (0.645134 0.0824458 0.15638) (0.713311 0.0287134 0.157898) (0.620611 0.126607 0.0917447) (0.681731 0.0594357 0.0692709) (0.684074 -0.0283045 0.124394) (0.607724 0.112092 -0.0112177) (0.642716 -0.00417467 0.024888) (0.466371 -0.137499 0.108044)
294           (0.675641 0.105853 0.0508479) (0.506003 0.291069 0.121556) (0.60615 0.211684 0.10429) (0.689909 0.107418 0.15487) (0.514789 0.25649 0.018289) (0.664713 0.145955 0.0441708) (0.619718 0.0183635 0.129229) (0.550863 0.204649 -0.0561217) (0.614018 0.0612765 0.014275) (0.364898 -0.0940946 0.106215) (0.565762 0.211177 0.159129) (0.63138 0.149453 0.124898) (0.711052 0.0677269 0.15124) (0.56465 0.195068 0.0502812) (0.675641 0.105853 0.0508479) (0.645599 -0.0096314 0.125287) (0.573681 0.161806 -0.0378518) (0.623617 0.0304334 0.0175295) (0.400922 -0.11956 0.107805) (0.623209 0.122622 0.177543) (0.662405 0.0740126 0.132935) (0.731098 0.0116346 0.142517) (0.619529 0.122129 0.0701105) (0.696364 0.0480964 0.0536145) (0.659498 -0.0592782 0.117809) (0.60666 0.104943 -0.0237733) (0.622134 -0.0230361 0.0210594) (0.433465 -0.15669 0.105404)
296           (0.679209 0.104613 0.0399606) (0.502155 0.297269 0.108042) (0.611377 0.211855 0.0909098) (0.690558 0.0979997 0.144738) (0.509656 0.262936 0.00732029) (0.668413 0.143832 0.0371534) (0.600339 0.00629716 0.121218) (0.548322 0.210071 -0.0616897) (0.610303 0.0608027 0.0108481) (0.351706 -0.0962655 0.100131) (0.562532 0.217338 0.139842) (0.636417 0.15128 0.106589) (0.713356 0.0598675 0.138846) (0.558015 0.20119 0.0329988) (0.679209 0.104613 0.0399606) (0.620709 -0.0246378 0.116857) (0.56948 0.165606 -0.0482647) (0.612398 0.0276273 0.0124804) (0.384241 -0.123885 0.101979) (0.620835 0.127776 0.155091) (0.666811 0.0766569 0.110795) (0.732068 0.0033578 0.127487) (0.610892 0.127511 0.0480637) (0.698536 0.0477305 0.0395901) (0.630743 -0.0747803 0.110059) (0.599135 0.106909 -0.0382271) (0.602 -0.0282144 0.015614) (0.414154 -0.162746 0.0997605)
298           (0.694056 0.102323 0.0411036) (0.513383 0.304389 0.107247) (0.631538 0.211904 0.0907553) (0.704716 0.0907717 0.145785) (0.518779 0.268298 0.00858671) (0.68162 0.142563 0.0400517) (0.596228 -0.000261564 0.121415) (0.554584 0.212892 -0.0587497) (0.613445 0.0599901 0.0134643) (0.350112 -0.0946384 0.100897) (0.572998 0.223825 0.134381) (0.656674 0.151227 0.103012) (0.730193 0.0519266 0.138839) (0.566237 0.205599 0.0306407) (0.694056 0.102323 0.0411036) (0.613954 -0.0341122 0.117781) (0.576065 0.165933 -0.0467505) (0.613883 0.025748 0.0151094) (0.380798 -0.124232 0.104332) (0.629765 0.133003 0.145488) (0.685958 0.0761232 0.103983) (0.747999 -0.00636298 0.12599) (0.61688 0.1303 0.0415701) (0.713429 0.0441872 0.0390525) (0.622216 -0.0855463 0.11208) (0.604582 0.103997 -0.0386479) (0.599941 -0.0312661 0.0187739) (0.409111 -0.165141 0.103256)
300           (0.699617 0.106925 0.0390356) (0.521071 0.312962 0.105423) (0.642004 0.216014 0.0889169) (0.711347 0.088443 0.1424) (0.525659 0.27707 0.00768027) (0.68661 0.147013 0.0396657) (0.59449 8.93629e-05 0.11623) (0.559413 0.222511 -0.058256) (0.613407 0.0644479 0.012777) (0.351731 -0.088362 0.0968424) (0.581329 0.232897 0.129266) (0.667887 0.155926 0.0984535) (0.737704 0.0494004 0.134429) (0.572998 0.214708 0.0266708) (0.699617 0.106925 0.0390356) (0.609748 -0.0355872 0.112528) (0.580464 0.175196 -0.0484999) (0.612057 0.0290883 0.0138487) (0.380827 -0.119915 0.10159) (0.637437 0.141524 0.13646) (0.696987 0.0807624 0.0965953) (0.753792 -0.0100728 0.120307) (0.622399 0.13857 0.0334723) (0.718765 0.0482721 0.035089) (0.6166 -0.087939 0.107528) (0.607871 0.111666 -0.0433399) (0.595561 -0.02964 0.0174507) (0.407194 -0.16336 0.101922)
