# Probe 0 (1.3 2.12 1.28)
# Probe 1 (1.2 2.02 1.18)
# Probe 2 (1.2 2.02 1.28)
# Probe 3 (1.2 2.02 1.38)
# Probe 4 (1.2 2.12 1.18)
# Probe 5 (1.2 2.12 1.28)
# Probe 6 (1.2 2.12 1.38)
# Probe 7 (1.2 2.22 1.18)
# Probe 8 (1.2 2.22 1.28)
# Probe 9 (1.2 2.22 1.38)
# Probe 10 (1.3 2.02 1.18)
# Probe 11 (1.3 2.02 1.28)
# Probe 12 (1.3 2.02 1.38)
# Probe 13 (1.3 2.12 1.18)
# Probe 14 (1.3 2.12 1.28)
# Probe 15 (1.3 2.12 1.38)
# Probe 16 (1.3 2.22 1.18)
# Probe 17 (1.3 2.22 1.28)
# Probe 18 (1.3 2.22 1.38)
# Probe 19 (1.4 2.02 1.18)
# Probe 20 (1.4 2.02 1.28)
# Probe 21 (1.4 2.02 1.38)
# Probe 22 (1.4 2.12 1.18)
# Probe 23 (1.4 2.12 1.28)
# Probe 24 (1.4 2.12 1.38)
# Probe 25 (1.4 2.22 1.18)
# Probe 26 (1.4 2.22 1.28)
# Probe 27 (1.4 2.22 1.38)
# Time        0             1             2             3             4             5             6             7             8             9             10            11            12            13            14            15            16            17            18            19            20            21            22            23            24            25            26            27           
0             (0 0 0)       (0 0 0)       (0 0 0)       (0 0 0)       (0 0 0)       (0 0 0)       (0 0 0)       (0 0 0)       (0 0 0)       (0 0 0)       (0 0 0)       (0 0 0)       (0 0 0)       (0 0 0)       (0 0 0)       (0 0 0)       (0 0 0)       (0 0 0)       (0 0 0)       (0 0 0)       (0 0 0)       (0 0 0)       (0 0 0)       (0 0 0)       (0 0 0)       (0 0 0)       (0 0 0)       (0 0 0)      
2             (-0.163069 -0.477209 -0.0611035) (-0.158109 -0.493669 -0.062848) (-0.159181 -0.494566 -0.0624862) (-0.155839 -0.479076 -0.0773425) (-0.158109 -0.493669 -0.062848) (-0.159181 -0.494566 -0.0624862) (-0.155839 -0.479076 -0.0773425) (-0.136745 -0.468133 -0.0512722) (-0.140327 -0.471214 -0.0525914) (-0.139371 -0.458588 -0.0657489) (-0.159774 -0.475999 -0.0589635) (-0.163069 -0.477209 -0.0611035) (-0.161165 -0.462551 -0.0757943) (-0.159774 -0.475999 -0.0589635) (-0.163069 -0.477209 -0.0611035) (-0.161165 -0.462551 -0.0757943) (-0.142889 -0.45355 -0.0501334) (-0.146708 -0.456673 -0.0529359) (-0.145678 -0.44439 -0.0654553) (-0.158126 -0.458651 -0.0608526) (-0.164451 -0.459739 -0.0620407) (-0.164493 -0.445713 -0.0756988) (-0.158126 -0.458651 -0.0608526) (-0.164451 -0.459739 -0.0620407) (-0.164493 -0.445713 -0.0756988) (-0.146696 -0.439959 -0.051985) (-0.151301 -0.442251 -0.0537082) (-0.150457 -0.429993 -0.0653503)
4             (-0.246507 -0.429322 -0.0746426) (-0.22843 -0.419085 -0.0445831) (-0.244931 -0.444069 -0.0578851) (-0.254767 -0.44174 -0.0631177) (-0.22843 -0.419085 -0.0445831) (-0.244931 -0.444069 -0.0578851) (-0.254767 -0.44174 -0.0631177) (-0.22283 -0.406573 -0.0314233) (-0.239314 -0.434273 -0.0448363) (-0.248715 -0.434745 -0.049205) (-0.229176 -0.405011 -0.0609366) (-0.246507 -0.429322 -0.0746426) (-0.256543 -0.426563 -0.0825386) (-0.229176 -0.405011 -0.0609366) (-0.246507 -0.429322 -0.0746426) (-0.256543 -0.426563 -0.0825386) (-0.223811 -0.39474 -0.0483052) (-0.241159 -0.421501 -0.0620061) (-0.250915 -0.421418 -0.0689684) (-0.226329 -0.39216 -0.0793251) (-0.243308 -0.415467 -0.0927768) (-0.25303 -0.412352 -0.102966) (-0.226329 -0.39216 -0.0793251) (-0.243308 -0.415467 -0.0927768) (-0.25303 -0.412352 -0.102966) (-0.221252 -0.384513 -0.0672097) (-0.238145 -0.409765 -0.0805907) (-0.247824 -0.409106 -0.0897509)
6             (-0.248954 -0.445002 0.0344829) (-0.225056 -0.465459 0.0690102) (-0.233057 -0.469868 0.0399291) (-0.228334 -0.456974 0.082771) (-0.225056 -0.465459 0.0690102) (-0.233057 -0.469868 0.0399291) (-0.228334 -0.456974 0.082771) (-0.208171 -0.478097 0.071167) (-0.213871 -0.482191 0.0319417) (-0.205932 -0.47161 0.0709476) (-0.243723 -0.446668 0.0538757) (-0.248954 -0.445002 0.0344829) (-0.246217 -0.425398 0.0848) (-0.243723 -0.446668 0.0538757) (-0.248954 -0.445002 0.0344829) (-0.246217 -0.425398 0.0848) (-0.224142 -0.467408 0.0533816) (-0.227512 -0.465026 0.0232463) (-0.221681 -0.448066 0.0697043) (-0.262222 -0.421961 0.0490341) (-0.263191 -0.414359 0.0302134) (-0.261696 -0.387944 0.0852523) (-0.262222 -0.421961 0.0490341) (-0.263191 -0.414359 0.0302134) (-0.261696 -0.387944 0.0852523) (-0.240558 -0.450766 0.0447052) (-0.239778 -0.44274 0.0154665) (-0.235463 -0.419442 0.0667113)
8             (-0.314938 -0.182603 0.240856) (-0.324591 -0.206341 0.23899) (-0.30679 -0.21677 0.262163) (-0.28028 -0.219057 0.303172) (-0.324591 -0.206341 0.23899) (-0.30679 -0.21677 0.262163) (-0.28028 -0.219057 0.303172) (-0.315496 -0.232705 0.216798) (-0.29537 -0.236418 0.242478) (-0.267498 -0.233037 0.280677) (-0.334884 -0.183597 0.220121) (-0.314938 -0.182603 0.240856) (-0.289451 -0.182162 0.282603) (-0.334884 -0.183597 0.220121) (-0.314938 -0.182603 0.240856) (-0.289451 -0.182162 0.282603) (-0.322001 -0.219178 0.189479) (-0.301138 -0.209761 0.213087) (-0.275783 -0.203412 0.249914) (-0.334308 -0.149238 0.208067) (-0.313267 -0.135119 0.228858) (-0.289725 -0.130437 0.272941) (-0.334308 -0.149238 0.208067) (-0.313267 -0.135119 0.228858) (-0.289725 -0.130437 0.272941) (-0.317056 -0.195805 0.168709) (-0.295805 -0.170832 0.190267) (-0.273722 -0.16074 0.226965)
10            (-0.25701 0.0323592 0.372913) (-0.252467 -0.104375 0.330698) (-0.226147 0.0113263 0.365348) (-0.20074 0.0859386 0.362843) (-0.252467 -0.104375 0.330698) (-0.226147 0.0113263 0.365348) (-0.20074 0.0859386 0.362843) (-0.245548 -0.105078 0.275539) (-0.208736 0.0306705 0.316296) (-0.180019 0.118649 0.309608) (-0.283605 -0.0794652 0.340212) (-0.25701 0.0323592 0.372913) (-0.231892 0.10005 0.36067) (-0.283605 -0.0794652 0.340212) (-0.25701 0.0323592 0.372913) (-0.231892 0.10005 0.36067) (-0.259524 -0.0700466 0.273607) (-0.225638 0.0685982 0.312672) (-0.199505 0.154249 0.30131) (-0.322601 -0.063218 0.365477) (-0.297542 0.0270467 0.384764) (-0.272305 0.0774459 0.355883) (-0.322601 -0.063218 0.365477) (-0.297542 0.0270467 0.384764) (-0.272305 0.0774459 0.355883) (-0.280339 -0.0377207 0.293275) (-0.253781 0.0875496 0.326249) (-0.230464 0.159154 0.307858)
12            (-0.297569 -0.0246389 0.348705) (-0.255658 -0.0826736 0.26157) (-0.249531 -0.0376538 0.29801) (-0.273213 0.00763625 0.321259) (-0.255658 -0.0826736 0.26157) (-0.249531 -0.0376538 0.29801) (-0.273213 0.00763625 0.321259) (-0.262572 -0.0618693 0.221839) (-0.255831 -0.011003 0.259976) (-0.279572 0.0346073 0.285701) (-0.295565 -0.0678638 0.320295) (-0.297569 -0.0246389 0.348705) (-0.320655 0.0157815 0.352884) (-0.295565 -0.0678638 0.320295) (-0.297569 -0.0246389 0.348705) (-0.320655 0.0157815 0.352884) (-0.299596 -0.0431929 0.267373) (-0.306502 0.00524578 0.310006) (-0.331023 0.0490174 0.323464) (-0.328146 -0.055059 0.374422) (-0.330901 -0.0155842 0.380731) (-0.350437 0.0175451 0.35776) (-0.328146 -0.055059 0.374422) (-0.330901 -0.0155842 0.380731) (-0.350437 0.0175451 0.35776) (-0.337585 -0.0233061 0.323297) (-0.349608 0.0222537 0.358439) (-0.369248 0.0578318 0.349848)
14            (-0.374633 -0.064663 0.332087) (-0.334703 -0.105264 0.230709) (-0.344393 -0.0804867 0.28125) (-0.360731 -0.0715101 0.291569) (-0.334703 -0.105264 0.230709) (-0.344393 -0.0804867 0.28125) (-0.360731 -0.0715101 0.291569) (-0.334966 -0.103339 0.215032) (-0.352203 -0.0646117 0.26099) (-0.375516 -0.0419882 0.277005) (-0.361161 -0.0812318 0.297246) (-0.374633 -0.064663 0.332087) (-0.39205 -0.0683105 0.322191) (-0.361161 -0.0812318 0.297246) (-0.374633 -0.064663 0.332087) (-0.39205 -0.0683105 0.322191) (-0.363794 -0.0763526 0.275491) (-0.386113 -0.0431948 0.315174) (-0.408978 -0.0329523 0.315728) (-0.376971 -0.0570398 0.348064) (-0.391111 -0.0508335 0.36448) (-0.406937 -0.0697222 0.325959) (-0.376971 -0.0570398 0.348064) (-0.391111 -0.0508335 0.36448) (-0.406937 -0.0697222 0.325959) (-0.386035 -0.0443619 0.339614) (-0.407267 -0.0215915 0.363008) (-0.425592 -0.0257258 0.338837)
16            (-0.381063 -0.0854751 0.295053) (-0.341442 -0.0820417 0.242077) (-0.352034 -0.086316 0.258161) (-0.36324 -0.100414 0.240078) (-0.341442 -0.0820417 0.242077) (-0.352034 -0.086316 0.258161) (-0.36324 -0.100414 0.240078) (-0.357717 -0.0505932 0.242975) (-0.375374 -0.0483495 0.270158) (-0.390994 -0.0542099 0.265053) (-0.378335 -0.0708089 0.296008) (-0.381063 -0.0854751 0.295053) (-0.385962 -0.10878 0.253034) (-0.378335 -0.0708089 0.296008) (-0.381063 -0.0854751 0.295053) (-0.385962 -0.10878 0.253034) (-0.397506 -0.0371381 0.299127) (-0.405406 -0.0442357 0.318111) (-0.412853 -0.0575769 0.293902) (-0.396392 -0.0638714 0.341928) (-0.391208 -0.0869693 0.314321) (-0.390292 -0.118224 0.24441) (-0.396392 -0.0638714 0.341928) (-0.391208 -0.0869693 0.314321) (-0.390292 -0.118224 0.24441) (-0.420613 -0.0253339 0.363233) (-0.417167 -0.0405108 0.359547) (-0.416281 -0.060458 0.310216)
18            (-0.374678 -0.0741513 0.290003) (-0.342777 -0.0411249 0.258804) (-0.350082 -0.0565364 0.253638) (-0.357949 -0.0786006 0.219032) (-0.342777 -0.0411249 0.258804) (-0.350082 -0.0565364 0.253638) (-0.357949 -0.0786006 0.219032) (-0.360784 -0.00170207 0.279539) (-0.379796 -0.00696824 0.291702) (-0.394337 -0.020528 0.275172) (-0.382365 -0.0504351 0.318676) (-0.374678 -0.0741513 0.290003) (-0.37168 -0.100296 0.227886) (-0.382365 -0.0504351 0.318676) (-0.374678 -0.0741513 0.290003) (-0.37168 -0.100296 0.227886) (-0.404398 -0.00363428 0.353049) (-0.407159 -0.0170384 0.348109) (-0.409203 -0.0350426 0.306546) (-0.398134 -0.0674408 0.368841) (-0.376037 -0.0934055 0.309046) (-0.364556 -0.119246 0.219066) (-0.398134 -0.0674408 0.368841) (-0.376037 -0.0934055 0.309046) (-0.364556 -0.119246 0.219066) (-0.426983 -0.0104027 0.429038) (-0.412292 -0.0285107 0.395724) (-0.403429 -0.0485176 0.325609)
20            (-0.360183 -0.0439775 0.336886) (-0.338539 -0.0129346 0.295107) (-0.339485 -0.0157642 0.287702) (-0.334571 -0.0252612 0.250152) (-0.338539 -0.0129346 0.295107) (-0.339485 -0.0157642 0.287702) (-0.334571 -0.0252612 0.250152) (-0.358631 0.0222382 0.32654) (-0.37151 0.0341763 0.333263) (-0.374725 0.0339159 0.316599) (-0.379434 -0.0380544 0.367298) (-0.360183 -0.0439775 0.336886) (-0.339231 -0.0526017 0.270747) (-0.379434 -0.0380544 0.367298) (-0.360183 -0.0439775 0.336886) (-0.339231 -0.0526017 0.270747) (-0.403937 0.00708697 0.414346) (-0.397353 0.0146219 0.402225) (-0.384357 0.0131339 0.359196) (-0.39509 -0.0680169 0.429271) (-0.3546 -0.0709267 0.366261) (-0.320318 -0.0751632 0.271028) (-0.39509 -0.0680169 0.429271) (-0.3546 -0.0709267 0.366261) (-0.320318 -0.0751632 0.271028) (-0.427901 -0.00940749 0.50125) (-0.400133 -0.00416322 0.458331) (-0.372532 -0.00596719 0.385413)
22            (-0.377348 0.00680542 0.386991) (-0.358419 0.0223156 0.333442) (-0.359784 0.0335456 0.326802) (-0.341839 0.03814 0.292285) (-0.358419 0.0223156 0.333442) (-0.359784 0.0335456 0.326802) (-0.341839 0.03814 0.292285) (-0.376348 0.0498507 0.362059) (-0.38806 0.0757635 0.364817) (-0.38354 0.0912855 0.353215) (-0.398706 -0.00688379 0.413926) (-0.377348 0.00680542 0.386991) (-0.339107 0.0166453 0.323343) (-0.398706 -0.00688379 0.413926) (-0.377348 0.00680542 0.386991) (-0.339107 0.0166453 0.323343) (-0.418999 0.0294122 0.456661) (-0.411558 0.0569034 0.443476) (-0.388899 0.0746419 0.406309) (-0.412641 -0.034682 0.490428) (-0.364162 -0.0135584 0.428579) (-0.306283 0.00337081 0.329595) (-0.412641 -0.034682 0.490428) (-0.364162 -0.0135584 0.428579) (-0.306283 0.00337081 0.329595) (-0.441663 0.0144859 0.554831) (-0.410236 0.0427486 0.510057) (-0.36911 0.0620058 0.440203)
24            (-0.410235 0.0578455 0.420415) (-0.39955 0.0727547 0.361317) (-0.396714 0.0826259 0.352492) (-0.368495 0.0857489 0.314811) (-0.39955 0.0727547 0.361317) (-0.396714 0.0826259 0.352492) (-0.368495 0.0857489 0.314811) (-0.415879 0.0997469 0.386322) (-0.421057 0.121608 0.39083) (-0.406166 0.135443 0.374665) (-0.439324 0.0431149 0.450454) (-0.410235 0.0578455 0.420415) (-0.358173 0.0676545 0.352768) (-0.439324 0.0431149 0.450454) (-0.410235 0.0578455 0.420415) (-0.358173 0.0676545 0.352768) (-0.459036 0.0793262 0.492473) (-0.442275 0.105148 0.481104) (-0.406992 0.123052 0.439957) (-0.44951 0.0182162 0.535819) (-0.387241 0.0411356 0.461967) (-0.308276 0.058735 0.353659) (-0.44951 0.0182162 0.535819) (-0.387241 0.0411356 0.461967) (-0.308276 0.058735 0.353659) (-0.482275 0.0673122 0.605958) (-0.437364 0.0962628 0.557922) (-0.378995 0.116203 0.481741)
26            (-0.376711 0.107869 0.418751) (-0.395247 0.116218 0.363466) (-0.374367 0.130043 0.350312) (-0.323186 0.136424 0.304183) (-0.395247 0.116218 0.363466) (-0.374367 0.130043 0.350312) (-0.323186 0.136424 0.304183) (-0.429156 0.141633 0.41632) (-0.426448 0.169751 0.425306) (-0.397818 0.184363 0.401443) (-0.42318 0.0899822 0.461634) (-0.376711 0.107869 0.418751) (-0.301827 0.120801 0.340374) (-0.42318 0.0899822 0.461634) (-0.376711 0.107869 0.418751) (-0.301827 0.120801 0.340374) (-0.470553 0.125238 0.536027) (-0.443154 0.155382 0.521467) (-0.391014 0.172314 0.468932) (-0.416368 0.0702475 0.533102) (-0.340465 0.0951766 0.447555) (-0.24071 0.116246 0.331847) (-0.416368 0.0702475 0.533102) (-0.340465 0.0951766 0.447555) (-0.24071 0.116246 0.331847) (-0.489941 0.119733 0.653616) (-0.430655 0.148855 0.596749) (-0.352387 0.165449 0.502862)
28            (-0.247531 0.15983 0.255459) (-0.357836 0.167108 0.271939) (-0.277601 0.179828 0.218485) (-0.179284 0.191791 0.163939) (-0.357836 0.167108 0.271939) (-0.277601 0.179828 0.218485) (-0.179284 0.191791 0.163939) (-0.414528 0.198997 0.36159) (-0.381484 0.215655 0.348434) (-0.321826 0.222715 0.303248) (-0.341064 0.140738 0.34681) (-0.247531 0.15983 0.255459) (-0.141322 0.177678 0.175396) (-0.341064 0.140738 0.34681) (-0.247531 0.15983 0.255459) (-0.141322 0.177678 0.175396) (-0.427073 0.184579 0.480456) (-0.375699 0.199558 0.433746) (-0.30151 0.207516 0.358232) (-0.285083 0.129801 0.358705) (-0.179609 0.156835 0.238127) (-0.0701941 0.179702 0.144857) (-0.285083 0.129801 0.358705) (-0.179609 0.156835 0.238127) (-0.0701941 0.179702 0.144857) (-0.413312 0.177998 0.567969) (-0.340012 0.190823 0.482992) (-0.250247 0.198991 0.374409)
30            (-0.0178117 0.227728 0.141941) (-0.220985 0.213294 0.212801) (-0.0773836 0.243681 0.13831) (0.0257941 0.246221 0.0927235) (-0.220985 0.213294 0.212801) (-0.0773836 0.243681 0.13831) (0.0257941 0.246221 0.0927235) (-0.337113 0.242185 0.286058) (-0.24468 0.262716 0.240939) (-0.143804 0.265679 0.179901) (-0.159868 0.192698 0.248841) (-0.0178117 0.227728 0.141941) (0.0773984 0.23024 0.0842731) (-0.159868 0.192698 0.248841) (-0.0178117 0.227728 0.141941) (0.0773984 0.23024 0.0842731) (-0.315367 0.223655 0.374787) (-0.211655 0.245136 0.291906) (-0.106363 0.24991 0.204704) (-0.0500024 0.202032 0.199492) (0.0729693 0.232297 0.0875875) (0.142571 0.224523 0.0449553) (-0.0500024 0.202032 0.199492) (0.0729693 0.232297 0.0875875) (0.142571 0.224523 0.0449553) (-0.260663 0.219072 0.406051) (-0.149894 0.239262 0.291825) (-0.0452551 0.242297 0.187605)
32            (0.12473 0.235775 0.134758) (-0.0720924 0.246542 0.234095) (0.0505043 0.256641 0.144448) (0.0989844 0.233952 0.0733074) (-0.0720924 0.246542 0.234095) (0.0505043 0.256641 0.144448) (0.0989844 0.233952 0.0733074) (-0.221375 0.270079 0.272221) (-0.0938767 0.288679 0.198442) (0.00741026 0.271993 0.126434) (0.0131177 0.223354 0.249815) (0.12473 0.235775 0.134758) (0.149985 0.216256 0.0449446) (0.0131177 0.223354 0.249815) (0.12473 0.235775 0.134758) (0.149985 0.216256 0.0449446) (-0.17304 0.244014 0.326768) (-0.040483 0.26626 0.219352) (0.0598453 0.252638 0.13016) (0.151306 0.232319 0.163102) (0.20762 0.236106 0.0453912) (0.193734 0.201925 -0.0134582) (0.151306 0.232319 0.163102) (0.20762 0.236106 0.0453912) (0.193734 0.201925 -0.0134582) (-0.0813074 0.242391 0.298835) (0.0444566 0.258368 0.169895) (0.129419 0.236346 0.0856703)
34            (0.122593 0.189104 0.0932222) (-0.0216501 0.208617 0.252616) (0.0560592 0.19632 0.119032) (0.0934307 0.149753 0.0100317) (-0.0216501 0.208617 0.252616) (0.0560592 0.19632 0.119032) (0.0934307 0.149753 0.0100317) (-0.145916 0.252494 0.292188) (-0.0301891 0.250981 0.196701) (0.054652 0.208582 0.0948839) (0.0565126 0.189882 0.238303) (0.122593 0.189104 0.0932222) (0.151968 0.138049 -0.0206835) (0.0565126 0.189882 0.238303) (0.122593 0.189104 0.0932222) (0.151968 0.138049 -0.0206835) (-0.0945183 0.224924 0.33077) (0.030262 0.232504 0.211578) (0.114965 0.203486 0.0814619) (0.165928 0.205156 0.109821) (0.196309 0.186488 0.00572709) (0.201801 0.122865 -0.0912702) (0.165928 0.205156 0.109821) (0.196309 0.186488 0.00572709) (0.201801 0.122865 -0.0912702) (0.00460496 0.216867 0.276915) (0.127656 0.229278 0.127616) (0.185843 0.192963 0.00822186)
36            (0.127997 0.130149 0.0677158) (-0.0336909 0.148288 0.231914) (0.0510872 0.126979 0.0994372) (0.113422 0.0461559 -0.0568954) (-0.0336909 0.148288 0.231914) (0.0510872 0.126979 0.0994372) (0.113422 0.0461559 -0.0568954) (-0.131071 0.207685 0.296422) (-0.0252606 0.198973 0.192699) (0.0693739 0.138118 0.0552694) (0.0428233 0.145502 0.208147) (0.127997 0.130149 0.0677158) (0.178806 0.0452069 -0.0972247) (0.0428233 0.145502 0.208147) (0.127997 0.130149 0.0677158) (0.178806 0.0452069 -0.0972247) (-0.0825807 0.186297 0.322805) (0.0414862 0.196229 0.194733) (0.139101 0.143659 0.0345258) (0.15575 0.165067 0.0679511) (0.210464 0.128203 -0.0431642) (0.228855 0.0452512 -0.166223) (0.15575 0.165067 0.0679511) (0.210464 0.128203 -0.0431642) (0.228855 0.0452512 -0.166223) (0.0249594 0.194355 0.231001) (0.142457 0.201408 0.092692) (0.218813 0.129153 -0.0633369)
38            (0.134209 0.0970558 0.0395077) (-0.0536935 0.12447 0.206388) (0.0473134 0.0896017 0.0830701) (0.131638 -0.015935 -0.113512) (-0.0536935 0.12447 0.206388) (0.0473134 0.0896017 0.0830701) (0.131638 -0.015935 -0.113512) (-0.135674 0.181892 0.282607) (-0.0309783 0.1712 0.18594) (0.0824249 0.0822358 0.0159205) (0.0334922 0.123001 0.175752) (0.134209 0.0970558 0.0395077) (0.197901 -0.00445818 -0.149029) (0.0334922 0.123001 0.175752) (0.134209 0.0970558 0.0395077) (0.197901 -0.00445818 -0.149029) (-0.0841499 0.162635 0.300913) (0.045676 0.170069 0.174793) (0.161271 0.089267 -0.0195649) (0.158155 0.14121 0.0222562) (0.22368 0.0894771 -0.0899185) (0.245498 0.0113005 -0.200089) (0.158155 0.14121 0.0222562) (0.22368 0.0894771 -0.0899185) (0.245498 0.0113005 -0.200089) (0.0388138 0.174712 0.184805) (0.161424 0.169664 0.0503738) (0.244717 0.0723925 -0.127463)
40            (0.161213 0.0736162 -0.00100104) (-0.0424023 0.113428 0.189576) (0.0703702 0.0712293 0.0560398) (0.145998 -0.0304779 -0.138795) (-0.0424023 0.113428 0.189576) (0.0703702 0.0712293 0.0560398) (0.145998 -0.0304779 -0.138795) (-0.121101 0.167614 0.269294) (-0.0099472 0.154345 0.170231) (0.109754 0.0559217 -0.0149066) (0.0553664 0.10961 0.149936) (0.161213 0.0736162 -0.00100104) (0.208407 -0.0150406 -0.163421) (0.0553664 0.10961 0.149936) (0.161213 0.0736162 -0.00100104) (0.208407 -0.0150406 -0.163421) (-0.0653592 0.148959 0.284848) (0.0770823 0.149203 0.146089) (0.19041 0.0574339 -0.0578506) (0.18664 0.12234 -0.0144845) (0.241962 0.065902 -0.119835) (0.253937 0.00351071 -0.203991) (0.18664 0.12234 -0.0144845) (0.241962 0.065902 -0.119835) (0.253937 0.00351071 -0.203991) (0.0768744 0.157847 0.143637) (0.199769 0.137771 0.000706789) (0.261454 0.0470401 -0.145454)
42            (0.188193 0.0478287 -0.032588) (-0.0204755 0.0879254 0.179171) (0.0967402 0.0421791 0.0286478) (0.159226 -0.0320204 -0.14063) (-0.0204755 0.0879254 0.179171) (0.0967402 0.0421791 0.0286478) (0.159226 -0.0320204 -0.14063) (-0.102055 0.146345 0.263415) (0.0169824 0.12494 0.156928) (0.135032 0.034448 -0.028894) (0.0842281 0.0917499 0.133581) (0.188193 0.0478287 -0.032588) (0.220979 -0.0149793 -0.161663) (0.0842281 0.0917499 0.133581) (0.188193 0.0478287 -0.032588) (0.220979 -0.0149793 -0.161663) (-0.0438717 0.132065 0.27569) (0.103793 0.123195 0.128304) (0.215602 0.0370234 -0.070323) (0.209355 0.104 -0.0350228) (0.257549 0.0530669 -0.131241) (0.264441 0.00857065 -0.196641) (0.209355 0.104 -0.0350228) (0.257549 0.0530669 -0.131241) (0.264441 0.00857065 -0.196641) (0.108463 0.137668 0.113185) (0.226132 0.109653 -0.0223285) (0.277469 0.0392929 -0.138325)
44            (0.196432 0.0448264 -0.0494473) (-0.0111944 0.0767629 0.174043) (0.108243 0.0282692 0.0103653) (0.166955 -0.0265434 -0.138524) (-0.0111944 0.0767629 0.174043) (0.108243 0.0282692 0.0103653) (0.166955 -0.0265434 -0.138524) (-0.0926586 0.1373 0.256444) (0.0292197 0.113419 0.150532) (0.148346 0.0286903 -0.0304529) (0.0930143 0.0887489 0.120443) (0.196432 0.0448264 -0.0494473) (0.226108 -0.00229353 -0.156861) (0.0930143 0.0887489 0.120443) (0.196432 0.0448264 -0.0494473) (0.226108 -0.00229353 -0.156861) (-0.0303823 0.126403 0.257761) (0.112329 0.117868 0.116909) (0.225999 0.039455 -0.0665049) (0.210947 0.107423 -0.0476763) (0.258014 0.0646411 -0.133261) (0.266903 0.0287822 -0.187142) (0.210947 0.107423 -0.0476763) (0.258014 0.0646411 -0.133261) (0.266903 0.0287822 -0.187142) (0.119693 0.131958 0.0898653) (0.230707 0.110806 -0.0240459) (0.284371 0.0511221 -0.12211)
46            (0.21917 0.0500441 -0.0662751) (0.00438823 0.0770985 0.166454) (0.134815 0.025026 -0.00980076) (0.191961 -0.0179136 -0.134029) (0.00438823 0.0770985 0.166454) (0.134815 0.025026 -0.00980076) (0.191961 -0.0179136 -0.134029) (-0.0780562 0.13708 0.253281) (0.0547854 0.113478 0.14228) (0.178982 0.03106 -0.0269123) (0.110695 0.098291 0.0981623) (0.21917 0.0500441 -0.0662751) (0.24741 0.0126963 -0.150192) (0.110695 0.098291 0.0981623) (0.21917 0.0500441 -0.0662751) (0.24741 0.0126963 -0.150192) (-0.00844406 0.13158 0.243305) (0.139938 0.120697 0.102482) (0.253189 0.0466399 -0.0573013) (0.222904 0.12353 -0.0699356) (0.272896 0.079851 -0.139379) (0.284928 0.0503599 -0.178378) (0.222904 0.12353 -0.0699356) (0.272896 0.079851 -0.139379) (0.284928 0.0503599 -0.178378) (0.1437 0.142648 0.0699361) (0.253518 0.118408 -0.025597) (0.308808 0.0630013 -0.104338)
48            (0.24634 0.0710219 -0.0861515) (0.0452483 0.105463 0.141205) (0.170659 0.042038 -0.0369881) (0.216375 0.00125543 -0.134632) (0.0452483 0.105463 0.141205) (0.170659 0.042038 -0.0369881) (0.216375 0.00125543 -0.134632) (-0.0467147 0.155465 0.245012) (0.093406 0.133099 0.124726) (0.212541 0.0441558 -0.0267573) (0.155805 0.130096 0.0608727) (0.24634 0.0710219 -0.0861515) (0.264665 0.036457 -0.146747) (0.155805 0.130096 0.0608727) (0.24634 0.0710219 -0.0861515) (0.264665 0.036457 -0.146747) (0.041353 0.155909 0.222407) (0.182006 0.140911 0.0842339) (0.280737 0.0636396 -0.0485626) (0.249078 0.149642 -0.0930912) (0.287419 0.103196 -0.145086) (0.297062 0.0774363 -0.170401) (0.249078 0.149642 -0.0930912) (0.287419 0.103196 -0.145086) (0.297062 0.0774363 -0.170401) (0.192587 0.170617 0.0535892) (0.281752 0.139212 -0.0233007) (0.33072 0.0816193 -0.0843836)
50            (0.266801 0.0809383 -0.105008) (0.083206 0.115283 0.1089) (0.206383 0.0466895 -0.0624548) (0.238792 0.0201908 -0.127423) (0.083206 0.115283 0.1089) (0.206383 0.0466895 -0.0624548) (0.238792 0.0201908 -0.127423) (-0.0172547 0.168738 0.242268) (0.130002 0.135537 0.105845) (0.24543 0.0522991 -0.0198235) (0.189254 0.137302 0.0168725) (0.266801 0.0809383 -0.105008) (0.275912 0.0588937 -0.140811) (0.189254 0.137302 0.0168725) (0.266801 0.0809383 -0.105008) (0.275912 0.0588937 -0.140811) (0.0856092 0.170787 0.198464) (0.216582 0.147161 0.0637394) (0.303214 0.0775408 -0.0373682) (0.260842 0.161264 -0.124398) (0.292328 0.121852 -0.159029) (0.297828 0.105481 -0.167627) (0.260842 0.161264 -0.124398) (0.292328 0.121852 -0.159029) (0.297828 0.105481 -0.167627) (0.218098 0.185721 0.0311858) (0.298922 0.153755 -0.0310572) (0.342577 0.102821 -0.0702796)
52            (0.253886 0.0983815 -0.125968) (0.0825841 0.114962 0.0714698) (0.208674 0.0577202 -0.0858995) (0.233679 0.0485566 -0.132461) (0.0825841 0.114962 0.0714698) (0.208674 0.0577202 -0.0858995) (0.233679 0.0485566 -0.132461) (-0.0221722 0.174244 0.232549) (0.127487 0.141807 0.0907838) (0.241492 0.0752736 -0.0164146) (0.187199 0.13687 -0.0300595) (0.253886 0.0983815 -0.125968) (0.260537 0.0922505 -0.151851) (0.187199 0.13687 -0.0300595) (0.253886 0.0983815 -0.125968) (0.260537 0.0922505 -0.151851) (0.0828955 0.177964 0.169483) (0.208297 0.158778 0.0434719) (0.288805 0.106677 -0.0378577) (0.242966 0.172772 -0.159342) (0.270172 0.149389 -0.182761) (0.272939 0.145099 -0.185486) (0.242966 0.172772 -0.159342) (0.270172 0.149389 -0.182761) (0.272939 0.145099 -0.185486) (0.197348 0.198487 0.000701334) (0.275902 0.176373 -0.0498784) (0.320018 0.140987 -0.0766352)
54            (0.234648 0.127887 -0.161093) (0.0866888 0.111233 0.0437556) (0.198163 0.0821122 -0.1148) (0.214346 0.0881466 -0.156688) (0.0866888 0.111233 0.0437556) (0.198163 0.0821122 -0.1148) (0.214346 0.0881466 -0.156688) (-0.0301658 0.184396 0.221568) (0.117362 0.163521 0.068944) (0.225796 0.117291 -0.0311474) (0.191904 0.139264 -0.077086) (0.234648 0.127887 -0.161093) (0.23264 0.136415 -0.185659) (0.191904 0.139264 -0.077086) (0.234648 0.127887 -0.161093) (0.23264 0.136415 -0.185659) (0.0872954 0.191826 0.132676) (0.199387 0.184244 0.00504122) (0.265802 0.153482 -0.0659023) (0.231297 0.190039 -0.198261) (0.242912 0.186453 -0.220636) (0.237698 0.193865 -0.224439) (0.231297 0.190039 -0.198261) (0.242912 0.186453 -0.220636) (0.237698 0.193865 -0.224439) (0.195932 0.218744 -0.0507472) (0.256133 0.211867 -0.0945858) (0.28863 0.196104 -0.115671)
56            (0.207921 0.147029 -0.200907) (0.0892903 0.0901887 -0.00433915) (0.173292 0.100717 -0.154863) (0.184694 0.122721 -0.20017) (0.0892903 0.0901887 -0.00433915) (0.173292 0.100717 -0.154863) (0.184694 0.122721 -0.20017) (-0.0382837 0.175776 0.187759) (0.0993012 0.171859 0.0207806) (0.195796 0.154047 -0.0800213) (0.189391 0.127494 -0.123852) (0.207921 0.147029 -0.200907) (0.198982 0.170204 -0.229462) (0.189391 0.127494 -0.123852) (0.207921 0.147029 -0.200907) (0.198982 0.170204 -0.229462) (0.092532 0.183899 0.0733055) (0.185641 0.192656 -0.0601548) (0.229117 0.190747 -0.123306) (0.21764 0.188991 -0.225113) (0.213825 0.204843 -0.250926) (0.200946 0.225086 -0.260213) (0.21764 0.188991 -0.225113) (0.213825 0.204843 -0.250926) (0.200946 0.225086 -0.260213) (0.191834 0.21553 -0.108349) (0.229139 0.229159 -0.152976) (0.243923 0.236488 -0.173189)
58            (0.183213 0.151305 -0.237248) (0.0955034 0.0724072 -0.0639237) (0.148816 0.106358 -0.203089) (0.152163 0.140168 -0.250685) (0.0955034 0.0724072 -0.0639237) (0.148816 0.106358 -0.203089) (0.152163 0.140168 -0.250685) (-0.0331407 0.165508 0.143116) (0.0966941 0.168225 -0.0498298) (0.164943 0.17355 -0.152011) (0.183703 0.118135 -0.167581) (0.183213 0.151305 -0.237248) (0.167242 0.184996 -0.267519) (0.183703 0.118135 -0.167581) (0.183213 0.151305 -0.237248) (0.167242 0.184996 -0.267519) (0.108312 0.171498 0.00662598) (0.180316 0.192716 -0.136456) (0.195205 0.210253 -0.189256) (0.201087 0.179792 -0.242262) (0.187558 0.204774 -0.268764) (0.169246 0.234344 -0.280761) (0.201087 0.179792 -0.242262) (0.187558 0.204774 -0.268764) (0.169246 0.234344 -0.280761) (0.191792 0.212905 -0.16088) (0.209098 0.234046 -0.206294) (0.205111 0.253854 -0.225396)
60            (0.159787 0.140863 -0.26028) (0.0979232 0.0474636 -0.127095) (0.128843 0.0970082 -0.241465) (0.124566 0.143277 -0.28639) (0.0979232 0.0474636 -0.127095) (0.128843 0.0970082 -0.241465) (0.124566 0.143277 -0.28639) (-0.0199703 0.138219 0.088666) (0.105645 0.150972 -0.131139) (0.140457 0.176757 -0.214068) (0.17159 0.0986331 -0.205312) (0.159787 0.140863 -0.26028) (0.139275 0.184412 -0.288893) (0.17159 0.0986331 -0.205312) (0.159787 0.140863 -0.26028) (0.139275 0.184412 -0.288893) (0.130788 0.152342 -0.0736823) (0.172374 0.18263 -0.193822) (0.167301 0.212375 -0.23829) (0.178502 0.158521 -0.252013) (0.159966 0.190407 -0.274516) (0.139492 0.227957 -0.287029) (0.178502 0.158521 -0.252013) (0.159966 0.190407 -0.274516) (0.139492 0.227957 -0.287029) (0.185734 0.198842 -0.201526) (0.187763 0.22358 -0.239477) (0.173391 0.252266 -0.257725)
62            (0.137867 0.119736 -0.272424) (0.0997699 0.0164778 -0.177493) (0.112144 0.0762362 -0.26473) (0.102214 0.132409 -0.305768) (0.0997699 0.0164778 -0.177493) (0.112144 0.0762362 -0.26473) (0.102214 0.132409 -0.305768) (0.0063979 0.098855 0.0239603) (0.112662 0.125906 -0.195621) (0.122315 0.164683 -0.255802) (0.15828 0.0703905 -0.229753) (0.137867 0.119736 -0.272424) (0.11474 0.170767 -0.299351) (0.15828 0.0703905 -0.229753) (0.137867 0.119736 -0.272424) (0.11474 0.170767 -0.299351) (0.148789 0.125188 -0.141432) (0.16236 0.16181 -0.230633) (0.143938 0.199719 -0.26816) (0.156781 0.127508 -0.257798) (0.134504 0.166262 -0.276105) (0.113129 0.210266 -0.290306) (0.156781 0.127508 -0.257798) (0.134504 0.166262 -0.276105) (0.113129 0.210266 -0.290306) (0.177731 0.172483 -0.22937) (0.167324 0.200869 -0.258166) (0.146533 0.236965 -0.276166)
64            (0.122646 0.0940206 -0.284786) (0.101255 -0.016435 -0.215336) (0.0994578 0.0500092 -0.281865) (0.0870687 0.110698 -0.321411) (0.101255 -0.016435 -0.215336) (0.0994578 0.0500092 -0.281865) (0.0870687 0.110698 -0.321411) (0.0465747 0.0656633 -0.0519939) (0.1129 0.0969611 -0.228873) (0.110206 0.140957 -0.284145) (0.14987 0.0393562 -0.248208) (0.122646 0.0940206 -0.284786) (0.0988674 0.148381 -0.312389) (0.14987 0.0393562 -0.248208) (0.122646 0.0940206 -0.284786) (0.0988674 0.148381 -0.312389) (0.163083 0.0974732 -0.1862) (0.153378 0.134645 -0.253812) (0.1287 0.176542 -0.290832) (0.145778 0.0946385 -0.266776) (0.119835 0.138884 -0.285095) (0.0981057 0.18617 -0.302824) (0.145778 0.0946385 -0.266776) (0.119835 0.138884 -0.285095) (0.0981057 0.18617 -0.302824) (0.175015 0.140594 -0.249181) (0.154179 0.172956 -0.274077) (0.130285 0.212776 -0.294387)
66            (0.120872 0.0661732 -0.301363) (0.106315 -0.0460479 -0.242955) (0.0978974 0.0225017 -0.297563) (0.0849382 0.0838295 -0.334884) (0.106315 -0.0460479 -0.242955) (0.0978974 0.0225017 -0.297563) (0.0849382 0.0838295 -0.334884) (0.0868641 0.0257535 -0.120808) (0.11835 0.0625404 -0.251943) (0.109289 0.109274 -0.304319) (0.150895 0.00774852 -0.269642) (0.120872 0.0661732 -0.301363) (0.0976686 0.121412 -0.328599) (0.150895 0.00774852 -0.269642) (0.120872 0.0661732 -0.301363) (0.0976686 0.121412 -0.328599) (0.176516 0.0656858 -0.222296) (0.153573 0.101757 -0.274607) (0.126888 0.145586 -0.310615) (0.148879 0.0624871 -0.288399) (0.120858 0.110192 -0.304527) (0.0995218 0.158525 -0.323404) (0.148879 0.0624871 -0.288399) (0.120858 0.110192 -0.304527) (0.0995218 0.158525 -0.323404) (0.181457 0.105267 -0.274744) (0.154681 0.140379 -0.29508) (0.129793 0.181351 -0.315774)
68            (0.125698 0.0305949 -0.318856) (0.111964 -0.0780115 -0.265904) (0.102626 -0.012568 -0.311739) (0.0895866 0.0466484 -0.344864) (0.111964 -0.0780115 -0.265904) (0.102626 -0.012568 -0.311739) (0.0895866 0.0466484 -0.344864) (0.115699 -0.0236314 -0.183451) (0.125313 0.0184859 -0.266546) (0.114391 0.0649299 -0.317272) (0.154689 -0.027798 -0.294004) (0.125698 0.0305949 -0.318856) (0.104041 0.0844176 -0.343558) (0.154689 -0.027798 -0.294004) (0.125698 0.0305949 -0.318856) (0.104041 0.0844176 -0.343558) (0.18651 0.0227491 -0.252247) (0.157112 0.0598221 -0.29227) (0.131933 0.102473 -0.326384) (0.155727 0.0274349 -0.31641) (0.12841 0.0748868 -0.326845) (0.108746 0.121826 -0.343623) (0.155727 0.0274349 -0.31641) (0.12841 0.0748868 -0.326845) (0.108746 0.121826 -0.343623) (0.188963 0.0646483 -0.302118) (0.159976 0.0997113 -0.316422) (0.136712 0.138865 -0.335578)
70            (0.124217 -0.00510873 -0.332244) (0.109184 -0.106814 -0.289805) (0.100654 -0.0466202 -0.323425) (0.08945 0.00865597 -0.349851) (0.109184 -0.106814 -0.289805) (0.100654 -0.0466202 -0.323425) (0.08945 0.00865597 -0.349851) (0.122764 -0.0704717 -0.223656) (0.12332 -0.0288581 -0.279059) (0.112789 0.0164967 -0.323614) (0.148888 -0.060674 -0.317441) (0.124217 -0.00510873 -0.332244) (0.105236 0.0468588 -0.351989) (0.148888 -0.060674 -0.317441) (0.124217 -0.00510873 -0.332244) (0.105236 0.0468588 -0.351989) (0.182582 -0.0251058 -0.275919) (0.15387 0.0129115 -0.305763) (0.131907 0.0553259 -0.335023) (0.154465 -0.00858753 -0.338623) (0.130411 0.0384368 -0.341713) (0.113138 0.0844663 -0.354403) (0.154465 -0.00858753 -0.338623) (0.130411 0.0384368 -0.341713) (0.113138 0.0844663 -0.354403) (0.187324 0.0175139 -0.323245) (0.160913 0.0532588 -0.330807) (0.140765 0.0922577 -0.346224)
72            (0.12196 -0.0361023 -0.34409) (0.101955 -0.130605 -0.307591) (0.0987669 -0.0745247 -0.329432) (0.09154 -0.0233007 -0.352345) (0.101955 -0.130605 -0.307591) (0.0987669 -0.0745247 -0.329432) (0.09154 -0.0233007 -0.352345) (0.114637 -0.107646 -0.242244) (0.116342 -0.0678435 -0.288039) (0.110186 -0.0255179 -0.325948) (0.140213 -0.0875734 -0.336174) (0.12196 -0.0361023 -0.34409) (0.108695 0.0134661 -0.357013) (0.140213 -0.0875734 -0.336174) (0.12196 -0.0361023 -0.34409) (0.108695 0.0134661 -0.357013) (0.167685 -0.0667573 -0.295116) (0.146339 -0.0292308 -0.317901) (0.131025 0.0117703 -0.340612) (0.147267 -0.040146 -0.360023) (0.130668 0.00444456 -0.354139) (0.118362 0.0494458 -0.360908) (0.147267 -0.040146 -0.360023) (0.130668 0.00444456 -0.354139) (0.118362 0.0494458 -0.360908) (0.176121 -0.0253555 -0.343373) (0.156805 0.00914915 -0.343141) (0.142803 0.0475602 -0.353844)
74            (0.117394 -0.0594958 -0.351912) (0.0904882 -0.147079 -0.31978) (0.0921621 -0.0980127 -0.334276) (0.0906293 -0.0507452 -0.353355) (0.0904882 -0.147079 -0.31978) (0.0921621 -0.0980127 -0.334276) (0.0906293 -0.0507452 -0.353355) (0.0976191 -0.131812 -0.245665) (0.101746 -0.09692 -0.289244) (0.10067 -0.0586895 -0.323954) (0.128773 -0.105909 -0.349343) (0.117394 -0.0594958 -0.351912) (0.109443 -0.0131481 -0.362871) (0.128773 -0.105909 -0.349343) (0.117394 -0.0594958 -0.351912) (0.109443 -0.0131481 -0.362871) (0.149182 -0.094183 -0.304021) (0.134171 -0.0599107 -0.323607) (0.124686 -0.0214246 -0.344789) (0.139725 -0.0607089 -0.37316) (0.128028 -0.0194262 -0.365413) (0.120837 0.023202 -0.36664) (0.139725 -0.0607089 -0.37316) (0.128028 -0.0194262 -0.365413) (0.120837 0.023202 -0.36664) (0.162583 -0.0553972 -0.353663) (0.149041 -0.0224683 -0.352352) (0.140436 0.0144125 -0.358872)
76            (0.111262 -0.0771742 -0.358541) (0.0745394 -0.157817 -0.326305) (0.0829423 -0.116503 -0.338606) (0.0874506 -0.0733534 -0.353102) (0.0745394 -0.157817 -0.326305) (0.0829423 -0.116503 -0.338606) (0.0874506 -0.0733534 -0.353102) (0.0721171 -0.148702 -0.243365) (0.0844566 -0.12208 -0.290008) (0.0895296 -0.0875945 -0.319561) (0.114714 -0.118447 -0.357657) (0.111262 -0.0771742 -0.358541) (0.109893 -0.033329 -0.366094) (0.114714 -0.118447 -0.357657) (0.111262 -0.0771742 -0.358541) (0.109893 -0.033329 -0.366094) (0.125482 -0.115754 -0.305937) (0.119736 -0.0858942 -0.325975) (0.117126 -0.0495528 -0.344155) (0.130773 -0.0750707 -0.38162) (0.126427 -0.0367888 -0.372643) (0.124871 0.0044954 -0.371075) (0.130773 -0.0750707 -0.38162) (0.126427 -0.0367888 -0.372643) (0.124871 0.0044954 -0.371075) (0.145648 -0.0796118 -0.355728) (0.140019 -0.0489931 -0.356059) (0.137549 -0.0126743 -0.361596)
78            (0.102852 -0.0938818 -0.361984) (0.0554162 -0.170733 -0.331143) (0.0710397 -0.13526 -0.341841) (0.0810983 -0.0946416 -0.350689) (0.0554162 -0.170733 -0.331143) (0.0710397 -0.13526 -0.341841) (0.0810983 -0.0946416 -0.350689) (0.042988 -0.169083 -0.243177) (0.0670414 -0.147975 -0.291813) (0.0788611 -0.115209 -0.315777) (0.0985084 -0.132145 -0.362235) (0.102852 -0.0938818 -0.361984) (0.107926 -0.0508168 -0.363834) (0.0985084 -0.132145 -0.362235) (0.102852 -0.0938818 -0.361984) (0.107926 -0.0508168 -0.363834) (0.10093 -0.139743 -0.305347) (0.105473 -0.1117 -0.326905) (0.109408 -0.0755923 -0.340223) (0.12039 -0.0882556 -0.385763) (0.123778 -0.0510992 -0.376077) (0.128213 -0.00882965 -0.370484) (0.12039 -0.0882556 -0.385763) (0.123778 -0.0510992 -0.376077) (0.128213 -0.00882965 -0.370484) (0.128108 -0.104235 -0.353227) (0.130994 -0.0737951 -0.356386) (0.134763 -0.0364024 -0.358838)
80            (0.0931681 -0.101598 -0.364155) (0.0355195 -0.178299 -0.335224) (0.0582448 -0.146622 -0.345298) (0.0734049 -0.107198 -0.349023) (0.0355195 -0.178299 -0.335224) (0.0582448 -0.146622 -0.345298) (0.0734049 -0.107198 -0.349023) (0.0132074 -0.184049 -0.246848) (0.050284 -0.165202 -0.295585) (0.0697536 -0.132385 -0.315301) (0.0812625 -0.138331 -0.365168) (0.0931681 -0.101598 -0.364155) (0.103943 -0.0580254 -0.361004) (0.0812625 -0.138331 -0.365168) (0.0931681 -0.101598 -0.364155) (0.103943 -0.0580254 -0.361004) (0.0762426 -0.155404 -0.305779) (0.0912891 -0.127467 -0.328445) (0.101969 -0.0897868 -0.337619) (0.109133 -0.0906101 -0.387054) (0.119951 -0.0535141 -0.377167) (0.130193 -0.00940338 -0.367437) (0.109133 -0.0906101 -0.387054) (0.119951 -0.0535141 -0.377167) (0.130193 -0.00940338 -0.367437) (0.109695 -0.117448 -0.350924) (0.12128 -0.0860757 -0.355642) (0.131471 -0.0460307 -0.354673)
82            (0.0841008 -0.0991584 -0.365215) (0.0194419 -0.17862 -0.334779) (0.0471003 -0.149374 -0.348317) (0.0650272 -0.111198 -0.348306) (0.0194419 -0.17862 -0.334779) (0.0471003 -0.149374 -0.348317) (0.0650272 -0.111198 -0.348306) (-0.0078401 -0.189703 -0.2514) (0.0381103 -0.171289 -0.301609) (0.0624566 -0.138495 -0.318921) (0.0684772 -0.133971 -0.363068) (0.0841008 -0.0991584 -0.365215) (0.0969864 -0.0557893 -0.358604) (0.0684772 -0.133971 -0.363068) (0.0841008 -0.0991584 -0.365215) (0.0969864 -0.0557893 -0.358604) (0.0603976 -0.156609 -0.308545) (0.0812171 -0.129929 -0.332433) (0.0953633 -0.0915601 -0.338731) (0.101565 -0.0813934 -0.383611) (0.115167 -0.0455297 -0.376347) (0.127194 -0.00082673 -0.364185) (0.101565 -0.0813934 -0.383611) (0.115167 -0.0455297 -0.376347) (0.127194 -0.00082673 -0.364185) (0.0980894 -0.114528 -0.351355) (0.114313 -0.0843275 -0.356928) (0.127072 -0.042964 -0.353457)
84            (0.07168 -0.0918457 -0.370313) (0.00530318 -0.171542 -0.34414) (0.0358434 -0.148027 -0.3551) (0.0559699 -0.114577 -0.35247) (0.00530318 -0.171542 -0.34414) (0.0358434 -0.148027 -0.3551) (0.0559699 -0.114577 -0.35247) (-0.0239122 -0.18549 -0.269568) (0.0257252 -0.171537 -0.313434) (0.0540094 -0.142552 -0.329127) (0.053259 -0.121456 -0.370823) (0.07168 -0.0918457 -0.370313) (0.0866458 -0.05191 -0.360753) (0.053259 -0.121456 -0.370823) (0.07168 -0.0918457 -0.370313) (0.0866458 -0.05191 -0.360753) (0.0431775 -0.14768 -0.323623) (0.0679794 -0.126218 -0.342634) (0.0853056 -0.0906475 -0.346643) (0.0881966 -0.0634372 -0.389737) (0.104107 -0.0316457 -0.380138) (0.118169 0.0107813 -0.36583) (0.0881966 -0.0634372 -0.389737) (0.104107 -0.0316457 -0.380138) (0.118169 0.0107813 -0.36583) (0.0827195 -0.101182 -0.364295) (0.102164 -0.0755965 -0.365338) (0.117005 -0.0362021 -0.359499)
86            (0.0641626 -0.0769556 -0.379721) (-0.000231011 -0.158152 -0.35442) (0.030003 -0.138669 -0.366156) (0.0508337 -0.110497 -0.36272) (-0.000231011 -0.158152 -0.35442) (0.030003 -0.138669 -0.366156) (0.0508337 -0.110497 -0.36272) (-0.0293325 -0.172661 -0.289562) (0.0175637 -0.161996 -0.330152) (0.0476703 -0.137946 -0.345219) (0.045631 -0.101687 -0.380927) (0.0641626 -0.0769556 -0.379721) (0.0801084 -0.0416307 -0.368776) (0.045631 -0.101687 -0.380927) (0.0641626 -0.0769556 -0.379721) (0.0801084 -0.0416307 -0.368776) (0.0333886 -0.129751 -0.342007) (0.0579593 -0.112959 -0.358415) (0.0771661 -0.0819302 -0.361304) (0.0804618 -0.0374182 -0.399075) (0.0970504 -0.0100127 -0.387776) (0.112408 0.0285984 -0.372126) (0.0804618 -0.0374182 -0.399075) (0.0970504 -0.0100127 -0.387776) (0.112408 0.0285984 -0.372126) (0.0718973 -0.0781534 -0.382488) (0.0919957 -0.0571477 -0.380184) (0.108582 -0.0218547 -0.3728)
88            (0.0605319 -0.0568786 -0.391195) (0.00194633 -0.143027 -0.368071) (0.0286972 -0.125246 -0.379672) (0.0478733 -0.10014 -0.375036) (0.00194633 -0.143027 -0.368071) (0.0286972 -0.125246 -0.379672) (0.0478733 -0.10014 -0.375036) (-0.0240363 -0.158822 -0.314761) (0.0158236 -0.147789 -0.351727) (0.0434369 -0.126004 -0.364026) (0.0438837 -0.0792603 -0.392834) (0.0605319 -0.0568786 -0.391195) (0.0757969 -0.0246264 -0.379564) (0.0438837 -0.0792603 -0.392834) (0.0605319 -0.0568786 -0.391195) (0.0757969 -0.0246264 -0.379564) (0.0322522 -0.109054 -0.36505) (0.0528941 -0.0931134 -0.378723) (0.0709496 -0.0646016 -0.379277) (0.0776785 -0.00690672 -0.407693) (0.0933658 0.018094 -0.396805) (0.108354 0.0525832 -0.381948) (0.0776785 -0.00690672 -0.407693) (0.0933658 0.018094 -0.396805) (0.108354 0.0525832 -0.381948) (0.067927 -0.0503646 -0.402983) (0.0856805 -0.0306147 -0.398453) (0.101813 0.00218434 -0.389283)
90            (0.0572626 -0.0358087 -0.398823) (0.00721261 -0.127031 -0.381285) (0.0286899 -0.110246 -0.392095) (0.0442646 -0.086578 -0.385805) (0.00721261 -0.127031 -0.381285) (0.0286899 -0.110246 -0.392095) (0.0442646 -0.086578 -0.385805) (-0.0160993 -0.143476 -0.341007) (0.0163903 -0.13154 -0.375264) (0.0391416 -0.111108 -0.383727) (0.043666 -0.0579254 -0.400783) (0.0572626 -0.0358087 -0.398823) (0.0703287 -0.0045832 -0.386361) (0.043666 -0.0579254 -0.400783) (0.0572626 -0.0358087 -0.398823) (0.0703287 -0.0045832 -0.386361) (0.0322717 -0.0884539 -0.386017) (0.0485549 -0.0716031 -0.398629) (0.0636312 -0.0438902 -0.396115) (0.0753815 0.0208661 -0.407701) (0.0890325 0.0446041 -0.398532) (0.102423 0.0757083 -0.385484) (0.0753815 0.0208661 -0.407701) (0.0890325 0.0446041 -0.398532) (0.102423 0.0757083 -0.385484) (0.0641475 -0.0240262 -0.416381) (0.0787692 -0.00309396 -0.412565) (0.0931369 0.0292982 -0.401368)
92            (0.0569159 -0.0106424 -0.400675) (0.0138187 -0.108578 -0.39362) (0.030617 -0.090793 -0.399961) (0.0429713 -0.0661098 -0.391985) (0.0138187 -0.108578 -0.39362) (0.030617 -0.090793 -0.399961) (0.0429713 -0.0661098 -0.391985) (-0.00696687 -0.126583 -0.366724) (0.0184176 -0.111444 -0.394186) (0.0361366 -0.0899608 -0.398501) (0.044924 -0.0346185 -0.404339) (0.0569159 -0.0106424 -0.400675) (0.0690099 0.0215425 -0.388284) (0.044924 -0.0346185 -0.404339) (0.0569159 -0.0106424 -0.400675) (0.0690099 0.0215425 -0.388284) (0.0332688 -0.0657529 -0.402153) (0.0462829 -0.045537 -0.411838) (0.0589838 -0.0166181 -0.407035) (0.0752164 0.047792 -0.401704) (0.0879962 0.0711957 -0.395611) (0.100696 0.101893 -0.385765) (0.0752164 0.047792 -0.401704) (0.0879962 0.0711957 -0.395611) (0.100696 0.101893 -0.385765) (0.0622419 0.00424874 -0.421214) (0.0752913 0.0282785 -0.418237) (0.0886206 0.0606769 -0.407118)
94            (0.0597025 0.016145 -0.392918) (0.0226151 -0.0883842 -0.396047) (0.0350702 -0.0687867 -0.398895) (0.0444373 -0.0421094 -0.38901) (0.0226151 -0.0883842 -0.396047) (0.0350702 -0.0687867 -0.398895) (0.0444373 -0.0421094 -0.38901) (0.00357417 -0.107043 -0.38452) (0.0219808 -0.0893996 -0.405245) (0.0351577 -0.0665333 -0.405651) (0.0487259 -0.00992564 -0.398894) (0.0597025 0.016145 -0.392918) (0.0709161 0.0494635 -0.380822) (0.0487259 -0.00992564 -0.398894) (0.0597025 0.016145 -0.392918) (0.0709161 0.0494635 -0.380822) (0.035724 -0.0416246 -0.410939) (0.0464092 -0.0182113 -0.415745) (0.0574604 0.0125031 -0.408566) (0.076095 0.0715871 -0.389669) (0.0888834 0.0959887 -0.38593) (0.101518 0.127323 -0.379065) (0.076095 0.0715871 -0.389669) (0.0888834 0.0959887 -0.38593) (0.101518 0.127323 -0.379065) (0.0618579 0.0322125 -0.416906) (0.0745593 0.0582532 -0.413743) (0.087607 0.0904205 -0.404116)
96            (0.0664173 0.0441779 -0.374992) (0.0340551 -0.0656472 -0.389923) (0.0429216 -0.0441796 -0.387349) (0.0499526 -0.0148979 -0.375291) (0.0340551 -0.0656472 -0.389923) (0.0429216 -0.0441796 -0.387349) (0.0499526 -0.0148979 -0.375291) (0.0167016 -0.0850039 -0.394155) (0.0289595 -0.0653292 -0.405898) (0.0380567 -0.0405297 -0.402393) (0.0557765 0.0167591 -0.382788) (0.0664173 0.0441779 -0.374992) (0.0767886 0.0775727 -0.365443) (0.0557765 0.0167591 -0.382788) (0.0664173 0.0441779 -0.374992) (0.0767886 0.0775727 -0.365443) (0.0413488 -0.0157463 -0.408368) (0.0510457 0.0107274 -0.407586) (0.061416 0.0436102 -0.398519) (0.0795177 0.0954863 -0.369399) (0.0929767 0.120872 -0.36851) (0.105948 0.152673 -0.364892) (0.0795177 0.0954863 -0.369399) (0.0929767 0.120872 -0.36851) (0.105948 0.152673 -0.364892) (0.0650737 0.0596813 -0.401797) (0.078151 0.0869855 -0.400024) (0.0911739 0.120062 -0.392535)
98            (0.0767966 0.0749855 -0.348926) (0.0479958 -0.0389058 -0.371339) (0.0543933 -0.0146611 -0.363812) (0.0599018 0.01878 -0.349715) (0.0479958 -0.0389058 -0.371339) (0.0543933 -0.0146611 -0.363812) (0.0599018 0.01878 -0.349715) (0.0308905 -0.0602805 -0.392421) (0.0385328 -0.0381658 -0.394208) (0.0443111 -0.0101159 -0.387101) (0.0667848 0.0469093 -0.354954) (0.0767966 0.0749855 -0.348926) (0.0867417 0.109702 -0.341697) (0.0667848 0.0469093 -0.354954) (0.0767966 0.0749855 -0.348926) (0.0867417 0.109702 -0.341697) (0.0502241 0.0134195 -0.392452) (0.060003 0.042908 -0.386776) (0.0694708 0.077143 -0.378124) (0.0873731 0.121549 -0.340138) (0.101301 0.148029 -0.343111) (0.114453 0.180563 -0.34289) (0.0873731 0.121549 -0.340138) (0.101301 0.148029 -0.343111) (0.114453 0.180563 -0.34289) (0.0718314 0.0886253 -0.376762) (0.0856553 0.117747 -0.376744) (0.0987228 0.151785 -0.372011)
100           (0.0919588 0.114058 -0.314618) (0.0656087 -0.0021926 -0.337914) (0.0706675 0.0271218 -0.327055) (0.0757466 0.0652972 -0.313121) (0.0656087 -0.0021926 -0.337914) (0.0706675 0.0271218 -0.327055) (0.0757466 0.0652972 -0.313121) (0.0460411 -0.0273568 -0.372609) (0.0511442 -0.000971193 -0.367082) (0.0553488 0.0324143 -0.356831) (0.0825714 0.0838226 -0.318494) (0.0919588 0.114058 -0.314618) (0.101723 0.150251 -0.310557) (0.0825714 0.0838226 -0.318494) (0.0919588 0.114058 -0.314618) (0.101723 0.150251 -0.310557) (0.0638131 0.0510994 -0.360208) (0.0730844 0.082914 -0.354013) (0.0821243 0.119263 -0.347145) (0.10147 0.152974 -0.304133) (0.11495 0.181028 -0.310265) (0.127946 0.214236 -0.313916) (0.10147 0.152974 -0.304133) (0.11495 0.181028 -0.310265) (0.127946 0.214236 -0.313916) (0.0841223 0.123853 -0.341171) (0.0980074 0.154714 -0.343538) (0.111094 0.189741 -0.342317)
102           (0.110078 0.1551 -0.267867) (0.0858349 0.0423936 -0.283632) (0.0899686 0.0766754 -0.275849) (0.094315 0.117417 -0.268488) (0.0858349 0.0423936 -0.283632) (0.0899686 0.0766754 -0.275849) (0.094315 0.117417 -0.268488) (0.0613236 0.0146253 -0.328746) (0.0659891 0.0471131 -0.319525) (0.0700086 0.0857818 -0.309745) (0.101186 0.122059 -0.265505) (0.110078 0.1551 -0.267867) (0.119298 0.193117 -0.268777) (0.101186 0.122059 -0.265505) (0.110078 0.1551 -0.267867) (0.119298 0.193117 -0.268777) (0.0781792 0.0935163 -0.308202) (0.0875488 0.128164 -0.305841) (0.0967965 0.166975 -0.302222) (0.118993 0.182104 -0.25309) (0.131108 0.212601 -0.264657) (0.142797 0.247583 -0.272075) (0.118993 0.182104 -0.25309) (0.131108 0.212601 -0.264657) (0.142797 0.247583 -0.272075) (0.0981797 0.159861 -0.289021) (0.111668 0.192797 -0.296336) (0.124379 0.229391 -0.299084)
104           (0.136007 0.189005 -0.214413) (0.117167 0.0858974 -0.221475) (0.118402 0.124067 -0.220672) (0.121013 0.167485 -0.219894) (0.117167 0.0858974 -0.221475) (0.118402 0.124067 -0.220672) (0.121013 0.167485 -0.219894) (0.0869926 0.0616683 -0.264779) (0.0890678 0.0995324 -0.259275) (0.091838 0.142176 -0.254606) (0.130624 0.153025 -0.206993) (0.136007 0.189005 -0.214413) (0.141855 0.228929 -0.220315) (0.130624 0.153025 -0.206993) (0.136007 0.189005 -0.214413) (0.141855 0.228929 -0.220315) (0.102378 0.132323 -0.244854) (0.109416 0.170413 -0.24732) (0.116591 0.211612 -0.248557) (0.144745 0.200925 -0.195403) (0.152244 0.234148 -0.208863) (0.159462 0.271308 -0.219064) (0.144745 0.200925 -0.195403) (0.152244 0.234148 -0.208863) (0.159462 0.271308 -0.219064) (0.120114 0.187115 -0.227257) (0.130335 0.223082 -0.237674) (0.140085 0.262 -0.244141)
106           (0.16246 0.209481 -0.158495) (0.151209 0.118787 -0.161457) (0.149053 0.159636 -0.165586) (0.14775 0.204508 -0.172018) (0.151209 0.118787 -0.161457) (0.149053 0.159636 -0.165586) (0.14775 0.204508 -0.172018) (0.116298 0.102287 -0.199398) (0.115899 0.144641 -0.197433) (0.115957 0.190187 -0.199134) (0.162086 0.171248 -0.148529) (0.16246 0.209481 -0.158495) (0.162745 0.251026 -0.168641) (0.162086 0.171248 -0.148529) (0.16246 0.209481 -0.158495) (0.162745 0.251026 -0.168641) (0.129868 0.159672 -0.181005) (0.133012 0.201027 -0.186436) (0.135976 0.24454 -0.192626) (0.171351 0.208136 -0.134836) (0.172846 0.243234 -0.147811) (0.173387 0.282114 -0.159669) (0.171351 0.208136 -0.134836) (0.172846 0.243234 -0.147811) (0.173387 0.282114 -0.159669) (0.143468 0.202105 -0.163183) (0.148723 0.240826 -0.174125) (0.153159 0.282097 -0.183533)
108           (0.193947 0.218019 -0.0985929) (0.191794 0.138141 -0.0988866) (0.185111 0.180365 -0.108261) (0.177705 0.22623 -0.120593) (0.191794 0.138141 -0.0988866) (0.185111 0.180365 -0.108261) (0.177705 0.22623 -0.120593) (0.155036 0.130136 -0.132072) (0.150324 0.175294 -0.134611) (0.144932 0.223038 -0.14264) (0.19947 0.178627 -0.087212) (0.193947 0.218019 -0.0985929) (0.186701 0.260671 -0.111302) (0.19947 0.178627 -0.087212) (0.193947 0.218019 -0.0985929) (0.186701 0.260671 -0.111302) (0.165558 0.174543 -0.116524) (0.163241 0.218117 -0.123566) (0.159372 0.263553 -0.133398) (0.203591 0.208389 -0.0724748) (0.198824 0.24438 -0.0832749) (0.191249 0.284297 -0.0949563) (0.203591 0.208389 -0.0724748) (0.198824 0.24438 -0.0832749) (0.191249 0.284297 -0.0949563) (0.17412 0.207406 -0.0990071) (0.17333 0.247906 -0.1082) (0.170099 0.290915 -0.118665)
110           (0.22016 0.21568 -0.0480649) (0.222037 0.144889 -0.0450922) (0.214217 0.186698 -0.0599886) (0.204375 0.23282 -0.0759112) (0.222037 0.144889 -0.0450922) (0.214217 0.186698 -0.0599886) (0.204375 0.23282 -0.0759112) (0.190421 0.142916 -0.0750294) (0.183786 0.189019 -0.0823428) (0.175204 0.237995 -0.0947884) (0.227607 0.176508 -0.0341862) (0.22016 0.21568 -0.0480649) (0.209752 0.259071 -0.0617693) (0.227607 0.176508 -0.0341862) (0.22016 0.21568 -0.0480649) (0.209752 0.259071 -0.0617693) (0.197694 0.176701 -0.0618891) (0.192821 0.220997 -0.0709202) (0.185045 0.267721 -0.0826976) (0.228828 0.202492 -0.0200394) (0.222284 0.238496 -0.0308678) (0.211607 0.279539 -0.0414808) (0.228828 0.202492 -0.0200394) (0.222284 0.238496 -0.0308678) (0.211607 0.279539 -0.0414808) (0.202164 0.203519 -0.0455274) (0.198873 0.24459 -0.054248) (0.191551 0.28891 -0.064464)
112           (0.243287 0.215026 -0.000639706) (0.246697 0.148741 0.00645419) (0.238605 0.190131 -0.0135482) (0.225867 0.236859 -0.0317242) (0.246697 0.148741 0.00645419) (0.238605 0.190131 -0.0135482) (0.225867 0.236859 -0.0317242) (0.223849 0.151831 -0.020373) (0.216085 0.197503 -0.0321969) (0.203536 0.247123 -0.0481359) (0.252714 0.175626 0.0149789) (0.243287 0.215026 -0.000639706) (0.229375 0.260079 -0.0143168) (0.252714 0.175626 0.0149789) (0.243287 0.215026 -0.000639706) (0.229375 0.260079 -0.0143168) (0.2303 0.179359 -0.0110903) (0.222782 0.223418 -0.0211919) (0.210322 0.27127 -0.034019) (0.252808 0.200814 0.0243636) (0.244008 0.237854 0.0152518) (0.230373 0.281446 0.0064082) (0.252808 0.200814 0.0243636) (0.244008 0.237854 0.0152518) (0.230373 0.281446 0.0064082) (0.232086 0.203453 0.000165705) (0.225873 0.244819 -0.00609429) (0.214239 0.290841 -0.015307)
114           (0.247878 0.201779 0.037033) (0.246786 0.136282 0.0412051) (0.242974 0.177582 0.0249041) (0.232057 0.228695 0.00851892) (0.246786 0.136282 0.0412051) (0.242974 0.177582 0.0249041) (0.232057 0.228695 0.00851892) (0.233841 0.142552 0.0267144) (0.230186 0.187211 0.0130666) (0.218705 0.239863 -0.00387373) (0.254205 0.162398 0.0460856) (0.247878 0.201779 0.037033) (0.235764 0.252887 0.0264914) (0.254205 0.162398 0.0460856) (0.247878 0.201779 0.037033) (0.235764 0.252887 0.0264914) (0.241016 0.167374 0.0311436) (0.23587 0.210405 0.022366) (0.223997 0.262422 0.0103239) (0.255834 0.190777 0.0505399) (0.249664 0.228322 0.0491264) (0.238544 0.278319 0.0443103) (0.255834 0.190777 0.0505399) (0.249664 0.228322 0.0491264) (0.238544 0.278319 0.0443103) (0.242608 0.192571 0.0357299) (0.237984 0.233418 0.0333992) (0.227312 0.284121 0.0263676)
116           (0.238214 0.200881 0.0472431) (0.230439 0.138208 0.0401102) (0.232073 0.170604 0.0373682) (0.225148 0.22574 0.0290905) (0.230439 0.138208 0.0401102) (0.232073 0.170604 0.0373682) (0.225148 0.22574 0.0290905) (0.220231 0.139164 0.0350701) (0.226247 0.174877 0.0330688) (0.219733 0.231175 0.0209085) (0.239282 0.167787 0.0449817) (0.238214 0.200881 0.0472431) (0.231235 0.256216 0.0453216) (0.239282 0.167787 0.0449817) (0.238214 0.200881 0.0472431) (0.231235 0.256216 0.0453216) (0.228382 0.16609 0.0362857) (0.230973 0.201001 0.0393047) (0.224388 0.255922 0.0335046) (0.245278 0.20081 0.0499238) (0.24436 0.235728 0.0563364) (0.239163 0.290712 0.0592306) (0.245278 0.20081 0.0499238) (0.24436 0.235728 0.0563364) (0.239163 0.290712 0.0592306) (0.232411 0.195277 0.0390626) (0.234197 0.23027 0.0462713) (0.229189 0.284166 0.0457155)
118           (0.22793 0.228259 0.0360387) (0.215449 0.158053 0.0253625) (0.216681 0.18861 0.0249237) (0.212678 0.248412 0.0284466) (0.215449 0.158053 0.0253625) (0.216681 0.18861 0.0249237) (0.212678 0.248412 0.0284466) (0.204294 0.157684 0.0244422) (0.212367 0.184078 0.0236041) (0.209638 0.238838 0.0215869) (0.227428 0.193383 0.0334301) (0.22793 0.228259 0.0360387) (0.225577 0.289803 0.0437973) (0.227428 0.193383 0.0334301) (0.22793 0.228259 0.0360387) (0.225577 0.289803 0.0437973) (0.21475 0.188426 0.0272104) (0.219488 0.217496 0.0297406) (0.217346 0.273417 0.03287) (0.240328 0.233064 0.0394871) (0.242109 0.272332 0.0457367) (0.241804 0.333041 0.0560829) (0.240328 0.233064 0.0394871) (0.242109 0.272332 0.0457367) (0.241804 0.333041 0.0560829) (0.223683 0.222318 0.0302708) (0.227953 0.255152 0.0364507) (0.227858 0.311467 0.0432569)
120           (0.230002 0.288189 0.0250982) (0.207539 0.188483 0.00680395) (0.209073 0.235774 0.0101212) (0.208002 0.311693 0.0250044) (0.207539 0.188483 0.00680395) (0.209073 0.235774 0.0101212) (0.208002 0.311693 0.0250044) (0.19698 0.183088 0.00314163) (0.202345 0.216969 0.00283189) (0.200474 0.282389 0.0122939) (0.22671 0.234794 0.0193342) (0.230002 0.288189 0.0250982) (0.230999 0.363784 0.0409046) (0.22671 0.234794 0.0193342) (0.230002 0.288189 0.0250982) (0.230999 0.363784 0.0409046) (0.211095 0.221985 0.0100805) (0.215704 0.261988 0.0133528) (0.216045 0.32977 0.025626) (0.249122 0.28449 0.0277467) (0.253826 0.340615 0.0372499) (0.255161 0.410395 0.0527545) (0.249122 0.28449 0.0277467) (0.253826 0.340615 0.0372499) (0.255161 0.410395 0.0527545) (0.226784 0.264566 0.015807) (0.232496 0.309918 0.0235946) (0.234839 0.376275 0.0370918)
122           (0.246751 0.374029 0.0262942) (0.211404 0.23745 0.000380447) (0.2166 0.313517 0.0100557) (0.216904 0.407055 0.0293445) (0.211404 0.23745 0.000380447) (0.2166 0.313517 0.0100557) (0.216904 0.407055 0.0293445) (0.197598 0.21864 -0.0106477) (0.202329 0.278627 -0.00573294) (0.201338 0.363826 0.0112898) (0.239638 0.295476 0.0156558) (0.246751 0.374029 0.0262942) (0.246828 0.459755 0.0431936) (0.239638 0.295476 0.0156558) (0.246751 0.374029 0.0262942) (0.246828 0.459755 0.0431936) (0.217617 0.269589 0.00135738) (0.224428 0.335338 0.0090954) (0.225496 0.418503 0.0255521) (0.269911 0.352181 0.0255433) (0.275889 0.426292 0.0383578) (0.273483 0.49905 0.0530283) (0.269911 0.352181 0.0255433) (0.275889 0.426292 0.0383578) (0.273483 0.49905 0.0530283) (0.240785 0.322112 0.010337) (0.248717 0.388854 0.0216433) (0.249898 0.463961 0.0366654)
124           (0.267684 0.461274 0.032333) (0.226929 0.301349 0.005439) (0.233195 0.401197 0.0181764) (0.229692 0.504291 0.034566) (0.226929 0.301349 0.005439) (0.233195 0.401197 0.0181764) (0.229692 0.504291 0.034566) (0.20592 0.270234 -0.0108424) (0.211252 0.357003 -0.00128427) (0.209194 0.458876 0.0159572) (0.26199 0.365877 0.0197096) (0.267684 0.461274 0.032333) (0.261258 0.549058 0.0451859) (0.26199 0.365877 0.0197096) (0.267684 0.461274 0.032333) (0.261258 0.549058 0.0451859) (0.232553 0.330532 0.00310564) (0.240307 0.419448 0.0142155) (0.238015 0.511151 0.0285302) (0.295311 0.42291 0.0289991) (0.296846 0.506645 0.0426115) (0.286299 0.576358 0.0531876) (0.295311 0.42291 0.0289991) (0.296846 0.506645 0.0426115) (0.286299 0.576358 0.0531876) (0.261142 0.387906 0.0132122) (0.267901 0.470833 0.0262128) (0.263342 0.547715 0.0380214)
126           (0.285308 0.53079 0.0371175) (0.246966 0.361389 0.0152282) (0.249804 0.476081 0.0267696) (0.23905 0.582817 0.037099) (0.246966 0.361389 0.0152282) (0.249804 0.476081 0.0267696) (0.23905 0.582817 0.037099) (0.217598 0.32307 -0.00200112) (0.222687 0.431394 0.00809617) (0.216556 0.542319 0.0202788) (0.285641 0.427136 0.0250896) (0.285308 0.53079 0.0371175) (0.270024 0.616839 0.0447715) (0.285641 0.427136 0.0250896) (0.285308 0.53079 0.0371175) (0.270024 0.616839 0.0447715) (0.249916 0.38823 0.0100881) (0.255502 0.491834 0.0208716) (0.2468 0.585802 0.0298674) (0.3189 0.481422 0.0321886) (0.3126 0.568003 0.0453125) (0.292569 0.632359 0.0516525) (0.3189 0.481422 0.0321886) (0.3126 0.568003 0.0453125) (0.292569 0.632359 0.0516525) (0.281456 0.445875 0.0188046) (0.283577 0.536927 0.0307196) (0.271057 0.611283 0.0378034)
128           (0.29791 0.582959 0.0393151) (0.265676 0.408224 0.0240673) (0.262455 0.533734 0.0325867) (0.243956 0.642632 0.0371248) (0.265676 0.408224 0.0240673) (0.262455 0.533734 0.0325867) (0.243956 0.642632 0.0371248) (0.229725 0.366467 0.00890203) (0.232231 0.49149 0.0162046) (0.220512 0.608297 0.0222108) (0.306337 0.474144 0.0286216) (0.29791 0.582959 0.0393151) (0.273886 0.666321 0.0427026) (0.306337 0.474144 0.0286216) (0.29791 0.582959 0.0393151) (0.273886 0.666321 0.0427026) (0.266577 0.433823 0.0168135) (0.266941 0.54747 0.0253527) (0.250872 0.6418 0.029298) (0.338311 0.526186 0.0330603) (0.322992 0.613202 0.045634) (0.294055 0.671626 0.0488851) (0.338311 0.526186 0.0330603) (0.322992 0.613202 0.045634) (0.294055 0.671626 0.0488851) (0.299422 0.490773 0.0226424) (0.294373 0.586291 0.0328122) (0.273605 0.65693 0.0361465)
130           (0.308278 0.620614 0.0386731) (0.282658 0.443097 0.0295488) (0.273224 0.576243 0.0353448) (0.247566 0.684811 0.0352325) (0.282658 0.443097 0.0295488) (0.273224 0.576243 0.0353448) (0.247566 0.684811 0.0352325) (0.241566 0.398978 0.018766) (0.240808 0.536132 0.0220235) (0.223507 0.655829 0.0223556) (0.324598 0.509292 0.0290066) (0.308278 0.620614 0.0386731) (0.276298 0.699503 0.0390056) (0.324598 0.509292 0.0290066) (0.308278 0.620614 0.0386731) (0.276298 0.699503 0.0390056) (0.282097 0.467438 0.0208439) (0.276764 0.58777 0.0271771) (0.253641 0.680252 0.0272239) (0.354909 0.559805 0.0311571) (0.331124 0.645203 0.0434238) (0.294303 0.696651 0.0446895) (0.354909 0.559805 0.0311571) (0.331124 0.645203 0.0434238) (0.294303 0.696651 0.0446895) (0.315533 0.524089 0.0231594) (0.303263 0.62143 0.0323222) (0.274808 0.686747 0.0331632)
132           (0.317334 0.648279 0.0367716) (0.298653 0.469065 0.0319469) (0.283158 0.607694 0.0363605) (0.250772 0.714366 0.0331263) (0.298653 0.469065 0.0319469) (0.283158 0.607694 0.0363605) (0.250772 0.714366 0.0331263) (0.253446 0.421909 0.0264321) (0.249121 0.568423 0.0263743) (0.22634 0.689613 0.02245) (0.34108 0.535941 0.02748) (0.317334 0.648279 0.0367716) (0.278133 0.721607 0.0352497) (0.34108 0.535941 0.02748) (0.317334 0.648279 0.0367716) (0.278133 0.721607 0.0352497) (0.297143 0.492168 0.0228238) (0.285926 0.617098 0.0277385) (0.25605 0.706391 0.0252568) (0.369304 0.585401 0.028125) (0.337838 0.668357 0.0403321) (0.294093 0.712357 0.0404888) (0.369304 0.585401 0.028125) (0.337838 0.668357 0.0403321) (0.294093 0.712357 0.0404888) (0.330517 0.549136 0.0219726) (0.311165 0.64681 0.030819) (0.275588 0.705936 0.0302945)
134           (0.32693 0.667348 0.0343149) (0.315261 0.488224 0.0317938) (0.294314 0.629716 0.0362339) (0.25595 0.732539 0.0314292) (0.315261 0.488224 0.0317938) (0.294314 0.629716 0.0362339) (0.25595 0.732539 0.0314292) (0.267016 0.437862 0.0310884) (0.259468 0.590669 0.0297144) (0.231708 0.711057 0.0232997) (0.357128 0.555662 0.0247954) (0.32693 0.667348 0.0343149) (0.281423 0.734075 0.0320088) (0.357128 0.555662 0.0247954) (0.32693 0.667348 0.0343149) (0.281423 0.734075 0.0320088) (0.312775 0.510054 0.0231478) (0.296325 0.637343 0.027735) (0.260345 0.721931 0.0240789) (0.382934 0.604127 0.0248742) (0.34492 0.68385 0.0371226) (0.295213 0.720191 0.036892) (0.382934 0.604127 0.0248742) (0.34492 0.68385 0.0371226) (0.295213 0.720191 0.036892) (0.345392 0.567423 0.0201927) (0.31982 0.66404 0.0291723) (0.277896 0.716286 0.0282461)
136           (0.337074 0.673876 0.0325326) (0.331829 0.495553 0.0309416) (0.306025 0.637721 0.0363342) (0.263041 0.736254 0.031282) (0.331829 0.495553 0.0309416) (0.306025 0.637721 0.0363342) (0.263041 0.736254 0.031282) (0.281774 0.442148 0.0344529) (0.271058 0.598171 0.0333315) (0.239324 0.716853 0.0261416) (0.372651 0.563841 0.0223943) (0.337074 0.673876 0.0325326) (0.286691 0.734394 0.0302753) (0.372651 0.563841 0.0223943) (0.337074 0.673876 0.0325326) (0.286691 0.734394 0.0302753) (0.328673 0.51663 0.023531) (0.307624 0.644525 0.0285181) (0.266759 0.724373 0.0248062) (0.396256 0.61164 0.0223175) (0.352971 0.688117 0.0347463) (0.298639 0.717769 0.0346285) (0.396256 0.61164 0.0223175) (0.352971 0.688117 0.0347463) (0.298639 0.717769 0.0346285) (0.360301 0.574603 0.0192882) (0.329477 0.669606 0.0285859) (0.282487 0.715642 0.0279207)
138           (0.347098 0.665979 0.0287877) (0.345321 0.488117 0.0265759) (0.317188 0.628483 0.0344449) (0.272063 0.72387 0.0305269) (0.345321 0.488117 0.0265759) (0.317188 0.628483 0.0344449) (0.272063 0.72387 0.0305269) (0.293964 0.431961 0.0335553) (0.282184 0.587216 0.0345442) (0.249049 0.704752 0.0281908) (0.385391 0.55842 0.0168246) (0.347098 0.665979 0.0287877) (0.294032 0.722143 0.027504) (0.385391 0.55842 0.0168246) (0.347098 0.665979 0.0287877) (0.294032 0.722143 0.027504) (0.341726 0.509314 0.020155) (0.318663 0.635859 0.0270981) (0.27534 0.712701 0.0244289) (0.407763 0.607174 0.0166464) (0.361676 0.680677 0.0302488) (0.304506 0.705719 0.0308549) (0.407763 0.607174 0.0166464) (0.361676 0.680677 0.0302488) (0.304506 0.705719 0.0308549) (0.372972 0.568972 0.0148725) (0.33954 0.661963 0.0257889) (0.289561 0.704042 0.0260962)
140           (0.352286 0.640195 0.0228591) (0.352193 0.463853 0.0187603) (0.323589 0.598206 0.0301447) (0.278664 0.690007 0.0283217) (0.352193 0.463853 0.0187603) (0.323589 0.598206 0.0301447) (0.278664 0.690007 0.0283217) (0.299692 0.405669 0.0279448) (0.287981 0.554805 0.0320901) (0.255783 0.669744 0.0276279) (0.39113 0.536987 0.00780679) (0.352286 0.640195 0.0228591) (0.298795 0.692531 0.023352) (0.39113 0.536987 0.00780679) (0.352286 0.640195 0.0228591) (0.298795 0.692531 0.023352) (0.347262 0.485758 0.0124604) (0.324106 0.608218 0.0225614) (0.280806 0.682266 0.0217241) (0.412618 0.588729 0.00754408) (0.365809 0.658915 0.0235928) (0.307749 0.680121 0.0255815) (0.412618 0.588729 0.00754408) (0.365809 0.658915 0.0235928) (0.307749 0.680121 0.0255815) (0.37821 0.548366 0.00638608) (0.344312 0.638559 0.0201317) (0.293607 0.67761 0.0220106)
142           (0.349339 0.613767 0.0175566) (0.35185 0.436594 0.0140494) (0.32054 0.565516 0.0258843) (0.275244 0.659336 0.0256297) (0.35185 0.436594 0.0140494) (0.32054 0.565516 0.0258843) (0.275244 0.659336 0.0256297) (0.297454 0.37812 0.0230607) (0.283586 0.520693 0.0277637) (0.251722 0.636767 0.0249238) (0.390654 0.511868 0.0018686) (0.349339 0.613767 0.0175566) (0.295252 0.669442 0.0191964) (0.390654 0.511868 0.0018686) (0.349339 0.613767 0.0175566) (0.295252 0.669442 0.0191964) (0.345234 0.459847 0.00683973) (0.320258 0.580177 0.017456) (0.276955 0.657333 0.0179252) (0.412623 0.567005 0.000693006) (0.363393 0.638527 0.0176597) (0.304514 0.663325 0.0203377) (0.412623 0.567005 0.000693006) (0.363393 0.638527 0.0176597) (0.304514 0.663325 0.0203377) (0.377059 0.525092 0.000151744) (0.341215 0.616608 0.0145375) (0.290092 0.659327 0.0173197)
144           (0.347567 0.585652 0.00976201) (0.347762 0.408988 0.0102291) (0.317444 0.532814 0.019569) (0.274506 0.630467 0.0192713) (0.347762 0.408988 0.0102291) (0.317444 0.532814 0.019569) (0.274506 0.630467 0.0192713) (0.291802 0.353457 0.0208397) (0.278749 0.488791 0.0223422) (0.24973 0.606405 0.0186718) (0.387853 0.483612 -0.00500054) (0.347567 0.585652 0.00976201) (0.295185 0.646699 0.0120617) (0.387853 0.483612 -0.00500054) (0.347567 0.585652 0.00976201) (0.295185 0.646699 0.0120617) (0.340282 0.432846 0.00198752) (0.316786 0.55157 0.010494) (0.275866 0.633112 0.0109819) (0.411685 0.540695 -0.00789795) (0.362805 0.6153 0.00942039) (0.304739 0.645624 0.0130585) (0.411685 0.540695 -0.00789795) (0.362805 0.6153 0.00942039) (0.304739 0.645624 0.0130585) (0.373903 0.498338 -0.00668512) (0.339098 0.59235 0.00694945) (0.289432 0.640378 0.010264)
146           (0.34702 0.551878 0.00570207) (0.348841 0.376809 0.0109114) (0.316908 0.495645 0.0175453) (0.274495 0.597556 0.0164789) (0.348841 0.376809 0.0109114) (0.316908 0.495645 0.0175453) (0.274495 0.597556 0.0164789) (0.293522 0.326045 0.024966) (0.277653 0.454151 0.0224256) (0.248816 0.573771 0.0165823) (0.387958 0.449497 -0.00777687) (0.34702 0.551878 0.00570207) (0.295446 0.618559 0.00808531) (0.387958 0.449497 -0.00777687) (0.34702 0.551878 0.00570207) (0.295446 0.618559 0.00808531) (0.340139 0.401479 0.00293157) (0.315377 0.518652 0.00830858) (0.275247 0.604848 0.00779613) (0.411728 0.507619 -0.013798) (0.362444 0.585733 0.00378684) (0.304951 0.621876 0.00804177) (0.411728 0.507619 -0.013798) (0.362444 0.585733 0.00378684) (0.304951 0.621876 0.00804177) (0.372904 0.466121 -0.00924233) (0.337731 0.56251 0.00289166) (0.288758 0.616302 0.00610132)
148           (0.342773 0.50502 0.00233355) (0.343269 0.333952 0.0122342) (0.311691 0.444701 0.0171199) (0.271077 0.552204 0.0156941) (0.343269 0.333952 0.0122342) (0.311691 0.444701 0.0171199) (0.271077 0.552204 0.0156941) (0.289565 0.287557 0.0315761) (0.271895 0.405236 0.0251576) (0.244598 0.528058 0.0170346) (0.381554 0.405729 -0.010248) (0.342773 0.50502 0.00233355) (0.292646 0.579807 0.00533052) (0.381554 0.405729 -0.010248) (0.342773 0.50502 0.00233355) (0.292646 0.579807 0.00533052) (0.334179 0.359431 0.00551759) (0.310287 0.47186 0.00783737) (0.271998 0.565142 0.00636268) (0.406148 0.466086 -0.0196817) (0.35931 0.544826 -0.00175425) (0.302504 0.589428 0.00373758) (0.406148 0.466086 -0.0196817) (0.35931 0.544826 -0.00175425) (0.302504 0.589428 0.00373758) (0.36685 0.42453 -0.0109512) (0.333841 0.520294 -0.000348294) (0.286104 0.582771 0.0030219)
150           (0.334432 0.449347 -0.0010265) (0.334053 0.286925 0.0152331) (0.301598 0.385626 0.0167756) (0.263513 0.498952 0.0147728) (0.334053 0.286925 0.0152331) (0.301598 0.385626 0.0167756) (0.263513 0.498952 0.0147728) (0.281391 0.24483 0.0381908) (0.260442 0.348449 0.0274322) (0.235442 0.47361 0.0168831) (0.371183 0.357203 -0.0114644) (0.334432 0.449347 -0.0010265) (0.286604 0.534281 0.0026009) (0.371183 0.357203 -0.0114644) (0.334432 0.449347 -0.0010265) (0.286604 0.534281 0.0026009) (0.323586 0.312621 0.00842734) (0.300078 0.416137 0.00711757) (0.264811 0.517775 0.00457745) (0.396498 0.41938 -0.0246902) (0.35305 0.495383 -0.00745624) (0.297623 0.551118 -0.000516934) (0.396498 0.41938 -0.0246902) (0.35305 0.495383 -0.00745624) (0.297623 0.551118 -0.000516934) (0.356034 0.377647 -0.012289) (0.325794 0.469218 -0.00384151) (0.280513 0.542765 -0.000288374)
152           (0.318601 0.381794 -0.00531237) (0.314929 0.232314 0.018674) (0.282945 0.316318 0.0159874) (0.250679 0.434815 0.0119372) (0.314929 0.232314 0.018674) (0.282945 0.316318 0.0159874) (0.250679 0.434815 0.0119372) (0.263071 0.195951 0.0439077) (0.239801 0.282985 0.0287427) (0.219906 0.4081 0.01434) (0.351665 0.299112 -0.012221) (0.318601 0.381794 -0.00531237) (0.276782 0.477844 -0.002041) (0.351665 0.299112 -0.012221) (0.318601 0.381794 -0.00531237) (0.276782 0.477844 -0.002041) (0.30293 0.257682 0.0114142) (0.281264 0.349242 0.00544398) (0.252696 0.458857 0.000480568) (0.379314 0.361947 -0.029512) (0.340902 0.433646 -0.0145652) (0.290106 0.501947 -0.00678302) (0.379314 0.361947 -0.029512) (0.340902 0.433646 -0.0145652) (0.290106 0.501947 -0.00678302) (0.336484 0.320877 -0.0132851) (0.310495 0.405887 -0.00857985) (0.27121 0.491084 -0.00594418)
154           (0.296508 0.310008 -0.00733706) (0.29507 0.175294 0.0242891) (0.259637 0.245134 0.0174727) (0.23277 0.367002 0.00968588) (0.29507 0.175294 0.0242891) (0.259637 0.245134 0.0174727) (0.23277 0.367002 0.00968588) (0.24435 0.146063 0.0487886) (0.214796 0.21798 0.0304311) (0.198699 0.3407 0.011254) (0.328669 0.236623 -0.0100002) (0.296508 0.310008 -0.00733706) (0.261858 0.415849 -0.00631395) (0.328669 0.236623 -0.0100002) (0.296508 0.310008 -0.00733706) (0.261858 0.415849 -0.00631395) (0.279374 0.200521 0.0161892) (0.255963 0.280206 0.00543017) (0.234387 0.395883 -0.00375161) (0.356658 0.298599 -0.0321218) (0.321993 0.366031 -0.0205591) (0.277744 0.446483 -0.0135199) (0.356658 0.298599 -0.0321218) (0.321993 0.366031 -0.0205591) (0.277744 0.446483 -0.0135199) (0.311632 0.260031 -0.0115309) (0.287708 0.33853 -0.0118057) (0.256023 0.433657 -0.012038)
156           (0.262898 0.232325 -0.00487409) (0.263912 0.11397 0.0374547) (0.224128 0.171155 0.0237233) (0.204835 0.292527 0.00826743) (0.263912 0.11397 0.0374547) (0.224128 0.171155 0.0237233) (0.204835 0.292527 0.00826743) (0.213469 0.0931629 0.0559721) (0.177795 0.152777 0.0334287) (0.167203 0.269142 0.00745411) (0.294856 0.167299 0.000339798) (0.262898 0.232325 -0.00487409) (0.23825 0.346438 -0.0103559) (0.294856 0.167299 0.000339798) (0.262898 0.232325 -0.00487409) (0.23825 0.346438 -0.0103559) (0.244254 0.139439 0.0255862) (0.218753 0.208332 0.00806445) (0.206584 0.327375 -0.00875317) (0.324556 0.226161 -0.0275024) (0.293221 0.290397 -0.023098) (0.257978 0.38364 -0.0205551) (0.324556 0.226161 -0.0275024) (0.293221 0.290397 -0.023098) (0.257978 0.38364 -0.0205551) (0.276246 0.192985 -0.00427501) (0.254176 0.26603 -0.0124445) (0.232525 0.370071 -0.019106)
158           (0.218652 0.146972 -0.00145519) (0.233589 0.0529113 0.0454814) (0.183963 0.0960447 0.0294397) (0.170443 0.201899 0.00583138) (0.233589 0.0529113 0.0454814) (0.183963 0.0960447 0.0294397) (0.170443 0.201899 0.00583138) (0.18436 0.040446 0.0559029) (0.138752 0.0879573 0.0342718) (0.130514 0.186232 0.00225974) (0.254683 0.0931155 0.0102026) (0.218652 0.146972 -0.00145519) (0.206751 0.256298 -0.0157619) (0.254683 0.0931155 0.0102026) (0.218652 0.146972 -0.00145519) (0.206751 0.256298 -0.0157619) (0.206358 0.0770987 0.0320581) (0.173654 0.132523 0.0109879) (0.171147 0.241562 -0.0148238) (0.279439 0.14242 -0.0213683) (0.250448 0.201108 -0.0246095) (0.229891 0.297868 -0.0292461) (0.279439 0.14242 -0.0213683) (0.250448 0.201108 -0.0246095) (0.229891 0.297868 -0.0292461) (0.231198 0.119834 0.00354539) (0.208167 0.184067 -0.011854) (0.200205 0.285505 -0.0271216)
160           (0.15987 0.0810737 0.00805284) (0.191479 0.00262183 0.0541529) (0.131719 0.0418229 0.0347501) (0.114649 0.12489 0.00537951) (0.191479 0.00262183 0.0541529) (0.131719 0.0418229 0.0347501) (0.114649 0.12489 0.00537951) (0.146477 -0.00238929 0.0446584) (0.0914805 0.0420407 0.0252735) (0.0766047 0.120974 -0.0077128) (0.203962 0.0331121 0.0293531) (0.15987 0.0810737 0.00805284) (0.152913 0.175055 -0.0169701) (0.203962 0.0331121 0.0293531) (0.15987 0.0810737 0.00805284) (0.152913 0.175055 -0.0169701) (0.160089 0.0283884 0.0346463) (0.117588 0.0778488 0.0113468) (0.116019 0.169316 -0.0215476) (0.222212 0.0713857 -8.23733e-05) (0.190918 0.127563 -0.0174686) (0.18088 0.218211 -0.0335033) (0.222212 0.0713857 -8.23733e-05) (0.190918 0.127563 -0.0174686) (0.18088 0.218211 -0.0335033) (0.176609 0.0618991 0.01657) (0.147891 0.121932 -0.00860969) (0.148123 0.211592 -0.033712)
162           (0.104625 0.0398566 0.0130612) (0.153305 -0.0284073 0.0481701) (0.086529 0.0115559 0.0299962) (0.0619387 0.0723376 -0.000182459) (0.153305 -0.0284073 0.0481701) (0.086529 0.0115559 0.0299962) (0.0619387 0.0723376 -0.000182459) (0.11757 -0.0262336 0.0197759) (0.056912 0.0185304 0.00535629) (0.0369975 0.0829798 -0.0249929) (0.158306 -0.00369972 0.0355161) (0.104625 0.0398566 0.0130612) (0.0965086 0.111729 -0.0205283) (0.158306 -0.00369972 0.0355161) (0.104625 0.0398566 0.0130612) (0.0965086 0.111729 -0.0205283) (0.122215 0.00110617 0.0220311) (0.0720012 0.0480443 0.00271513) (0.0684485 0.118861 -0.0333353) (0.16544 0.0238713 0.0174209) (0.127814 0.0756576 -0.00986763) (0.126125 0.149111 -0.0377152) (0.16544 0.0238713 0.0174209) (0.127814 0.0756576 -0.00986763) (0.126125 0.149111 -0.0377152) (0.12922 0.0278999 0.0175337) (0.0923574 0.082795 -0.00967003) (0.0980804 0.153052 -0.0425109)
164           (0.0667839 0.0197651 0.0105234) (0.122225 -0.0456219 0.0277862) (0.0567797 -0.00512558 0.0171507) (0.0244722 0.048498 -0.0114119) (0.122225 -0.0456219 0.0277862) (0.0567797 -0.00512558 0.0171507) (0.0244722 0.048498 -0.0114119) (0.0956944 -0.0374799 -0.0144468) (0.0387613 0.00695359 -0.0224517) (0.0179576 0.0669495 -0.0496076) (0.125775 -0.0246229 0.0262569) (0.0667839 0.0197651 0.0105234) (0.0495882 0.0780748 -0.0268696) (0.125775 -0.0246229 0.0262569) (0.0667839 0.0197651 0.0105234) (0.0495882 0.0780748 -0.0268696) (0.0979385 -0.0145545 -0.00371174) (0.0446879 0.0366791 -0.0169935) (0.0385146 0.0943451 -0.0506651) (0.1263 -0.00158899 0.0203373) (0.0781237 0.0495487 -0.00474254) (0.0745264 0.105667 -0.0413609) (0.1263 -0.00158899 0.0203373) (0.0781237 0.0495487 -0.00474254) (0.0745264 0.105667 -0.0413609) (0.0980099 0.0113358 0.00202979) (0.0550972 0.0661435 -0.0192189) (0.0607817 0.120047 -0.0541805)
166           (0.0523254 0.0188921 -0.00906755) (0.103676 -0.0493405 0.00323361) (0.0491503 -0.00915714 -0.00674773) (0.0190194 0.0533752 -0.0397621) (0.103676 -0.0493405 0.00323361) (0.0491503 -0.00915714 -0.00674773) (0.0190194 0.0533752 -0.0397621) (0.0833641 -0.0298981 -0.0492751) (0.0422221 0.0180313 -0.0621666) (0.0279 0.0744553 -0.0847943) (0.104216 -0.0292587 0.00396755) (0.0523254 0.0188921 -0.00906755) (0.0349979 0.0801252 -0.0483999) (0.104216 -0.0292587 0.00396755) (0.0523254 0.0188921 -0.00906755) (0.0349979 0.0801252 -0.0483999) (0.0831863 -0.0100704 -0.0382103) (0.0425161 0.0457413 -0.0515332) (0.0407194 0.0988388 -0.0789039) (0.105231 -0.00760166 0.0054194) (0.0558839 0.0492957 -0.0153589) (0.0526855 0.102453 -0.056587) (0.105231 -0.00760166 0.0054194) (0.0558839 0.0492957 -0.0153589) (0.0526855 0.102453 -0.056587) (0.0812894 0.0138802 -0.0285443) (0.0460883 0.0727644 -0.0447034) (0.0556213 0.120612 -0.0758605)
168           (0.0520948 0.0424737 -0.0496533) (0.0945597 -0.0383701 -0.0235933) (0.0479949 0.0148037 -0.0467512) (0.0336393 0.0747356 -0.0814038) (0.0945597 -0.0383701 -0.0235933) (0.0479949 0.0148037 -0.0467512) (0.0336393 0.0747356 -0.0814038) (0.07883 -0.00606629 -0.0764668) (0.0524642 0.0406289 -0.0955118) (0.0475673 0.0854226 -0.111985) (0.0933856 -0.0181028 -0.0246749) (0.0520948 0.0424737 -0.0496533) (0.0484372 0.0997476 -0.0850371) (0.0933856 -0.0181028 -0.0246749) (0.0520948 0.0424737 -0.0496533) (0.0484372 0.0997476 -0.0850371) (0.0784444 0.0147816 -0.0700611) (0.0550206 0.0667461 -0.0871053) (0.0603656 0.109782 -0.105725) (0.0916339 0.0032955 -0.0257207) (0.0560015 0.0691363 -0.0507567) (0.0637127 0.121148 -0.0883028) (0.0916339 0.0032955 -0.0257207) (0.0560015 0.0691363 -0.0507567) (0.0637127 0.121148 -0.0883028) (0.076157 0.0376669 -0.0643672) (0.0580848 0.0916746 -0.0789392) (0.0732232 0.131567 -0.101325)
170           (0.0635427 0.069163 -0.0844634) (0.0846607 -0.00960274 -0.0491452) (0.0563416 0.0434124 -0.080592) (0.05272 0.0904203 -0.110792) (0.0846607 -0.00960274 -0.0491452) (0.0563416 0.0434124 -0.080592) (0.05272 0.0904203 -0.110792) (0.0768447 0.0202796 -0.0915248) (0.0620598 0.0568582 -0.107807) (0.0641742 0.0883793 -0.120489) (0.0844407 0.0131819 -0.0543731) (0.0635427 0.069163 -0.0844634) (0.0697161 0.112064 -0.113406) (0.0844407 0.0131819 -0.0543731) (0.0635427 0.069163 -0.0844634) (0.0697161 0.112064 -0.113406) (0.0781577 0.0431408 -0.0897725) (0.0694487 0.0826266 -0.104812) (0.0793942 0.11214 -0.118316) (0.0825743 0.0383195 -0.060824) (0.0703308 0.0934582 -0.0870093) (0.0853631 0.131407 -0.116393) (0.0825743 0.0383195 -0.060824) (0.0703308 0.0934582 -0.0870093) (0.0853631 0.131407 -0.116393) (0.0782752 0.0664026 -0.0869317) (0.0763204 0.107264 -0.101188) (0.0933333 0.133492 -0.116694)
172           (0.074924 0.083704 -0.103293) (0.0836452 0.0196646 -0.0676273) (0.0647319 0.0615396 -0.0982183) (0.066469 0.0946135 -0.124284) (0.0836452 0.0196646 -0.0676273) (0.0647319 0.0615396 -0.0982183) (0.066469 0.0946135 -0.124284) (0.0777218 0.045004 -0.095648) (0.0705067 0.0680323 -0.107794) (0.0755197 0.0869033 -0.117891) (0.083046 0.0436862 -0.075453) (0.074924 0.083704 -0.103293) (0.0846712 0.112467 -0.128085) (0.083046 0.0436862 -0.075453) (0.074924 0.083704 -0.103293) (0.0846712 0.112467 -0.128085) (0.0797361 0.0651657 -0.0951043) (0.0797489 0.0906082 -0.109149) (0.0910318 0.107312 -0.119447) (0.0839712 0.0668821 -0.0818554) (0.0851089 0.104339 -0.107876) (0.101117 0.127725 -0.132251) (0.0839712 0.0668821 -0.0818554) (0.0851089 0.104339 -0.107876) (0.101117 0.127725 -0.132251) (0.0827895 0.0863834 -0.095017) (0.0893845 0.112001 -0.109878) (0.105424 0.125365 -0.121149)
174           (0.0836887 0.0930073 -0.114934) (0.0854204 0.0470483 -0.0819514) (0.0730256 0.0748802 -0.108839) (0.0769782 0.0960001 -0.131497) (0.0854204 0.0470483 -0.0819514) (0.0730256 0.0748802 -0.108839) (0.0769782 0.0960001 -0.131497) (0.0810876 0.0673455 -0.0923607) (0.078187 0.0798497 -0.103888) (0.0844509 0.0869796 -0.111384) (0.0860399 0.0666532 -0.0877881) (0.0836887 0.0930073 -0.114934) (0.0939179 0.109655 -0.136041) (0.0860399 0.0666532 -0.0877881) (0.0836887 0.0930073 -0.114934) (0.0939179 0.109655 -0.136041) (0.0830938 0.0841083 -0.0946594) (0.0868544 0.0977446 -0.10839) (0.0978708 0.102755 -0.115505) (0.0889779 0.0859094 -0.0938718) (0.0948476 0.109241 -0.120845) (0.109304 0.120525 -0.141189) (0.0889779 0.0859094 -0.0938718) (0.0948476 0.109241 -0.120845) (0.109304 0.120525 -0.141189) (0.0874346 0.101754 -0.0970477) (0.0966981 0.114364 -0.11216) (0.110671 0.116304 -0.119639)
176           (0.0889678 0.100666 -0.121986) (0.0880469 0.0673222 -0.0885966) (0.07912 0.0860067 -0.115145) (0.0838354 0.0968408 -0.13388) (0.0880469 0.0673222 -0.0885966) (0.07912 0.0860067 -0.115145) (0.0838354 0.0968408 -0.13388) (0.0852035 0.0858239 -0.0862829) (0.0841995 0.0911449 -0.0982204) (0.0907836 0.0888373 -0.10284) (0.0888106 0.0838294 -0.0948087) (0.0889678 0.100666 -0.121986) (0.0982303 0.106926 -0.139095) (0.0888106 0.0838294 -0.0948087) (0.0889678 0.100666 -0.121986) (0.0982303 0.106926 -0.139095) (0.086279 0.0995454 -0.091166) (0.0911424 0.104638 -0.104779) (0.10097 0.100308 -0.108763) (0.0928259 0.0996501 -0.101181) (0.0997072 0.112789 -0.128812) (0.111252 0.114211 -0.145068) (0.0928259 0.0996501 -0.101181) (0.0997072 0.112789 -0.128812) (0.111252 0.114211 -0.145068) (0.0906319 0.113362 -0.0955853) (0.0998208 0.11671 -0.110497) (0.111008 0.109836 -0.114593)
178           (0.0933965 0.103723 -0.125427) (0.0909517 0.0814953 -0.0929503) (0.0856822 0.0925983 -0.118091) (0.0911564 0.0944808 -0.132528) (0.0909517 0.0814953 -0.0929503) (0.0856822 0.0925983 -0.118091) (0.0911564 0.0944808 -0.132528) (0.0890038 0.0995039 -0.0806101) (0.090082 0.0988991 -0.0924682) (0.0975724 0.0897 -0.0943594) (0.0912736 0.0952356 -0.0994842) (0.0933965 0.103723 -0.125427) (0.101481 0.101573 -0.138454) (0.0912736 0.0952356 -0.0994842) (0.0933965 0.103723 -0.125427) (0.101481 0.101573 -0.138454) (0.0889348 0.110056 -0.0869579) (0.0945472 0.108389 -0.100006) (0.103539 0.0973962 -0.101407) (0.0949758 0.107828 -0.106205) (0.102203 0.11215 -0.132816) (0.110808 0.106211 -0.14538) (0.0949758 0.107828 -0.106205) (0.102203 0.11215 -0.132816) (0.110808 0.106211 -0.14538) (0.0922037 0.120371 -0.0926628) (0.100836 0.116624 -0.106799) (0.109774 0.103663 -0.108481)
180           (0.0977419 0.102306 -0.1296) (0.093592 0.0906655 -0.0980575) (0.0928923 0.0943898 -0.121487) (0.0987938 0.0894654 -0.132382) (0.093592 0.0906655 -0.0980575) (0.0928923 0.0943898 -0.121487) (0.0987938 0.0894654 -0.132382) (0.0917664 0.108635 -0.0780926) (0.0960638 0.102865 -0.0902429) (0.105072 0.0891427 -0.0906404) (0.0932357 0.101275 -0.105541) (0.0977419 0.102306 -0.1296) (0.104485 0.0946613 -0.13965) (0.0932357 0.101275 -0.105541) (0.0977419 0.102306 -0.1296) (0.104485 0.0946613 -0.13965) (0.0907373 0.116125 -0.0858288) (0.0978605 0.109223 -0.0986298) (0.106725 0.0942889 -0.0989275) (0.0961051 0.110362 -0.113367) (0.103688 0.108028 -0.137852) (0.109733 0.0979251 -0.148019) (0.0961051 0.110362 -0.113367) (0.103688 0.108028 -0.137852) (0.109733 0.0979251 -0.148019) (0.0924791 0.123337 -0.0926972) (0.101211 0.114718 -0.10629) (0.108953 0.0985203 -0.107233)
182           (0.103277 0.099613 -0.136397) (0.0980519 0.096958 -0.104336) (0.101887 0.0945761 -0.126551) (0.10841 0.085857 -0.136018) (0.0980519 0.096958 -0.104336) (0.101887 0.0945761 -0.126551) (0.10841 0.085857 -0.136018) (0.0950164 0.116243 -0.0775254) (0.103333 0.106835 -0.090724) (0.114647 0.0909705 -0.0915049) (0.0966925 0.103678 -0.114405) (0.103277 0.099613 -0.136397) (0.109317 0.0894348 -0.145377) (0.0966925 0.103678 -0.114405) (0.103277 0.099613 -0.136397) (0.109317 0.0894348 -0.145377) (0.0930225 0.120457 -0.0874825) (0.102362 0.110392 -0.100581) (0.112212 0.0939746 -0.101567) (0.0978384 0.109103 -0.124413) (0.105701 0.103116 -0.146248) (0.110461 0.0915985 -0.155695) (0.0978384 0.109103 -0.124413) (0.105701 0.103116 -0.146248) (0.110461 0.0915985 -0.155695) (0.0927937 0.124536 -0.0961388) (0.102433 0.113476 -0.109605) (0.110416 0.096416 -0.111492)
184           (0.107066 0.0948773 -0.146828) (0.101616 0.0979742 -0.111533) (0.108426 0.0924442 -0.134119) (0.11566 0.0826411 -0.144364) (0.101616 0.0979742 -0.111533) (0.108426 0.0924442 -0.134119) (0.11566 0.0826411 -0.144364) (0.0961413 0.119626 -0.0787552) (0.107713 0.108937 -0.0947824) (0.121059 0.0932564 -0.0979778) (0.0993277 0.100878 -0.12592) (0.107066 0.0948773 -0.146828) (0.113032 0.0846148 -0.156602) (0.0993277 0.100878 -0.12592) (0.107066 0.0948773 -0.146828) (0.113032 0.0846148 -0.156602) (0.0937376 0.120471 -0.092215) (0.104991 0.109794 -0.106888) (0.116092 0.0941666 -0.110185) (0.0986735 0.103331 -0.138986) (0.106735 0.0965824 -0.159071) (0.111313 0.0857746 -0.169418) (0.0986735 0.103331 -0.138986) (0.106735 0.0965824 -0.159071) (0.111313 0.0857746 -0.169418) (0.0919459 0.121653 -0.103581) (0.102716 0.110622 -0.117975) (0.111576 0.0948207 -0.122113)
186           (0.10918 0.0878685 -0.15986) (0.103662 0.0944149 -0.121095) (0.112706 0.0883541 -0.144148) (0.120977 0.0790247 -0.155589) (0.103662 0.0944149 -0.121095) (0.112706 0.0883541 -0.144148) (0.120977 0.0790247 -0.155589) (0.0943782 0.118529 -0.0833395) (0.10851 0.108227 -0.102883) (0.123745 0.0938581 -0.10942) (0.100287 0.0938336 -0.140036) (0.10918 0.0878685 -0.15986) (0.115761 0.0785897 -0.170562) (0.100287 0.0938336 -0.140036) (0.10918 0.0878685 -0.15986) (0.115761 0.0785897 -0.170562) (0.0919287 0.115912 -0.100814) (0.104912 0.106003 -0.117314) (0.117381 0.0920212 -0.123334) (0.0977478 0.0936991 -0.156036) (0.1067 0.0875989 -0.174759) (0.11209 0.0783019 -0.186043) (0.0977478 0.0936991 -0.156036) (0.1067 0.0875989 -0.174759) (0.11209 0.0783019 -0.186043) (0.088854 0.114194 -0.115263) (0.101056 0.104302 -0.130701) (0.111166 0.0904727 -0.137201)
188           (0.10767 0.0773852 -0.17034) (0.101412 0.0866288 -0.127777) (0.111614 0.0802676 -0.152778) (0.120519 0.0713956 -0.165783) (0.101412 0.0866288 -0.127777) (0.111614 0.0802676 -0.152778) (0.120519 0.0713956 -0.165783) (0.0887991 0.111801 -0.0860986) (0.104336 0.101845 -0.109999) (0.120546 0.0886447 -0.119887) (0.0984022 0.0832736 -0.150198) (0.10767 0.0773852 -0.17034) (0.114518 0.0688399 -0.181951) (0.0984022 0.0832736 -0.150198) (0.10767 0.0773852 -0.17034) (0.114518 0.0688399 -0.181951) (0.0877717 0.10605 -0.107071) (0.101485 0.0969226 -0.126039) (0.11448 0.0843662 -0.134412) (0.0953023 0.0812958 -0.168899) (0.10455 0.0757254 -0.187272) (0.110407 0.0675784 -0.199266) (0.0953023 0.0812958 -0.168899) (0.10455 0.0757254 -0.187272) (0.110407 0.0675784 -0.199266) (0.0848091 0.102012 -0.124635) (0.097568 0.0932853 -0.141283) (0.10818 0.0811957 -0.14956)
190           (0.108948 0.0666917 -0.173877) (0.103121 0.0791877 -0.130733) (0.113687 0.0723135 -0.155397) (0.123042 0.0633602 -0.168076) (0.103121 0.0791877 -0.130733) (0.113687 0.0723135 -0.155397) (0.123042 0.0633602 -0.168076) (0.0886779 0.10423 -0.0863073) (0.104846 0.0940007 -0.111889) (0.121502 0.081172 -0.123272) (0.100079 0.0729714 -0.155159) (0.108948 0.0666917 -0.173877) (0.115736 0.0582227 -0.18461) (0.100079 0.0729714 -0.155159) (0.108948 0.0666917 -0.173877) (0.115736 0.0582227 -0.18461) (0.088605 0.095501 -0.109443) (0.102328 0.0863419 -0.128589) (0.115345 0.0742948 -0.137607) (0.0958111 0.0691504 -0.176147) (0.104507 0.063375 -0.192464) (0.110347 0.0555457 -0.203493) (0.0958111 0.0691504 -0.176147) (0.104507 0.063375 -0.192464) (0.110347 0.0555457 -0.203493) (0.0850609 0.0894996 -0.129519) (0.0977037 0.0808955 -0.145092) (0.108384 0.0694702 -0.153541)
192           (0.107927 0.0571585 -0.169336) (0.101303 0.0722951 -0.129331) (0.112866 0.064601 -0.151552) (0.123289 0.0550494 -0.162949) (0.101303 0.0722951 -0.129331) (0.112866 0.064601 -0.151552) (0.123289 0.0550494 -0.162949) (0.0851716 0.0954922 -0.0835995) (0.101713 0.0844589 -0.108598) (0.118971 0.0715308 -0.120542) (0.0987727 0.0642544 -0.153648) (0.107927 0.0571585 -0.169336) (0.115201 0.0480436 -0.178215) (0.0987727 0.0642544 -0.153648) (0.107927 0.0571585 -0.169336) (0.115201 0.0480436 -0.178215) (0.0866728 0.0851597 -0.106955) (0.10049 0.0753476 -0.124796) (0.113935 0.0631584 -0.133761) (0.0938326 0.0590033 -0.175231) (0.102449 0.052376 -0.188191) (0.108444 0.043905 -0.197168) (0.0938326 0.0590033 -0.175231) (0.102449 0.052376 -0.188191) (0.108444 0.043905 -0.197168) (0.0836575 0.0779921 -0.127592) (0.0963291 0.0687494 -0.141154) (0.107379 0.0571454 -0.149127)
194           (0.107024 0.0463041 -0.15725) (0.100301 0.0653823 -0.125527) (0.112206 0.0555806 -0.142541) (0.123376 0.0437577 -0.152942) (0.100301 0.0653823 -0.125527) (0.112206 0.0555806 -0.142541) (0.123376 0.0437577 -0.152942) (0.082938 0.0866927 -0.0807807) (0.0989365 0.0734781 -0.102182) (0.11595 0.0585129 -0.115691) (0.0978329 0.0556822 -0.146557) (0.107024 0.0463041 -0.15725) (0.114782 0.0347215 -0.164994) (0.0978329 0.0556822 -0.146557) (0.107024 0.0463041 -0.15725) (0.114782 0.0347215 -0.164994) (0.085314 0.0750214 -0.101922) (0.098895 0.063157 -0.116402) (0.112394 0.0490061 -0.126359) (0.0919208 0.0488403 -0.166696) (0.10026 0.0399376 -0.174564) (0.106518 0.0290123 -0.18204) (0.0919208 0.0488403 -0.166696) (0.10026 0.0399376 -0.174564) (0.106518 0.0290123 -0.18204) (0.0825036 0.0666715 -0.121908) (0.095092 0.0555126 -0.1319) (0.106517 0.0421211 -0.140104)
196           (0.101435 0.0223028 -0.146992) (0.093882 0.0431752 -0.123925) (0.10582 0.0325781 -0.13639) (0.118272 0.0200609 -0.145219) (0.093882 0.0431752 -0.123925) (0.10582 0.0325781 -0.13639) (0.118272 0.0200609 -0.145219) (0.0755231 0.0640978 -0.0853164) (0.0895467 0.0486334 -0.106238) (0.105334 0.0324744 -0.122187) (0.0917551 0.0325977 -0.139363) (0.101435 0.0223028 -0.146992) (0.110831 0.00998793 -0.154236) (0.0917551 0.0325977 -0.139363) (0.101435 0.0223028 -0.146992) (0.110831 0.00998793 -0.154236) (0.0785562 0.0516139 -0.102029) (0.0910767 0.0378804 -0.117335) (0.104155 0.0228512 -0.130201) (0.0863444 0.0250937 -0.155544) (0.0953271 0.0152424 -0.161087) (0.103282 0.00363852 -0.168378) (0.0863444 0.0250937 -0.155544) (0.0953271 0.0152424 -0.161087) (0.103282 0.00363852 -0.168378) (0.0771669 0.0427701 -0.118896) (0.0893247 0.030137 -0.13009) (0.101028 0.0162521 -0.141011)
198           (0.093516 -0.00667948 -0.150476) (0.0833261 0.0145066 -0.128141) (0.095799 0.00397637 -0.14153) (0.109051 -0.0076065 -0.153348) (0.0833261 0.0145066 -0.128141) (0.095799 0.00397637 -0.14153) (0.109051 -0.0076065 -0.153348) (0.0639324 0.0367162 -0.0995677) (0.0750888 0.0168995 -0.123473) (0.0880879 -0.00214985 -0.142924) (0.0824765 0.00301515 -0.139352) (0.093516 -0.00667948 -0.150476) (0.104921 -0.0174089 -0.161226) (0.0824765 0.00301515 -0.139352) (0.093516 -0.00667948 -0.150476) (0.104921 -0.0174089 -0.161226) (0.0680916 0.0226347 -0.112292) (0.0790316 0.00563869 -0.132308) (0.0910981 -0.0108159 -0.148873) (0.0799913 -0.00422399 -0.152725) (0.0905284 -0.0134144 -0.162494) (0.100841 -0.0231172 -0.173072) (0.0799913 -0.00422399 -0.152725) (0.0905284 -0.0134144 -0.162494) (0.100841 -0.0231172 -0.173072) (0.0698459 0.0136644 -0.126254) (0.0812619 -0.00110681 -0.142421) (0.093077 -0.0150472 -0.156975)
200           (0.0849025 -0.043588 -0.1658) (0.0714887 -0.0216881 -0.136651) (0.0819806 -0.0381746 -0.156276) (0.0930569 -0.0527531 -0.171481) (0.0714887 -0.0216881 -0.136651) (0.0819806 -0.0381746 -0.156276) (0.0930569 -0.0527531 -0.171481) (0.0553271 0.000775892 -0.113544) (0.064753 -0.0269984 -0.13805) (0.0771189 -0.0495864 -0.157944) (0.0745204 -0.0301633 -0.148917) (0.0849025 -0.043588 -0.1658) (0.095583 -0.0555049 -0.179434) (0.0745204 -0.0301633 -0.148917) (0.0849025 -0.043588 -0.1658) (0.095583 -0.0555049 -0.179434) (0.0607618 -0.010145 -0.128083) (0.0717817 -0.0317906 -0.148792) (0.0842234 -0.0499692 -0.16615) (0.0763999 -0.0329817 -0.163437) (0.0868873 -0.0433231 -0.177075) (0.0976576 -0.0521109 -0.189927) (0.0763999 -0.0329817 -0.163437) (0.0868873 -0.0433231 -0.177075) (0.0976576 -0.0521109 -0.189927) (0.0650284 -0.0149645 -0.143126) (0.0772625 -0.0316647 -0.159928) (0.0899841 -0.0453391 -0.175231)
202           (0.076188 -0.0684652 -0.184109) (0.0587518 -0.0522352 -0.155806) (0.068625 -0.0704149 -0.171635) (0.0823102 -0.0864628 -0.189013) (0.0587518 -0.0522352 -0.155806) (0.068625 -0.0704149 -0.171635) (0.0823102 -0.0864628 -0.189013) (0.0430045 -0.0292354 -0.133461) (0.0529998 -0.0565031 -0.152807) (0.0671045 -0.0801827 -0.172588) (0.0636966 -0.0550324 -0.170129) (0.076188 -0.0684652 -0.184109) (0.0908348 -0.0806721 -0.199586) (0.0636966 -0.0550324 -0.170129) (0.076188 -0.0684652 -0.184109) (0.0908348 -0.0806721 -0.199586) (0.0491873 -0.0368061 -0.150765) (0.0621992 -0.0570178 -0.166319) (0.0780735 -0.075195 -0.183372) (0.068931 -0.0518616 -0.183348) (0.0829989 -0.0612385 -0.196361) (0.0978648 -0.0694536 -0.210456) (0.068931 -0.0518616 -0.183348) (0.0829989 -0.0612385 -0.196361) (0.0978648 -0.0694536 -0.210456) (0.0557157 -0.0371012 -0.164409) (0.0709295 -0.051767 -0.178226) (0.0876283 -0.0646909 -0.193258)
204           (0.0787162 -0.0862386 -0.202106) (0.0549238 -0.0742476 -0.171745) (0.0679385 -0.0934946 -0.187857) (0.085342 -0.111982 -0.205988) (0.0549238 -0.0742476 -0.171745) (0.0679385 -0.0934946 -0.187857) (0.085342 -0.111982 -0.205988) (0.0367678 -0.056041 -0.14741) (0.0476617 -0.0830297 -0.165408) (0.0654499 -0.108492 -0.185323) (0.0629472 -0.0715443 -0.187582) (0.0787162 -0.0862386 -0.202106) (0.097117 -0.09979 -0.217438) (0.0629472 -0.0715443 -0.187582) (0.0787162 -0.0862386 -0.202106) (0.097117 -0.09979 -0.217438) (0.0442338 -0.0577487 -0.164976) (0.0593693 -0.0784886 -0.180284) (0.0794217 -0.097597 -0.196819) (0.0708548 -0.062619 -0.200787) (0.0883451 -0.0730458 -0.214718) (0.106918 -0.0816875 -0.228217) (0.0708548 -0.062619 -0.200787) (0.0883451 -0.0730458 -0.214718) (0.106918 -0.0816875 -0.228217) (0.0528581 -0.0518705 -0.178848) (0.0709654 -0.0671929 -0.19264) (0.0919937 -0.0801858 -0.206829)
206           (0.0795615 -0.104491 -0.213734) (0.0509753 -0.0949858 -0.18012) (0.0654601 -0.116932 -0.198414) (0.0862881 -0.137203 -0.217671) (0.0509753 -0.0949858 -0.18012) (0.0654601 -0.116932 -0.198414) (0.0862881 -0.137203 -0.217671) (0.024517 -0.0799479 -0.151466) (0.036615 -0.109273 -0.171543) (0.0597935 -0.136224 -0.193384) (0.0618358 -0.0879593 -0.199048) (0.0795615 -0.104491 -0.213734) (0.10122 -0.118739 -0.229159) (0.0618358 -0.0879593 -0.199048) (0.0795615 -0.104491 -0.213734) (0.10122 -0.118739 -0.229159) (0.0344623 -0.07799 -0.172905) (0.0522507 -0.100222 -0.188103) (0.0774282 -0.119402 -0.205107) (0.0721765 -0.0738239 -0.214366) (0.0920503 -0.0853937 -0.226967) (0.113707 -0.0940508 -0.239749) (0.0721765 -0.0738239 -0.214366) (0.0920503 -0.0853937 -0.226967) (0.113707 -0.0940508 -0.239749) (0.0459677 -0.0675052 -0.189232) (0.0675503 -0.0834504 -0.201308) (0.0931552 -0.0955828 -0.214888)
208           (0.076851 -0.124838 -0.21906) (0.0409596 -0.118932 -0.180048) (0.0590107 -0.142453 -0.202009) (0.0851036 -0.162624 -0.222567) (0.0409596 -0.118932 -0.180048) (0.0590107 -0.142453 -0.202009) (0.0851036 -0.162624 -0.222567) (0.00472835 -0.106328 -0.146732) (0.0214797 -0.137506 -0.170383) (0.0524097 -0.164031 -0.19406) (0.0552113 -0.10754 -0.202647) (0.076851 -0.124838 -0.21906) (0.103259 -0.138253 -0.234608) (0.0552113 -0.10754 -0.202647) (0.076851 -0.124838 -0.21906) (0.103259 -0.138253 -0.234608) (0.0177905 -0.101013 -0.17253) (0.0413237 -0.124021 -0.189132) (0.0733622 -0.141706 -0.206222) (0.0687286 -0.0882315 -0.221112) (0.0923797 -0.10004 -0.233802) (0.118228 -0.107478 -0.245946) (0.0687286 -0.0882315 -0.221112) (0.0923797 -0.10004 -0.233802) (0.118228 -0.107478 -0.245946) (0.032906 -0.0862139 -0.192204) (0.0601328 -0.102089 -0.203784) (0.091657 -0.112027 -0.216407)
210           (0.0707422 -0.144723 -0.215654) (0.0248629 -0.142014 -0.172827) (0.0484224 -0.166306 -0.1983) (0.0813727 -0.185657 -0.22138) (0.0248629 -0.142014 -0.172827) (0.0484224 -0.166306 -0.1983) (0.0813727 -0.185657 -0.22138) (-0.0215381 -0.131335 -0.1353) (0.002044 -0.163909 -0.16255) (0.0425219 -0.189147 -0.188943) (0.0436271 -0.127514 -0.197736) (0.0707422 -0.144723 -0.215654) (0.103094 -0.156462 -0.232311) (0.0436271 -0.127514 -0.197736) (0.0707422 -0.144723 -0.215654) (0.103094 -0.156462 -0.232311) (-0.00464299 -0.124185 -0.164015) (0.0263202 -0.147478 -0.181909) (0.0668479 -0.162613 -0.199788) (0.0614292 -0.103884 -0.217953) (0.0903001 -0.114941 -0.230574) (0.12133 -0.120281 -0.242864) (0.0614292 -0.103884 -0.217953) (0.0903001 -0.114941 -0.230574) (0.12133 -0.120281 -0.242864) (0.0146502 -0.106397 -0.185438) (0.0493563 -0.121259 -0.196532) (0.0880127 -0.127943 -0.208565)
212           (0.0596781 -0.161432 -0.20352) (0.0046413 -0.161168 -0.157312) (0.0341578 -0.18611 -0.186268) (0.0738198 -0.204052 -0.211082) (0.0046413 -0.161168 -0.157312) (0.0341578 -0.18611 -0.186268) (0.0738198 -0.204052 -0.211082) (-0.0501397 -0.151105 -0.115677) (-0.0188902 -0.185497 -0.14682) (0.0304545 -0.208823 -0.174896) (0.0268247 -0.144384 -0.1842) (0.0596781 -0.161432 -0.20352) (0.0977529 -0.171184 -0.220667) (0.0268247 -0.144384 -0.1842) (0.0596781 -0.161432 -0.20352) (0.0977529 -0.171184 -0.220667) (-0.0298896 -0.143536 -0.147528) (0.00867507 -0.166949 -0.166668) (0.0565292 -0.179231 -0.184201) (0.0479519 -0.117604 -0.205988) (0.0819934 -0.127954 -0.218475) (0.11802 -0.130954 -0.230578) (0.0479519 -0.117604 -0.205988) (0.0819934 -0.127954 -0.218475) (0.11802 -0.130954 -0.230578) (-0.00765654 -0.123975 -0.170658) (0.0336067 -0.138033 -0.180617) (0.0786131 -0.1412 -0.191333)
214           (0.0484724 -0.174211 -0.183277) (-0.0134125 -0.176123 -0.137076) (0.0210324 -0.200987 -0.166925) (0.0668483 -0.216586 -0.19186) (-0.0134125 -0.176123 -0.137076) (0.0210324 -0.200987 -0.166925) (0.0668483 -0.216586 -0.19186) (-0.0747655 -0.167491 -0.0944366) (-0.0374422 -0.202727 -0.125948) (0.0206213 -0.223155 -0.15441) (0.0108367 -0.158037 -0.164723) (0.0484724 -0.174211 -0.183277) (0.0915999 -0.181126 -0.199283) (0.0108367 -0.158037 -0.164723) (0.0484724 -0.174211 -0.183277) (0.0915999 -0.181126 -0.199283) (-0.0527463 -0.160229 -0.126857) (-0.00708771 -0.183105 -0.14611) (0.0468249 -0.191584 -0.161534) (0.0336937 -0.128978 -0.186377) (0.0722423 -0.137675 -0.197185) (0.112548 -0.137577 -0.207669) (0.0336937 -0.128978 -0.186377) (0.0722423 -0.137675 -0.197185) (0.112548 -0.137577 -0.207669) (-0.0292335 -0.140496 -0.149812) (0.01848 -0.151942 -0.158656) (0.0682234 -0.150825 -0.166086)
216           (0.0387359 -0.180962 -0.158998) (-0.028885 -0.18313 -0.111643) (0.0108244 -0.208142 -0.143007) (0.0617385 -0.221689 -0.166876) (-0.028885 -0.18313 -0.111643) (0.0108244 -0.208142 -0.143007) (0.0617385 -0.221689 -0.166876) (-0.0931909 -0.176209 -0.0710014) (-0.0505134 -0.211941 -0.102737) (0.0145932 -0.229914 -0.129865) (-0.00278413 -0.165088 -0.141162) (0.0387359 -0.180962 -0.158998) (0.0862622 -0.185212 -0.17297) (-0.00278413 -0.165088 -0.141162) (0.0387359 -0.180962 -0.158998) (0.0862622 -0.185212 -0.17297) (-0.0708997 -0.169888 -0.103958) (-0.0196515 -0.192802 -0.123058) (0.0399808 -0.197935 -0.136138) (0.0205408 -0.134912 -0.162154) (0.0628846 -0.142529 -0.171876) (0.106751 -0.13964 -0.180022) (0.0205408 -0.134912 -0.162154) (0.0628846 -0.142529 -0.171876) (0.106751 -0.13964 -0.180022) (-0.0465297 -0.149367 -0.126418) (0.00673892 -0.159833 -0.135316) (0.0597505 -0.155589 -0.138966)
218           (0.0360557 -0.179208 -0.132357) (-0.0350736 -0.181206 -0.0845807) (0.0073895 -0.206827 -0.11509) (0.0624383 -0.218846 -0.137055) (-0.0350736 -0.181206 -0.0845807) (0.0073895 -0.206827 -0.11509) (0.0624383 -0.218846 -0.137055) (-0.09972 -0.17689 -0.0470655) (-0.0542836 -0.21333 -0.077497) (0.0159723 -0.229378 -0.102429) (-0.00856143 -0.163672 -0.114971) (0.0360557 -0.179208 -0.132357) (0.0868668 -0.18156 -0.143409) (-0.00856143 -0.163672 -0.114971) (0.0360557 -0.179208 -0.132357) (0.0868668 -0.18156 -0.143409) (-0.0772653 -0.170791 -0.080978) (-0.0224517 -0.193772 -0.0993264) (0.0409791 -0.196979 -0.109703) (0.0162954 -0.131672 -0.136514) (0.0604331 -0.138974 -0.145532) (0.106662 -0.133961 -0.150618) (0.0162954 -0.131672 -0.136514) (0.0604331 -0.138974 -0.145532) (0.106662 -0.133961 -0.150618) (-0.0517758 -0.148692 -0.103256) (0.00460039 -0.158834 -0.112287) (0.0593788 -0.152656 -0.112608)
220           (0.0404588 -0.174253 -0.103939) (-0.0320529 -0.173171 -0.0525533) (0.00921891 -0.200707 -0.0840545) (0.0662666 -0.212424 -0.105795) (-0.0320529 -0.173171 -0.0525533) (0.00921891 -0.200707 -0.0840545) (0.0662666 -0.212424 -0.105795) (-0.0946558 -0.170438 -0.0183368) (-0.0503101 -0.209062 -0.0489997) (0.0218323 -0.225151 -0.0733481) (-0.00455868 -0.157698 -0.0845937) (0.0404588 -0.174253 -0.103939) (0.0923826 -0.176048 -0.113797) (-0.00455868 -0.157698 -0.0845937) (0.0404588 -0.174253 -0.103939) (0.0923826 -0.176048 -0.113797) (-0.0716821 -0.165891 -0.0535699) (-0.0165079 -0.190876 -0.0732374) (0.0482901 -0.194012 -0.0827094) (0.0221642 -0.124987 -0.107751) (0.0665289 -0.13317 -0.118766) (0.113302 -0.127449 -0.12232) (0.0221642 -0.124987 -0.107751) (0.0665289 -0.13317 -0.118766) (0.113302 -0.127449 -0.12232) (-0.0450208 -0.143026 -0.0765538) (0.011877 -0.155014 -0.0877467) (0.0671408 -0.148667 -0.0869003)
222           (0.0440209 -0.166236 -0.0722527) (-0.0284485 -0.154639 -0.0135955) (0.00849213 -0.188533 -0.0481908) (0.0673598 -0.203708 -0.0722772) (-0.0284485 -0.154639 -0.0135955) (0.00849213 -0.188533 -0.0481908) (0.0673598 -0.203708 -0.0722772) (-0.0876279 -0.150714 0.0182602) (-0.0485851 -0.196898 -0.0140317) (0.0248014 -0.217772 -0.04085) (0.00139551 -0.144286 -0.0483732) (0.0440209 -0.166236 -0.0722527) (0.0976173 -0.17026 -0.083986) (0.00139551 -0.144286 -0.0483732) (0.0440209 -0.166236 -0.0722527) (0.0976173 -0.17026 -0.083986) (-0.0636763 -0.151404 -0.0187156) (-0.0108292 -0.182985 -0.0424552) (0.0556269 -0.190205 -0.0546481) (0.0312791 -0.114208 -0.0757365) (0.0742007 -0.126493 -0.0911467) (0.121956 -0.122302 -0.0959405) (0.0312791 -0.114208 -0.0757365) (0.0742007 -0.126493 -0.0911467) (0.121956 -0.122302 -0.0959405) (-0.0339294 -0.13054 -0.0450366) (0.0218426 -0.148081 -0.0614173) (0.0776948 -0.145781 -0.0624552)
224           (0.0407052 -0.149406 -0.0331823) (-0.0248517 -0.120454 0.0310729) (-0.000497789 -0.164521 -0.00524371) (0.0569477 -0.187223 -0.0333958) (-0.0248517 -0.120454 0.0310729) (-0.000497789 -0.164521 -0.00524371) (0.0569477 -0.187223 -0.0333958) (-0.0756053 -0.112775 0.0589328) (-0.0522601 -0.169948 0.0291435) (0.0160445 -0.201512 -0.000668301) (0.00544217 -0.118788 -0.00186745) (0.0407052 -0.149406 -0.0331823) (0.0941479 -0.159219 -0.050043) (0.00544217 -0.118788 -0.00186745) (0.0407052 -0.149406 -0.0331823) (0.0941479 -0.159219 -0.050043) (-0.0534611 -0.121666 0.0264747) (-0.0109431 -0.164695 -0.00274342) (0.055075 -0.179928 -0.0207286) (0.0400233 -0.0953416 -0.0355731) (0.0777884 -0.114445 -0.0582388) (0.124807 -0.114771 -0.0673396) (0.0400233 -0.0953416 -0.0355731) (0.0777884 -0.114445 -0.0582388) (0.124807 -0.114771 -0.0673396) (-0.0202798 -0.107439 -0.0045221) (0.0286275 -0.135276 -0.0284238) (0.0840503 -0.139331 -0.0346064)
226           (0.0299977 -0.11333 0.00844391) (0.0037085 -0.067326 0.0513724) (-0.00501242 -0.117403 0.0336758) (0.0345103 -0.155987 0.00597252) (0.0037085 -0.067326 0.0513724) (-0.00501242 -0.117403 0.0336758) (0.0345103 -0.155987 0.00597252) (-0.0412299 -0.0593116 0.0747732) (-0.0474063 -0.118761 0.0672269) (-0.00515899 -0.168494 0.0430734) (0.0146495 -0.0680713 0.0340892) (0.0299977 -0.11333 0.00844391) (0.0759788 -0.137287 -0.0126531) (0.0146495 -0.0680713 0.0340892) (0.0299977 -0.11333 0.00844391) (0.0759788 -0.137287 -0.0126531) (-0.0357048 -0.0663971 0.0591334) (-0.0176799 -0.125794 0.040448) (0.0395754 -0.158177 0.0194004) (0.0449814 -0.0542981 0.00437277) (0.0709806 -0.0889282 -0.0200441) (0.113585 -0.100953 -0.03458) (0.0449814 -0.0542981 0.00437277) (0.0709806 -0.0889282 -0.0200441) (0.113585 -0.100953 -0.03458) (-0.00897187 -0.062759 0.0313113) (0.0258504 -0.109823 0.00989909) (0.0777878 -0.126437 -0.00102745)
228           (0.0493143 -0.0553539 0.0272224) (0.0663114 -0.0249004 0.0396396) (0.0361202 -0.0592029 0.0381882) (0.0314641 -0.10664 0.0227552) (0.0663114 -0.0249004 0.0396396) (0.0361202 -0.0592029 0.0381882) (0.0314641 -0.10664 0.0227552) (0.0325754 -0.0133886 0.0572819) (-0.00200862 -0.0589685 0.0701255) (-0.0031426 -0.11638 0.0635199) (0.0706299 -0.0154836 0.0377709) (0.0493143 -0.0553539 0.0272224) (0.0625305 -0.0978294 0.00960487) (0.0706299 -0.0154836 0.0377709) (0.0493143 -0.0553539 0.0272224) (0.0625305 -0.0978294 0.00960487) (0.0251879 -0.00990666 0.0558065) (0.00595991 -0.0631597 0.0594397) (0.0263902 -0.115134 0.0482115) (0.081243 0.00204217 0.0262585) (0.0768381 -0.0403141 0.00580171) (0.0993578 -0.0719356 -0.0111646) (0.081243 0.00204217 0.0262585) (0.0768381 -0.0403141 0.00580171) (0.0993578 -0.0719356 -0.0111646) (0.0306248 0.00169007 0.0473205) (0.0308756 -0.0558866 0.0388417) (0.0636582 -0.0969726 0.0278547)
230           (0.105421 -0.00412801 0.0199705) (0.116089 0.0142511 0.0433884) (0.0946753 -0.015559 0.0268355) (0.0713188 -0.0539958 0.0143053) (0.116089 0.0142511 0.0433884) (0.0946753 -0.015559 0.0268355) (0.0713188 -0.0539958 0.0143053) (0.106049 0.0254379 0.0528119) (0.0718929 -0.0106123 0.0549) (0.0432748 -0.0587095 0.0551887) (0.122041 0.0222797 0.0412043) (0.105421 -0.00412801 0.0199705) (0.08923 -0.0425081 0.00614196) (0.122041 0.0222797 0.0412043) (0.105421 -0.00412801 0.0199705) (0.08923 -0.0425081 0.00614196) (0.106675 0.0303669 0.0512434) (0.0776817 -0.00354752 0.0495338) (0.0594 -0.0521483 0.0481361) (0.128872 0.0375659 0.0344176) (0.119119 0.0117992 0.00572607) (0.112318 -0.0239705 -0.010604) (0.128872 0.0375659 0.0344176) (0.119119 0.0117992 0.00572607) (0.112318 -0.0239705 -0.010604) (0.109372 0.0476036 0.047905) (0.0901816 0.012078 0.039647) (0.0826696 -0.0366237 0.035133)
232           (0.116205 0.0186015 0.0114941) (0.119347 0.0474668 0.0493006) (0.110302 0.0108189 0.0230007) (0.0958484 -0.0245284 0.00044867) (0.119347 0.0474668 0.0493006) (0.110302 0.0108189 0.0230007) (0.0958484 -0.0245284 0.00044867) (0.130989 0.0652264 0.0679318) (0.113774 0.0270094 0.0554182) (0.0870111 -0.015836 0.0447671) (0.119092 0.0495265 0.0428834) (0.116205 0.0186015 0.0114941) (0.108853 -0.0119616 -0.011901) (0.119092 0.0495265 0.0428834) (0.116205 0.0186015 0.0114941) (0.108853 -0.0119616 -0.011901) (0.129965 0.0659285 0.0626169) (0.118071 0.0336848 0.0462071) (0.0990004 -0.00490554 0.0353768) (0.122454 0.056939 0.0306349) (0.125092 0.0307597 -0.00603221) (0.124444 0.00524518 -0.0314827) (0.122454 0.056939 0.0306349) (0.125092 0.0307597 -0.00603221) (0.124444 0.00524518 -0.0314827) (0.130447 0.0745168 0.0544013) (0.125978 0.0464378 0.0329445) (0.114373 0.0114894 0.0216156)
234           (0.106288 0.0321423 -0.00340716) (0.107073 0.0663728 0.038976) (0.104615 0.0296727 0.0153431) (0.1011 -0.00742022 -0.0155792) (0.107073 0.0663728 0.038976) (0.104615 0.0296727 0.0153431) (0.1011 -0.00742022 -0.0155792) (0.127909 0.0912173 0.0721089) (0.122133 0.0539885 0.0572209) (0.109037 0.0133109 0.0383797) (0.101292 0.0633506 0.0268856) (0.106288 0.0321423 -0.00340716) (0.110149 0.00122566 -0.035808) (0.101292 0.0633506 0.0268856) (0.106288 0.0321423 -0.00340716) (0.110149 0.00122566 -0.035808) (0.120795 0.0874888 0.0633112) (0.121003 0.0560331 0.0421118) (0.114919 0.0210343 0.0230869) (0.101395 0.0650286 0.00670889) (0.113121 0.0387556 -0.0315234) (0.12266 0.0164222 -0.0634129) (0.101395 0.0650286 0.00670889) (0.113121 0.0387556 -0.0315234) (0.12266 0.0164222 -0.0634129) (0.116894 0.0893685 0.0495153) (0.122715 0.0628126 0.0225362) (0.122734 0.0333105 0.00203671)
236           (0.0901179 0.035602 -0.0369642) (0.0876312 0.0724649 0.014779) (0.0877856 0.0375924 -0.00977968) (0.090092 0.00095149 -0.0435041) (0.0876312 0.0724649 0.014779) (0.0877856 0.0375924 -0.00977968) (0.090092 0.00095149 -0.0435041) (0.109575 0.103283 0.0635439) (0.108437 0.0673533 0.0453698) (0.104186 0.0296221 0.025967) (0.0804247 0.065679 -0.00493779) (0.0901179 0.035602 -0.0369642) (0.100724 0.0083425 -0.0703314) (0.0804247 0.065679 -0.00493779) (0.0901179 0.035602 -0.0369642) (0.100724 0.0083425 -0.0703314) (0.0982236 0.094701 0.0500251) (0.103588 0.0642616 0.02522) (0.106173 0.0329612 0.00346605) (0.0827714 0.0647689 -0.0371629) (0.0999606 0.0405738 -0.0742643) (0.115677 0.0228946 -0.106649) (0.0827714 0.0647689 -0.0371629) (0.0999606 0.0405738 -0.0742643) (0.115677 0.0228946 -0.106649) (0.0929902 0.0917815 0.0277952) (0.103121 0.0661657 -0.0014674) (0.111142 0.0413333 -0.0260046)
238           (0.0797632 0.0321497 -0.0843035) (0.0685176 0.0677506 -0.0192824) (0.0715424 0.0331276 -0.0497041) (0.0788951 0.00236377 -0.0817315) (0.0685176 0.0677506 -0.0192824) (0.0715424 0.0331276 -0.0497041) (0.0788951 0.00236377 -0.0817315) (0.0856818 0.100071 0.0448492) (0.0858519 0.0650583 0.0216591) (0.0858338 0.0303255 0.000720167) (0.0667658 0.0591899 -0.0507658) (0.0797632 0.0321497 -0.0843035) (0.0936378 0.0105395 -0.114572) (0.0667658 0.0591899 -0.0507658) (0.0797632 0.0321497 -0.0843035) (0.0936378 0.0105395 -0.114572) (0.0735344 0.0878038 0.0243087) (0.0809768 0.059003 -0.00420638) (0.08852 0.0310282 -0.0277026) (0.0769705 0.0602715 -0.0938403) (0.0955182 0.0403688 -0.12781) (0.114018 0.0268861 -0.157795) (0.0769705 0.0602715 -0.0938403) (0.0955182 0.0403688 -0.12781) (0.114018 0.0268861 -0.157795) (0.070984 0.0836612 -0.00792603) (0.0844215 0.0599044 -0.040585) (0.0987438 0.0392601 -0.0678714)
240           (0.0739364 0.0301547 -0.133205) (0.0555628 0.0576656 -0.0641991) (0.0595287 0.0273114 -0.0950915) (0.0680438 0.00210221 -0.123548) (0.0555628 0.0576656 -0.0641991) (0.0595287 0.0273114 -0.0950915) (0.0680438 0.00210221 -0.123548) (0.060862 0.0875105 0.0178097) (0.0597792 0.0545476 -0.00779471) (0.0615015 0.0222874 -0.0303698) (0.0616439 0.0523836 -0.102441) (0.0739364 0.0301547 -0.133205) (0.0885877 0.0132586 -0.160543) (0.0616439 0.0523836 -0.102441) (0.0739364 0.0301547 -0.133205) (0.0885877 0.0132586 -0.160543) (0.0515908 0.075008 -0.00934092) (0.0602563 0.0484207 -0.0405922) (0.0709835 0.0241371 -0.0661166) (0.078179 0.0577891 -0.148186) (0.0956222 0.0427328 -0.179117) (0.114563 0.0331397 -0.206336) (0.078179 0.0577891 -0.148186) (0.0956222 0.0427328 -0.179117) (0.114563 0.0331397 -0.206336) (0.0574267 0.0728389 -0.0531075) (0.0729014 0.0530336 -0.0868266) (0.0887007 0.0366543 -0.113086)
242           (0.0755171 0.0337095 -0.174314) (0.0509861 0.0517097 -0.10615) (0.0548652 0.0254779 -0.134453) (0.0637395 0.00474045 -0.159494) (0.0509861 0.0517097 -0.10615) (0.0548652 0.0254779 -0.134453) (0.0637395 0.00474045 -0.159494) (0.0427401 0.0743547 -0.0126264) (0.0413939 0.0424029 -0.0393113) (0.044916 0.013442 -0.0628192) (0.0641999 0.0519714 -0.146887) (0.0755171 0.0337095 -0.174314) (0.0901546 0.0202636 -0.199579) (0.0641999 0.0519714 -0.146887) (0.0755171 0.0337095 -0.174314) (0.0901546 0.0202636 -0.199579) (0.0425432 0.065434 -0.0497342) (0.0510416 0.0418366 -0.0782816) (0.0615092 0.0210612 -0.102279) (0.0853665 0.0620531 -0.192192) (0.101652 0.0505237 -0.219834) (0.120299 0.0435618 -0.245147) (0.0853665 0.0620531 -0.192192) (0.101652 0.0505237 -0.219834) (0.120299 0.0435618 -0.245147) (0.0567465 0.0695052 -0.0996095) (0.0706559 0.0528041 -0.128138) (0.0857834 0.0393814 -0.152274)
244           (0.0794233 0.0418747 -0.205303) (0.0502734 0.0531207 -0.138395) (0.0541057 0.0301591 -0.16334) (0.062737 0.0113217 -0.186305) (0.0502734 0.0531207 -0.138395) (0.0541057 0.0301591 -0.16334) (0.062737 0.0113217 -0.186305) (0.0313442 0.0667758 -0.0436452) (0.0301318 0.0369319 -0.066614) (0.0334689 0.0101673 -0.0881144) (0.0688332 0.0574053 -0.18128) (0.0794233 0.0418747 -0.205303) (0.093643 0.0298598 -0.228997) (0.0688332 0.0574053 -0.18128) (0.0794233 0.0418747 -0.205303) (0.093643 0.0298598 -0.228997) (0.0395187 0.0628343 -0.0867835) (0.0464545 0.0417076 -0.109577) (0.0560306 0.0227334 -0.131367) (0.0925483 0.0697515 -0.225992) (0.10806 0.0606655 -0.249928) (0.126303 0.054898 -0.273648) (0.0925483 0.0697515 -0.225992) (0.10806 0.0606655 -0.249928) (0.126303 0.054898 -0.273648) (0.0586643 0.0712407 -0.138576) (0.0709557 0.0572484 -0.161282) (0.085341 0.0453583 -0.183231)
246           (0.087257 0.0500609 -0.227112) (0.0576077 0.0559596 -0.162409) (0.0595985 0.0363898 -0.183637) (0.0664468 0.0192724 -0.203791) (0.0576077 0.0559596 -0.162409) (0.0595985 0.0363898 -0.183637) (0.0664468 0.0192724 -0.203791) (0.0347869 0.0614598 -0.0688316) (0.0309039 0.035233 -0.0884525) (0.0319723 0.0104524 -0.106755) (0.0785645 0.062832 -0.207093) (0.087257 0.0500609 -0.227112) (0.0998997 0.0395748 -0.247832) (0.0785645 0.062832 -0.207093) (0.087257 0.0500609 -0.227112) (0.0998997 0.0395748 -0.247832) (0.0467975 0.0618307 -0.116524) (0.0506606 0.043577 -0.134773) (0.0579316 0.0261845 -0.153111) (0.10256 0.0766638 -0.250759) (0.11661 0.0698253 -0.270559) (0.13363 0.0652908 -0.291266) (0.10256 0.0766638 -0.250759) (0.11661 0.0698253 -0.270559) (0.13363 0.0652908 -0.291266) (0.0672839 0.0734003 -0.169035) (0.0772557 0.0617616 -0.186935) (0.089881 0.0509956 -0.205488)
248           (0.0929703 0.0599678 -0.2429) (0.0618681 0.0630936 -0.177792) (0.0632302 0.0456989 -0.198122) (0.0690055 0.0296022 -0.217179) (0.0618681 0.0630936 -0.177792) (0.0632302 0.0456989 -0.198122) (0.0690055 0.0296022 -0.217179) (0.0341999 0.0638958 -0.0848385) (0.029875 0.0390849 -0.102708) (0.0297457 0.014835 -0.118753) (0.0851699 0.0707529 -0.22382) (0.0929703 0.0599678 -0.2429) (0.104592 0.0504869 -0.26236) (0.0851699 0.0707529 -0.22382) (0.0929703 0.0599678 -0.2429) (0.104592 0.0504869 -0.26236) (0.0502031 0.065968 -0.135604) (0.0530505 0.0490308 -0.15195) (0.0591103 0.0320692 -0.168239) (0.110295 0.08475 -0.266897) (0.123406 0.0796368 -0.285356) (0.139505 0.0760056 -0.304581) (0.110295 0.08475 -0.266897) (0.123406 0.0796368 -0.285356) (0.139505 0.0760056 -0.304581) (0.073179 0.0785613 -0.188842) (0.0821398 0.0680295 -0.204615) (0.0937961 0.0577765 -0.221083)
250           (0.0988893 0.0692769 -0.255513) (0.0677215 0.0690044 -0.19092) (0.0679931 0.0544054 -0.211825) (0.0725407 0.0405349 -0.230356) (0.0677215 0.0690044 -0.19092) (0.0679931 0.0544054 -0.211825) (0.0725407 0.0405349 -0.230356) (0.0383214 0.067068 -0.101172) (0.0325094 0.044357 -0.117822) (0.0303873 0.0214334 -0.131683) (0.0924415 0.0773284 -0.235961) (0.0988893 0.0692769 -0.255513) (0.109232 0.0619936 -0.274284) (0.0924415 0.0773284 -0.235961) (0.0988893 0.0692769 -0.255513) (0.109232 0.0619936 -0.274284) (0.0567557 0.0704702 -0.151834) (0.0577925 0.0554855 -0.167279) (0.0619667 0.039869 -0.181678) (0.118119 0.0914835 -0.276488) (0.129817 0.0889668 -0.29506) (0.144671 0.0874074 -0.3134) (0.118119 0.0914835 -0.276488) (0.129817 0.0889668 -0.29506) (0.144671 0.0874074 -0.3134) (0.0811359 0.0835439 -0.203172) (0.0884278 0.075007 -0.218021) (0.098572 0.066195 -0.232737)
252           (0.106333 0.0668265 -0.271887) (0.0749146 0.0628342 -0.207106) (0.0758126 0.0517762 -0.230582) (0.0810082 0.0415898 -0.250324) (0.0749146 0.0628342 -0.207106) (0.0758126 0.0517762 -0.230582) (0.0810082 0.0415898 -0.250324) (0.042233 0.0609539 -0.120457) (0.0365466 0.0412414 -0.138748) (0.0340682 0.0210919 -0.152269) (0.0997401 0.0713639 -0.25048) (0.106333 0.0668265 -0.271887) (0.116925 0.0630039 -0.291321) (0.0997401 0.0713639 -0.25048) (0.106333 0.0668265 -0.271887) (0.116925 0.0630039 -0.291321) (0.0627954 0.0653067 -0.170784) (0.0636703 0.0534555 -0.187879) (0.0677235 0.0409206 -0.202254) (0.12449 0.085258 -0.287194) (0.135874 0.0861473 -0.306922) (0.150564 0.0877858 -0.32551) (0.12449 0.085258 -0.287194) (0.135874 0.0861473 -0.306922) (0.150564 0.0877858 -0.32551) (0.088241 0.0786371 -0.219409) (0.0952499 0.0733603 -0.235623) (0.105329 0.0676242 -0.250333)
254           (0.108272 0.0643484 -0.277685) (0.0757584 0.0594959 -0.21272) (0.0775112 0.0497436 -0.236625) (0.0841146 0.0415647 -0.256375) (0.0757584 0.0594959 -0.21272) (0.0775112 0.0497436 -0.236625) (0.0841146 0.0415647 -0.256375) (0.0422337 0.0563334 -0.129047) (0.0370377 0.037613 -0.147269) (0.0355627 0.0193775 -0.16067) (0.100922 0.0673987 -0.255841) (0.108272 0.0643484 -0.277685) (0.119884 0.0625931 -0.296675) (0.100922 0.0673987 -0.255841) (0.108272 0.0643484 -0.277685) (0.119884 0.0625931 -0.296675) (0.0638536 0.0601606 -0.179504) (0.0654989 0.0496992 -0.197059) (0.0707827 0.0394873 -0.211341) (0.125311 0.0804755 -0.290394) (0.137321 0.0829111 -0.310722) (0.152588 0.0865862 -0.328556) (0.125311 0.0804755 -0.290394) (0.137321 0.0829111 -0.310722) (0.152588 0.0865862 -0.328556) (0.0901583 0.0729335 -0.22644) (0.0981649 0.0692785 -0.24348) (0.109339 0.0658691 -0.257885)
256           (0.107351 0.0645327 -0.276787) (0.074435 0.0590235 -0.211664) (0.0768369 0.0501228 -0.234919) (0.0842018 0.0427665 -0.254523) (0.074435 0.0590235 -0.211664) (0.0768369 0.0501228 -0.234919) (0.0842018 0.0427665 -0.254523) (0.0403078 0.0555188 -0.129685) (0.0356821 0.0379066 -0.146648) (0.0348956 0.0206218 -0.159889) (0.0994711 0.0669972 -0.255102) (0.107351 0.0645327 -0.276787) (0.11951 0.0633654 -0.295539) (0.0994711 0.0669972 -0.255102) (0.107351 0.0645327 -0.276787) (0.11951 0.0633654 -0.295539) (0.0621719 0.0595933 -0.180407) (0.0645363 0.0500625 -0.197295) (0.0707148 0.0407387 -0.211547) (0.123505 0.0799309 -0.28891) (0.135918 0.0827665 -0.309614) (0.151482 0.0868684 -0.327212) (0.123505 0.0799309 -0.28891) (0.135918 0.0827665 -0.309614) (0.151482 0.0868684 -0.327212) (0.0887189 0.0724165 -0.226656) (0.0975118 0.0695023 -0.243518) (0.109476 0.0667849 -0.257843)
258           (0.106774 0.0634705 -0.273341) (0.0745375 0.0579442 -0.208066) (0.0768613 0.0493716 -0.2305) (0.0842294 0.0424513 -0.249734) (0.0745375 0.0579442 -0.208066) (0.0768613 0.0493716 -0.2305) (0.0842294 0.0424513 -0.249734) (0.041124 0.0549159 -0.127228) (0.0362806 0.0376796 -0.143508) (0.0353337 0.0207193 -0.15642) (0.098808 0.0656317 -0.252551) (0.106774 0.0634705 -0.273341) (0.119028 0.0627731 -0.291502) (0.098808 0.0656317 -0.252551) (0.106774 0.0634705 -0.273341) (0.119028 0.0627731 -0.291502) (0.0619704 0.0584053 -0.178609) (0.0642943 0.0492006 -0.194678) (0.0704744 0.0402309 -0.208411) (0.122111 0.0784419 -0.286855) (0.134786 0.0814727 -0.306869) (0.150545 0.0860038 -0.323851) (0.122111 0.0784419 -0.286855) (0.134786 0.0814727 -0.306869) (0.150545 0.0860038 -0.323851) (0.0876781 0.0710129 -0.22497) (0.0965767 0.0682516 -0.241065) (0.108617 0.0657891 -0.254824)
260           (0.104637 0.0602923 -0.268495) (0.0731511 0.0559379 -0.202168) (0.0750676 0.0467824 -0.22414) (0.0819969 0.0394649 -0.243317) (0.0731511 0.0559379 -0.202168) (0.0750676 0.0467824 -0.22414) (0.0819969 0.0394649 -0.243317) (0.0405441 0.0535626 -0.121677) (0.0352926 0.0359627 -0.137675) (0.0338362 0.0187501 -0.15056) (0.0967202 0.0628932 -0.24832) (0.104637 0.0602923 -0.268495) (0.116733 0.0593486 -0.286594) (0.0967202 0.0628932 -0.24832) (0.104637 0.0602923 -0.268495) (0.116733 0.0593486 -0.286594) (0.0600741 0.0558396 -0.17401) (0.0622239 0.0463182 -0.18958) (0.0680373 0.0371374 -0.203165) (0.119727 0.0753919 -0.284076) (0.132703 0.0779933 -0.303474) (0.148591 0.0823172 -0.320448) (0.119727 0.0753919 -0.284076) (0.132703 0.0779933 -0.303474) (0.148591 0.0823172 -0.320448) (0.0850032 0.067876 -0.221209) (0.0939422 0.0647377 -0.236804) (0.105778 0.0620283 -0.250486)
262           (0.100884 0.0570886 -0.260771) (0.070168 0.0547185 -0.192289) (0.0709623 0.0441251 -0.214177) (0.0769534 0.0353906 -0.233343) (0.070168 0.0547185 -0.192289) (0.0709623 0.0441251 -0.214177) (0.0769534 0.0353906 -0.233343) (0.0391803 0.053164 -0.112323) (0.0326315 0.0341103 -0.128069) (0.0300375 0.0153456 -0.140953) (0.0936722 0.0609264 -0.24044) (0.100884 0.0570886 -0.260771) (0.112373 0.0549653 -0.279012) (0.0936722 0.0609264 -0.24044) (0.100884 0.0570886 -0.260771) (0.112373 0.0549653 -0.279012) (0.0571926 0.0537858 -0.165293) (0.058278 0.0429128 -0.180879) (0.0630483 0.0323799 -0.19448) (0.117442 0.0732809 -0.278843) (0.130127 0.0747806 -0.298376) (0.145706 0.0780427 -0.31558) (0.117442 0.0732809 -0.278843) (0.130127 0.0747806 -0.298376) (0.145706 0.0780427 -0.31558) (0.0815975 0.0650287 -0.214006) (0.0898099 0.0606795 -0.229652) (0.100834 0.0567751 -0.243417)
264           (0.0958941 0.0518679 -0.251137) (0.0662508 0.0524361 -0.181369) (0.0658047 0.0397979 -0.202032) (0.0706092 0.0290527 -0.220519) (0.0662508 0.0524361 -0.181369) (0.0658047 0.0397979 -0.202032) (0.0706092 0.0290527 -0.220519) (0.0369327 0.0514632 -0.101829) (0.0290132 0.0305204 -0.116386) (0.02504 0.00973522 -0.128618) (0.0893554 0.0576034 -0.231633) (0.0958941 0.0518679 -0.251137) (0.106811 0.047929 -0.269008) (0.0893554 0.0576034 -0.231633) (0.0958941 0.0518679 -0.251137) (0.106811 0.047929 -0.269008) (0.0529635 0.0500496 -0.15521) (0.0528639 0.0372034 -0.169838) (0.0563869 0.024677 -0.182858) (0.113984 0.0696423 -0.273329) (0.126483 0.069373 -0.292309) (0.141999 0.0709614 -0.309385) (0.113984 0.0696423 -0.273329) (0.126483 0.069373 -0.292309) (0.141999 0.0709614 -0.309385) (0.0766284 0.0601841 -0.205703) (0.0839603 0.0539318 -0.220658) (0.0940328 0.0482021 -0.234108)
266           (0.0866555 0.0435948 -0.238739) (0.0593158 0.0480607 -0.168214) (0.0565409 0.0327272 -0.187873) (0.0592836 0.0192695 -0.205539) (0.0593158 0.0480607 -0.168214) (0.0565409 0.0327272 -0.187873) (0.0592836 0.0192695 -0.205539) (0.0327036 0.0481815 -0.0895253) (0.0225608 0.0245818 -0.103013) (0.0166462 0.0010431 -0.114592) (0.0817961 0.0518006 -0.21985) (0.0866555 0.0435948 -0.238739) (0.0961046 0.0372467 -0.256119) (0.0817961 0.0518006 -0.21985) (0.0866555 0.0435948 -0.238739) (0.0961046 0.0372467 -0.256119) (0.0460258 0.0437867 -0.142244) (0.0438672 0.0281908 -0.155969) (0.0454112 0.0128644 -0.168188) (0.107641 0.0635573 -0.264804) (0.119215 0.0610254 -0.283366) (0.133911 0.0604444 -0.30022) (0.107641 0.0635573 -0.264804) (0.119215 0.0610254 -0.283366) (0.133911 0.0604444 -0.30022) (0.068573 0.0522355 -0.19419) (0.0743181 0.0433704 -0.208471) (0.0828318 0.0351634 -0.221433)
268           (0.074719 0.0326066 -0.221373) (0.0501403 0.0418953 -0.151573) (0.0450385 0.02337 -0.169229) (0.0456162 0.00674017 -0.185249) (0.0501403 0.0418953 -0.151573) (0.0450385 0.02337 -0.169229) (0.0456162 0.00674017 -0.185249) (0.0263144 0.0428989 -0.0741028) (0.0142039 0.0164549 -0.0859918) (0.00684519 -0.0095827 -0.0967228) (0.071535 0.0437156 -0.203973) (0.074719 0.0326066 -0.221373) (0.0826968 0.0234728 -0.237842) (0.071535 0.0437156 -0.203973) (0.074719 0.0326066 -0.221373) (0.0826968 0.0234728 -0.237842) (0.0365109 0.0349682 -0.125017) (0.0324894 0.0163581 -0.137113) (0.0323585 -0.00187315 -0.148155) (0.0985208 0.0548459 -0.252382) (0.109222 0.0497276 -0.269833) (0.123254 0.0466807 -0.286288) (0.0985208 0.0548459 -0.252382) (0.109222 0.0497276 -0.269833) (0.123254 0.0466807 -0.286288) (0.0576423 0.0411884 -0.178241) (0.0619534 0.0294902 -0.191362) (0.0691857 0.0187328 -0.203778)
270           (0.0591884 0.0164928 -0.201348) (0.0388982 0.0320407 -0.134626) (0.0314673 0.00978983 -0.149737) (0.0299724 -0.0103985 -0.164158) (0.0388982 0.0320407 -0.134626) (0.0314673 0.00978983 -0.149737) (0.0299724 -0.0103985 -0.164158) (0.0188925 0.0351538 -0.0602221) (0.00502197 0.00554985 -0.0697983) (-0.00330828 -0.0226543 -0.0799873) (0.0579976 0.030975 -0.185693) (0.0591884 0.0164928 -0.201348) (0.0655483 0.00416548 -0.216894) (0.0579976 0.030975 -0.185693) (0.0591884 0.0164928 -0.201348) (0.0655483 0.00416548 -0.216894) (0.0249563 0.0224985 -0.106978) (0.01898 0.000533214 -0.116712) (0.01728 -0.0204761 -0.126202) (0.0853813 0.040815 -0.236401) (0.0947013 0.0328235 -0.252691) (0.107798 0.0271469 -0.268824) (0.0853813 0.040815 -0.236401) (0.0947013 0.0328235 -0.252691) (0.107798 0.0271469 -0.268824) (0.0435851 0.0253766 -0.159911) (0.04606 0.0105671 -0.171161) (0.0518817 -0.00297111 -0.182901)
272           (0.0413741 -0.00612854 -0.175585) (0.0263316 0.0171096 -0.11448) (0.0174394 -0.00859636 -0.127595) (0.0148866 -0.0311203 -0.14053) (0.0263316 0.0171096 -0.11448) (0.0174394 -0.00859636 -0.127595) (0.0148866 -0.0311203 -0.14053) (0.00982182 0.0228134 -0.0444455) (-0.00467958 -0.00916116 -0.0532267) (-0.0126093 -0.0374479 -0.0643494) (0.0418434 0.0120591 -0.161944) (0.0413741 -0.00612854 -0.175585) (0.0460965 -0.0215614 -0.189183) (0.0418434 0.0120591 -0.161944) (0.0413741 -0.00612854 -0.175585) (0.0460965 -0.0215614 -0.189183) (0.0120002 0.00523882 -0.0853273) (0.00555841 -0.0195322 -0.0941555) (0.00440339 -0.0413951 -0.104465) (0.0685649 0.0200191 -0.214116) (0.0767899 0.00869953 -0.229504) (0.0892431 0.000354937 -0.245467) (0.0685649 0.0200191 -0.214116) (0.0767899 0.00869953 -0.229504) (0.0892431 0.000354937 -0.245467) (0.0273501 0.00424173 -0.135959) (0.0289721 -0.0138503 -0.146195) (0.0339926 -0.0295934 -0.156992)
274           (0.0205165 -0.033676 -0.140276) (0.010989 -0.00150138 -0.0878886) (0.00148937 -0.0300507 -0.100319) (-0.00033409 -0.053291 -0.115424) (0.010989 -0.00150138 -0.0878886) (0.00148937 -0.0300507 -0.100319) (-0.00033409 -0.053291 -0.115424) (-0.000224572 0.00747419 -0.0242628) (-0.0146968 -0.025999 -0.03335) (-0.0220276 -0.0538983 -0.045908) (0.0224172 -0.0120001 -0.128413) (0.0205165 -0.033676 -0.140276) (0.0252441 -0.050715 -0.155275) (0.0224172 -0.0120001 -0.128413) (0.0205165 -0.033676 -0.140276) (0.0252441 -0.050715 -0.155275) (-0.000836789 -0.0154874 -0.0578433) (-0.00702662 -0.0413376 -0.0669027) (-0.00743846 -0.0627383 -0.0803358) (0.0465462 -0.00731952 -0.179384) (0.0530722 -0.0223569 -0.193144) (0.0642656 -0.0332464 -0.208618) (0.0465462 -0.00731952 -0.179384) (0.0530722 -0.0223569 -0.193144) (0.0642656 -0.0332464 -0.208618) (0.0106889 -0.0216208 -0.104075) (0.01195 -0.041685 -0.113422) (0.0182022 -0.0573504 -0.127952)
276           (0.00109085 -0.0564782 -0.104171) (-0.00584734 -0.0166682 -0.0596423) (-0.0140786 -0.0457799 -0.071255) (-0.0153092 -0.0700772 -0.0875991) (-0.00584734 -0.0166682 -0.0596423) (-0.0140786 -0.0457799 -0.071255) (-0.0153092 -0.0700772 -0.0875991) (-0.0126664 -0.00482033 -0.00226724) (-0.0252308 -0.0381943 -0.0107909) (-0.0313201 -0.0666237 -0.024698) (0.00174884 -0.0340299 -0.0912353) (0.00109085 -0.0564782 -0.104171) (0.00652798 -0.0743736 -0.121747) (0.00174884 -0.0340299 -0.0912353) (0.00109085 -0.0564782 -0.104171) (0.00652798 -0.0743736 -0.121747) (-0.0148599 -0.0325677 -0.0282629) (-0.0195496 -0.0579138 -0.0380057) (-0.0189941 -0.0796312 -0.05386) (0.0203429 -0.037064 -0.136243) (0.0271428 -0.0538844 -0.150109) (0.0389275 -0.0655481 -0.168537) (0.0203429 -0.037064 -0.136243) (0.0271428 -0.0538844 -0.150109) (0.0389275 -0.0655481 -0.168537) (-0.00633324 -0.0452952 -0.0689707) (-0.003337 -0.0650979 -0.081184) (0.00406262 -0.0805311 -0.0989472)
278           (-0.015644 -0.0746732 -0.0681211) (-0.021428 -0.029096 -0.0268149) (-0.0286843 -0.0586641 -0.0407863) (-0.0294246 -0.0844006 -0.0588243) (-0.021428 -0.029096 -0.0268149) (-0.0286843 -0.0586641 -0.0407863) (-0.0294246 -0.0844006 -0.0588243) (-0.023173 -0.0153126 0.0232065) (-0.0341809 -0.0487597 0.0125771) (-0.0394274 -0.0778137 -0.00254157) (-0.0153862 -0.0514097 -0.0508623) (-0.015644 -0.0746732 -0.0681211) (-0.00993548 -0.0938137 -0.088413) (-0.0153862 -0.0514097 -0.0508623) (-0.015644 -0.0746732 -0.0681211) (-0.00993548 -0.0938137 -0.088413) (-0.0253109 -0.0452836 0.00444193) (-0.0292999 -0.0712498 -0.00967985) (-0.028373 -0.0936014 -0.0273744) (0.000579625 -0.0613265 -0.091035) (0.00750728 -0.0789771 -0.109989) (0.0192325 -0.0914638 -0.131624) (0.000579625 -0.0613265 -0.091035) (0.00750728 -0.0789771 -0.109989) (0.0192325 -0.0914638 -0.131624) (-0.0183837 -0.0625948 -0.0321948) (-0.0151591 -0.0831435 -0.048834) (-0.00729113 -0.0989887 -0.0697332)
280           (-0.0296293 -0.0832258 -0.0331497) (-0.0359505 -0.0326012 0.00637851) (-0.04084 -0.0636246 -0.0102757) (-0.0401343 -0.0911417 -0.0301012) (-0.0359505 -0.0326012 0.00637851) (-0.04084 -0.0636246 -0.0102757) (-0.0401343 -0.0911417 -0.0301012) (-0.0349655 -0.0174644 0.0495719) (-0.042806 -0.0508778 0.0374814) (-0.046243 -0.0815301 0.0211607) (-0.0312849 -0.0578471 -0.0128536) (-0.0296293 -0.0832258 -0.0331497) (-0.022927 -0.104359 -0.0558889) (-0.0312849 -0.0578471 -0.0128536) (-0.0296293 -0.0832258 -0.0331497) (-0.022927 -0.104359 -0.0558889) (-0.037369 -0.0491165 0.0339297) (-0.0384461 -0.0766282 0.0177579) (-0.0358521 -0.100037 -0.00146802) (-0.0173091 -0.0736293 -0.0507499) (-0.00843143 -0.0935007 -0.0734663) (0.0045059 -0.107817 -0.0988026) (-0.0173091 -0.0736293 -0.0507499) (-0.00843143 -0.0935007 -0.0734663) (0.0045059 -0.107817 -0.0988026) (-0.0313428 -0.0702636 -0.00143939) (-0.025692 -0.0923028 -0.0192121) (-0.0164219 -0.109408 -0.0422936)
282           (-0.0380138 -0.0893231 -0.00558845) (-0.0446018 -0.0358703 0.0346639) (-0.0490929 -0.0678405 0.0157537) (-0.0481502 -0.0963044 -0.0057769) (-0.0446018 -0.0358703 0.0346639) (-0.0490929 -0.0678405 0.0157537) (-0.0481502 -0.0963044 -0.0057769) (-0.0410007 -0.0205917 0.0689485) (-0.0476752 -0.0535066 0.0568358) (-0.0504826 -0.0841126 0.0402487) (-0.0396348 -0.0629776 0.0158988) (-0.0380138 -0.0893231 -0.00558845) (-0.0316528 -0.111961 -0.0301015) (-0.0396348 -0.0629776 0.0158988) (-0.0380138 -0.0893231 -0.00558845) (-0.0316528 -0.111961 -0.0301015) (-0.0431403 -0.0528604 0.0524254) (-0.0431644 -0.0801706 0.0379998) (-0.0403009 -0.104778 0.0181443) (-0.0269852 -0.0820737 -0.0213569) (-0.018493 -0.103644 -0.0444538) (-0.00554824 -0.119472 -0.0724314) (-0.0269852 -0.0820737 -0.0213569) (-0.018493 -0.103644 -0.0444538) (-0.00554824 -0.119472 -0.0724314) (-0.0374226 -0.0766423 0.0174722) (-0.0312013 -0.0994638 0.00115281) (-0.0220603 -0.117109 -0.0221151)
284           (-0.044173 -0.0935997 0.0138886) (-0.0535926 -0.0361688 0.0556523) (-0.0553541 -0.0682901 0.0368204) (-0.0529633 -0.0993498 0.0137628) (-0.0535926 -0.0361688 0.0556523) (-0.0553541 -0.0682901 0.0368204) (-0.0529633 -0.0993498 0.0137628) (-0.0502458 -0.0231365 0.081964) (-0.0530085 -0.055515 0.0702685) (-0.053732 -0.0864885 0.0538253) (-0.0485768 -0.0650345 0.0349019) (-0.044173 -0.0935997 0.0138886) (-0.0366576 -0.117961 -0.0114562) (-0.0485768 -0.0650345 0.0349019) (-0.044173 -0.0935997 0.0138886) (-0.0366576 -0.117961 -0.0114562) (-0.0516369 -0.0571875 0.0625121) (-0.0480797 -0.0844244 0.0500564) (-0.0436248 -0.109168 0.0311105) (-0.0363583 -0.0889473 -0.00326693) (-0.0255468 -0.112079 -0.0254683) (-0.0116602 -0.129295 -0.0543751) (-0.0363583 -0.0889473 -0.00326693) (-0.0255468 -0.112079 -0.0254683) (-0.0116602 -0.129295 -0.0543751) (-0.0462218 -0.0837013 0.0282313) (-0.0365759 -0.106955 0.0132495) (-0.0257012 -0.125052 -0.0102239)
286           (-0.0497719 -0.0975143 0.0264853) (-0.0605205 -0.0379566 0.0682935) (-0.0615117 -0.0702391 0.0511305) (-0.0589552 -0.101538 0.0285983) (-0.0605205 -0.0379566 0.0682935) (-0.0615117 -0.0702391 0.0511305) (-0.0589552 -0.101538 0.0285983) (-0.0565224 -0.0273361 0.0871621) (-0.0582182 -0.0595231 0.0778283) (-0.0581291 -0.0904314 0.0623539) (-0.0547487 -0.0688523 0.0443558) (-0.0497719 -0.0975143 0.0264853) (-0.041888 -0.123715 0.000705235) (-0.0547487 -0.0688523 0.0443558) (-0.0497719 -0.0975143 0.0264853) (-0.041888 -0.123715 0.000705235) (-0.0572672 -0.0634496 0.0650514) (-0.0525584 -0.0905779 0.0557282) (-0.0473354 -0.115195 0.0378407) (-0.0427212 -0.0961195 0.00673197) (-0.0311289 -0.120246 -0.0144293) (-0.0170055 -0.138193 -0.0435351) (-0.0427212 -0.0961195 0.00673197) (-0.0311289 -0.120246 -0.0144293) (-0.0170055 -0.138193 -0.0435351) (-0.0517308 -0.0922647 0.0324115) (-0.0409877 -0.115129 0.0191797) (-0.0291673 -0.133317 -0.00446312)
288           (-0.0526161 -0.104 0.0309169) (-0.0658549 -0.0429529 0.0719433) (-0.0648771 -0.0741885 0.0577093) (-0.0613601 -0.105093 0.0361641) (-0.0658549 -0.0429529 0.0719433) (-0.0648771 -0.0741885 0.0577093) (-0.0613601 -0.105093 0.0361641) (-0.061187 -0.0348986 0.0863885) (-0.0608438 -0.0656802 0.0792639) (-0.0596031 -0.095757 0.0650896) (-0.0595705 -0.0762269 0.0461777) (-0.0526161 -0.104 0.0309169) (-0.0440103 -0.129365 0.00653978) (-0.0595705 -0.0762269 0.0461777) (-0.0526161 -0.104 0.0309169) (-0.0440103 -0.129365 0.00653978) (-0.0614231 -0.0730391 0.0632188) (-0.0547789 -0.0989789 0.0557283) (-0.0485287 -0.122446 0.0389672) (-0.0475285 -0.105595 0.00958219) (-0.0338835 -0.129132 -0.0105414) (-0.0188987 -0.146185 -0.0393289) (-0.0475285 -0.105595 0.00958219) (-0.0338835 -0.129132 -0.0105414) (-0.0188987 -0.146185 -0.0393289) (-0.0557466 -0.103463 0.0320888) (-0.043145 -0.12487 0.0192907) (-0.0300598 -0.141609 -0.00422397)
290           (-0.0536311 -0.116654 0.03037) (-0.068955 -0.056189 0.070624) (-0.0661493 -0.0855643 0.0584584) (-0.0616439 -0.114892 0.038567) (-0.068955 -0.056189 0.070624) (-0.0661493 -0.0855643 0.0584584) (-0.0616439 -0.114892 0.038567) (-0.0628729 -0.049565 0.0822101) (-0.060701 -0.0785329 0.0767556) (-0.0586381 -0.107041 0.0641042) (-0.0622976 -0.0907164 0.0439327) (-0.0536311 -0.116654 0.03037) (-0.0441195 -0.140284 0.00732885) (-0.0622976 -0.0907164 0.0439327) (-0.0536311 -0.116654 0.03037) (-0.0441195 -0.140284 0.00732885) (-0.0630339 -0.0884077 0.0591177) (-0.0549029 -0.112722 0.0526378) (-0.0478227 -0.134562 0.0368285) (-0.0503468 -0.120634 0.00832635) (-0.0348178 -0.142164 -0.0113372) (-0.0185308 -0.157305 -0.040097) (-0.0503468 -0.120634 0.00832635) (-0.0348178 -0.142164 -0.0113372) (-0.0185308 -0.157305 -0.040097) (-0.057732 -0.119054 0.0292607) (-0.0435897 -0.138452 0.0162847) (-0.0290505 -0.153307 -0.00758073)
292           (-0.0544032 -0.132765 0.0276687) (-0.0705253 -0.073362 0.0675257) (-0.0661205 -0.101173 0.0569142) (-0.0609917 -0.128775 0.0387003) (-0.0705253 -0.073362 0.0675257) (-0.0661205 -0.101173 0.0569142) (-0.0609917 -0.128775 0.0387003) (-0.0625533 -0.0668641 0.0778327) (-0.0588603 -0.0945623 0.0732928) (-0.0565879 -0.121729 0.0620477) (-0.0646628 -0.10877 0.0397818) (-0.0544032 -0.132765 0.0276687) (-0.0441597 -0.154446 0.00584659) (-0.0646628 -0.10877 0.0397818) (-0.0544032 -0.132765 0.0276687) (-0.0441597 -0.154446 0.00584659) (-0.0639436 -0.106239 0.0542424) (-0.0546678 -0.129077 0.048722) (-0.0471395 -0.149358 0.0337408) (-0.0534816 -0.138359 0.00446427) (-0.0361855 -0.157416 -0.0146791) (-0.0186148 -0.170525 -0.043301) (-0.0534816 -0.138359 0.00446427) (-0.0361855 -0.157416 -0.0146791) (-0.0186148 -0.170525 -0.043301) (-0.0600025 -0.13665 0.0247221) (-0.0444643 -0.153861 0.0117918) (-0.028447 -0.166875 -0.0126013)
294           (-0.0530079 -0.148517 0.0238914) (-0.0698681 -0.0891633 0.0639131) (-0.0637969 -0.115825 0.0541082) (-0.0583726 -0.142382 0.0372903) (-0.0698681 -0.0891633 0.0639131) (-0.0637969 -0.115825 0.0541082) (-0.0583726 -0.142382 0.0372903) (-0.0590166 -0.081384 0.0729408) (-0.0540372 -0.10874 0.0692909) (-0.0522427 -0.135677 0.0594259) (-0.064637 -0.125997 0.0352909) (-0.0530079 -0.148517 0.0238914) (-0.0421578 -0.168812 0.00303709) (-0.064637 -0.125997 0.0352909) (-0.0530079 -0.148517 0.0238914) (-0.0421578 -0.168812 0.00303709) (-0.0620077 -0.122496 0.0490051) (-0.0520676 -0.144645 0.0443979) (-0.0443384 -0.164131 0.0301231) (-0.0536365 -0.155336 -4.84308e-05) (-0.0349882 -0.172414 -0.0191325) (-0.0163312 -0.183934 -0.0475301) (-0.0536365 -0.155336 -4.84308e-05) (-0.0349882 -0.172414 -0.0191325) (-0.0163312 -0.183934 -0.0475301) (-0.0593454 -0.153041 0.0197616) (-0.0425801 -0.168903 0.00665257) (-0.0250917 -0.180807 -0.0182914)
296           (-0.0515294 -0.159506 0.0210687) (-0.0678032 -0.0995508 0.0620202) (-0.0608969 -0.125396 0.0519439) (-0.0561967 -0.151617 0.0363277) (-0.0678032 -0.0995508 0.0620202) (-0.0608969 -0.125396 0.0519439) (-0.0561967 -0.151617 0.0363277) (-0.0538515 -0.090819 0.0698113) (-0.048689 -0.118079 0.0659601) (-0.0486299 -0.145485 0.0575259) (-0.0636639 -0.138005 0.0320156) (-0.0515294 -0.159506 0.0210687) (-0.0410237 -0.178957 0.00115367) (-0.0636639 -0.138005 0.0320156) (-0.0515294 -0.159506 0.0210687) (-0.0410237 -0.178957 0.00115367) (-0.0588176 -0.134107 0.045125) (-0.0493028 -0.155868 0.0411766) (-0.0425083 -0.174949 0.027838) (-0.0533581 -0.167128 -0.00391566) (-0.0340148 -0.182836 -0.0227065) (-0.0149321 -0.193101 -0.0508889) (-0.0533581 -0.167128 -0.00391566) (-0.0340148 -0.182836 -0.0227065) (-0.0149321 -0.193101 -0.0508889) (-0.0579712 -0.164833 0.0158253) (-0.0406927 -0.179772 0.00270078) (-0.0227567 -0.190708 -0.0223998)
298           (-0.047941 -0.174732 0.0192113) (-0.0646401 -0.113279 0.0604926) (-0.0566874 -0.138861 0.0502554) (-0.0526059 -0.165475 0.0356913) (-0.0646401 -0.113279 0.0604926) (-0.0566874 -0.138861 0.0502554) (-0.0526059 -0.165475 0.0356913) (-0.0473607 -0.103521 0.0655837) (-0.0417608 -0.131251 0.0628614) (-0.0433014 -0.159787 0.0562188) (-0.0604744 -0.153642 0.0302035) (-0.047941 -0.174732 0.0192113) (-0.0376839 -0.193531 2.97206e-05) (-0.0604744 -0.153642 0.0302035) (-0.047941 -0.174732 0.0192113) (-0.0376839 -0.193531 2.97206e-05) (-0.0532551 -0.149041 0.0419319) (-0.0442801 -0.171013 0.0388019) (-0.0382265 -0.189967 0.0263875) (-0.0499856 -0.182437 -0.00540251) (-0.0301598 -0.196946 -0.0247962) (-0.0106412 -0.205506 -0.0529247) (-0.0499856 -0.182437 -0.00540251) (-0.0301598 -0.196946 -0.0247962) (-0.0106412 -0.205506 -0.0529247) (-0.0535852 -0.179688 0.0141219) (-0.0358331 -0.194169 0.000341336) (-0.0173659 -0.203902 -0.0250748)
300           (-0.045829 -0.181978 0.0223868) (-0.0597059 -0.116712 0.062312) (-0.0524795 -0.143851 0.0523243) (-0.0506999 -0.172381 0.0397009) (-0.0597059 -0.116712 0.062312) (-0.0524795 -0.143851 0.0523243) (-0.0506999 -0.172381 0.0397009) (-0.0395121 -0.10642 0.0649562) (-0.0357513 -0.136362 0.0631219) (-0.0407793 -0.167395 0.0592454) (-0.0571454 -0.15981 0.0319662) (-0.045829 -0.181978 0.0223868) (-0.0372347 -0.201389 0.00468894) (-0.0571454 -0.15981 0.0319662) (-0.045829 -0.181978 0.0223868) (-0.0372347 -0.201389 0.00468894) (-0.0480384 -0.15511 0.0425487) (-0.0414642 -0.178496 0.041241) (-0.0377658 -0.198356 0.0306124) (-0.0486331 -0.189604 -0.00242285) (-0.0291376 -0.204594 -0.0210837) (-0.00963591 -0.212653 -0.0492037) (-0.0486331 -0.189604 -0.00242285) (-0.0291376 -0.204594 -0.0210837) (-0.00963591 -0.212653 -0.0492037) (-0.0516609 -0.186867 0.0172236) (-0.0348631 -0.201937 0.00395852) (-0.0166712 -0.211579 -0.0214439)
