# Probe 0 (1.3 0.8 1.28)
# Probe 1 (1.3 2.12 1.28)
# Probe 2 (1.3 3.38 1.28)
# Probe 3 (1.3 4.7 1.28)
# Probe 4 (1.3 6 1.28)
# Probe 5 (1.3 7.34 1.28)
# Probe 6 (2.35 0.8 1.28)
# Probe 7 (2.35 2.12 1.28)
# Probe 8 (2.35 3.38 1.28)
# Probe 9 (2.35 4.7 1.28)
# Probe 10 (2.35 6 1.28)
# Probe 11 (2.35 7.34 1.28)
# Probe 12 (3.35 0.8 1.28)
# Probe 13 (3.35 2.12 1.28)
# Probe 14 (3.35 3.38 1.28)
# Probe 15 (3.35 4.7 1.28)
# Probe 16 (3.35 6 1.28)
# Probe 17 (3.35 7.34 1.28)
# Probe 18 (4.35 0.8 1.28)
# Probe 19 (4.35 2.12 1.28)
# Probe 20 (4.35 3.38 1.28)
# Probe 21 (4.35 4.7 1.28)
# Probe 22 (4.35 6 1.28)
# Probe 23 (4.35 7.34 1.28)
# Probe 24 (5.3 0.8 1.28)
# Probe 25 (5.3 2.12 1.28)
# Probe 26 (5.3 3.38 1.28)
# Probe 27 (5.3 4.7 1.28)
# Probe 28 (5.3 6 1.28)
# Probe 29 (5.3 7.34 1.28)
# Time        0             1             2             3             4             5             6             7             8             9             10            11            12            13            14            15            16            17            18            19            20            21            22            23            24            25            26            27            28            29           
0             (0 0 0)       (0 0 0)       (0 0 0)       (0 0 0)       (0 0 0)       (0 0 0)       (0 0 0)       (0 0 0)       (0 0 0)       (0 0 0)       (0 0 0)       (0 0 0)       (0 0 0)       (0 0 0)       (0 0 0)       (0 0 0)       (0 0 0)       (0 0 0)       (0 0 0)       (0 0 0)       (0 0 0)       (0 0 0)       (0 0 0)       (0 0 0)       (0 0 0)       (0 0 0)       (0 0 0)       (0 0 0)       (0 0 0)       (0 0 0)      
2             (-0.683413 -0.871022 -0.188367) (-0.163069 -0.477209 -0.0611035) (-0.0548295 -0.338637 -0.0317813) (-0.0293781 -0.256828 -0.0239734) (-0.021443 -0.201336 -0.0226973) (-0.0279344 -0.155997 -0.0309431) (-0.302243 -0.207135 -0.0723597) (-0.120722 -0.342908 -0.0564088) (-0.0334008 -0.328395 -0.0420759) (-0.00841818 -0.259798 -0.034516) (-0.00126239 -0.221255 -0.0357618) (-0.0023289 -0.170268 -0.0426197) (-0.03294 -0.103083 -0.0486898) (-0.00323948 -0.247733 -0.0447641) (0.0189104 -0.275851 -0.0360682) (0.0271885 -0.23111 -0.0308753) (0.0310915 -0.199727 -0.0320287) (0.0390261 -0.147635 -0.0376846) (0.216821 -0.137464 -0.0619058) (0.125719 -0.289058 -0.0538446) (0.0791894 -0.303524 -0.0388994) (0.0655901 -0.25186 -0.0330975) (0.0618676 -0.213061 -0.0346317) (0.0516793 -0.153453 -0.0425663) (0.538591 -0.34246 -0.112732) (0.200985 -0.344344 -0.056016) (0.11159 -0.285187 -0.0307541) (0.0869007 -0.228987 -0.0243958) (0.077455 -0.192602 -0.0231279) (0.0816221 -0.15263 -0.0319287)
4             (-0.483742 -0.566634 -0.27478) (-0.246507 -0.429322 -0.0746426) (-0.2313 -0.373081 -0.0468308) (-0.200904 -0.290857 -0.0087354) (-0.253062 -0.287034 -0.0508625) (-0.163659 -0.150968 0.0332208) (-0.103661 -0.320104 -0.1777) (-0.0324941 -0.355258 -0.139644) (-0.00413716 -0.383864 -0.264898) (-0.0177865 -0.265313 -0.161487) (-0.0299241 -0.323268 -0.302689) (-0.0666925 -0.0508122 -0.0434866) (-0.0568659 -0.286174 -0.0158366) (0.0178593 -0.30228 0.0126194) (0.0673322 -0.370912 -0.048384) (0.0741069 -0.280007 -0.00423538) (0.0651302 -0.307465 -0.10422) (0.0317464 -0.0792753 0.00457272) (0.0640438 -0.288695 -0.23606) (0.0823682 -0.278174 -0.112812) (0.0932455 -0.359398 -0.186711) (0.10238 -0.280001 -0.106194) (0.120365 -0.28208 -0.287474) (0.0694791 -0.0394192 -0.0557199) (0.424744 -0.32521 -0.209877) (0.259562 -0.315082 -0.0567039) (0.256581 -0.323091 -0.0532128) (0.242561 -0.271471 -0.0156343) (0.314273 -0.26669 -0.0874824) (0.207069 -0.144371 -0.00988116)
6             (-0.544406 -0.547167 -0.295318) (-0.248954 -0.445002 0.0344829) (-0.336076 -0.41706 -0.12635) (-0.24554 -0.221322 0.14187) (-0.249487 -0.330278 -0.180643) (-0.230557 -0.0642906 0.315255) (-0.113986 -0.564925 -0.616632) (-0.173994 -0.170506 -0.00373582) (-0.03498 -0.652309 -1.12892) (-0.102248 0.102015 0.0494911) (-0.0290966 -0.499144 -1.11369) (-0.108294 0.407588 0.293094) (-0.176877 -0.468588 0.181085) (-0.0284039 -0.319319 0.203664) (0.121921 -0.448453 0.114367) (0.0759998 -0.205849 0.115371) (0.00196574 -0.29808 0.00421798) (0.0011536 0.0682291 0.449002) (0.188323 -0.646227 -0.91161) (0.17986 -0.111363 -0.018201) (0.165621 -0.54548 -0.817779) (0.222458 -0.0861912 -0.00685294) (0.129287 -0.479835 -1.17052) (0.00335912 0.429557 0.180436) (0.468237 -0.464097 -0.285417) (0.322627 -0.310473 0.0798516) (0.435804 -0.373038 -0.122747) (0.304615 -0.248679 0.0861144) (0.328671 -0.334209 -0.249213) (0.251551 -0.024514 0.242956)
8             (-0.109691 -0.368671 -0.404489) (-0.314938 -0.182603 0.240856) (-0.221438 -0.288671 -0.204435) (-0.373807 -0.132283 0.423638) (-0.180436 -0.148417 -0.0102972) (-0.0887533 -0.38234 0.281544) (-0.0231727 -0.778406 -1.33033) (-0.0224186 0.365265 0.330298) (-0.0474056 -0.362724 -1.4533) (-0.115263 0.179582 0.000470935) (-0.0805167 -0.0824439 -1.02661) (-0.14157 -0.375429 -0.0750863) (0.0518269 -0.564851 0.153626) (-0.0322863 -0.206702 0.483218) (-0.215102 -0.388803 0.18953) (-0.063956 -0.122247 0.605761) (-0.199243 -0.0758746 0.422105) (-0.0586126 -0.092382 0.424643) (-0.00194566 -0.59626 -1.52143) (0.0587297 0.192181 0.444564) (0.0986595 -0.458764 -1.20504) (0.093464 0.343913 0.479707) (0.00748379 -0.165533 -1.26594) (0.0539677 -0.424769 -0.0519401) (0.0481965 -0.393208 -0.420321) (0.266266 -0.243123 0.301791) (0.281567 -0.344608 -0.311942) (0.334119 -0.143291 0.320625) (0.158465 -0.208221 -0.298345) (0.0494231 -0.408659 0.2189)
10            (0.218414 -0.198715 0.200197) (-0.25701 0.0323592 0.372913) (-0.151005 0.00601444 -0.0244216) (-0.395007 -0.195747 0.337663) (-0.122714 -0.0476919 -0.141995) (-0.184749 -0.385678 0.191692) (0.15224 -0.452013 -1.76572) (-0.164546 -0.0146013 0.110212) (0.175259 0.347852 -1.19977) (-0.305716 -0.350589 0.240545) (0.0480623 0.368064 -0.723124) (-0.321791 -0.417879 0.142473) (0.122918 -0.256365 0.516355) (-0.0352125 -0.272031 0.596153) (-0.412262 -0.217718 0.115513) (-0.15178 -0.186737 0.593149) (-0.355547 -0.099106 0.243457) (-0.0538721 -0.0889583 0.34186) (-0.3676 -0.131236 -1.47073) (0.199787 -0.176908 0.333256) (-0.202952 0.109104 -1.27668) (0.271825 -0.163753 0.298305) (-0.33261 0.294184 -0.928504) (0.0409087 -0.385999 0.182009) (-0.336324 -0.325388 0.0383036) (0.189964 -0.219207 0.371659) (-0.042787 -0.185222 -0.102942) (0.302231 -0.201593 0.31117) (-0.248664 -0.112003 -0.0130756) (0.0500092 -0.41548 0.232884)
12            (0.342816 -0.15297 -0.0238874) (-0.297569 -0.0246389 0.348705) (-0.00433292 -0.20435 -0.35763) (-0.393664 -0.219068 0.333587) (-0.00164664 -0.2552 -0.362028) (-0.236152 -0.402619 0.0834603) (0.360823 -0.0234458 -1.17604) (-0.341365 -0.0726381 0.234464) (-0.00765333 0.366502 -0.546355) (-0.429906 -0.279262 0.478673) (0.0612284 0.146425 -0.550749) (-0.423501 -0.330606 0.0821764) (-0.0417125 -0.13537 0.774302) (-0.110338 -0.240354 0.566681) (-0.380673 -0.0575172 -0.258403) (-0.137618 -0.168167 0.643855) (-0.3349 0.144608 -0.216204) (0.0196276 0.0890665 0.11209) (-0.54933 0.070199 -0.85991) (0.341176 -0.22361 0.333152) (-0.349228 0.256546 -0.640785) (0.366539 -0.267204 0.436528) (-0.450391 0.0824185 -0.587233) (0.0400924 -0.331112 0.0654511) (-0.472279 -0.351702 0.0150715) (0.225788 -0.260357 0.316826) (-0.13106 -0.165804 -0.262669) (0.312318 -0.313715 0.369583) (-0.237718 -0.248389 -0.151852) (-0.035752 -0.43497 0.171985)
14            (0.533032 -0.102535 -0.0157134) (-0.374633 -0.064663 0.332087) (0.0304553 0.000320916 -0.595396) (-0.391241 -0.299362 0.330597) (-0.00178071 -0.256456 -0.494211) (-0.189956 -0.377838 -0.0471074) (0.338457 0.151516 -0.655273) (-0.305645 -0.146206 0.396447) (-0.170061 0.151776 -0.44516) (-0.466457 -0.253362 0.554027) (-0.0231504 0.129576 -0.458365) (-0.444729 -0.248055 4.81877e-05) (-0.163272 -0.0197387 0.41591) (-0.0729407 -0.255476 0.569891) (-0.286271 0.111787 -0.438904) (-0.106964 -0.160411 0.662496) (-0.354842 0.145321 -0.295051) (0.225553 0.23001 -0.00851037) (-0.557496 0.112329 -0.572322) (0.424079 -0.256162 0.336246) (-0.370439 0.207684 -0.564574) (0.393125 -0.397812 0.440124) (-0.433925 -0.126223 -0.493201) (-0.0413036 -0.402179 -0.08217) (-0.638591 -0.329406 -0.0432554) (0.302769 -0.277348 0.303303) (-0.353316 -0.109993 -0.433061) (0.393869 -0.372732 0.362784) (-0.324907 -0.21031 -0.281682) (-0.177575 -0.458868 0.126179)
16            (0.462332 0.0176217 0.0258321) (-0.381063 -0.0854751 0.295053) (0.119514 0.0887255 -0.460162) (-0.410573 -0.364855 0.358064) (0.0246318 -0.19256 -0.440702) (-0.0995867 -0.135668 -0.145517) (0.345424 0.0919084 -0.595282) (-0.325228 -0.149944 0.474855) (-0.109105 0.0396345 -0.447281) (-0.442353 -0.149919 0.603777) (-0.224398 -0.00929268 -0.259847) (-0.379781 -0.0554081 -0.0694164) (-0.227688 0.089273 0.317624) (-0.06319 -0.294336 0.524435) (-0.256332 0.15333 -0.474414) (-0.0385698 -0.186554 0.614544) (-0.307847 0.100622 -0.274682) (0.252076 0.213804 -0.164595) (-0.537282 0.0726844 -0.465661) (0.468777 -0.134138 0.383544) (-0.359517 0.0781089 -0.451589) (0.361409 -0.467405 0.463298) (-0.370144 -0.215453 -0.587348) (-0.139973 -0.188594 -0.150648) (-0.629114 -0.175266 -0.119383) (0.355649 -0.279294 0.334797) (-0.321477 -0.20923 -0.28553) (0.449422 -0.4576 0.375429) (-0.350993 -0.206562 -0.271201) (-0.209315 -0.342101 0.127598)
18            (0.558298 0.187343 0.0213111) (-0.374678 -0.0741513 0.290003) (0.0771952 0.0545179 -0.378334) (-0.422173 -0.438465 0.395252) (0.0304388 -0.114905 -0.363653) (-0.0654531 -0.0591966 -0.151316) (0.379198 -0.0611151 -0.554846) (-0.299244 -0.12743 0.536424) (-0.113238 0.0371183 -0.358304) (-0.44039 -0.0786717 0.580789) (-0.411813 -0.0139683 -0.163771) (-0.185223 0.00560522 -0.124558) (-0.235156 0.0962354 0.251746) (-0.0351485 -0.287772 0.561472) (-0.171428 0.181864 -0.413896) (0.038428 -0.131221 0.645582) (-0.221462 0.0815825 -0.222358) (0.266685 0.0670073 -0.230914) (-0.511922 0.0461857 -0.395684) (0.46382 -0.0117817 0.465059) (-0.240163 -0.0387525 -0.430319) (0.33556 -0.507318 0.51387) (-0.343335 -0.183176 -0.763282) (-0.13566 -0.0578674 -0.174836) (-0.510219 0.105783 -0.136173) (0.405643 -0.310882 0.375925) (-0.164149 -0.301296 -0.286047) (0.438421 -0.525167 0.355099) (-0.331928 -0.234626 -0.246082) (-0.245646 -0.28131 0.125023)
20            (0.487687 0.381582 0.00849437) (-0.360183 -0.0439775 0.336886) (0.0628351 0.0414254 -0.401747) (-0.412755 -0.476893 0.429322) (-0.030199 -0.133891 -0.295191) (0.00736626 -0.0716605 -0.116426) (0.36323 -0.151829 -0.598632) (-0.25536 -0.0897468 0.521292) (-0.126943 0.0872241 -0.352304) (-0.434628 -0.0710869 0.527968) (-0.45232 -0.0304513 -0.11811) (0.013255 -0.0805175 -0.0438665) (-0.255811 0.133357 0.183841) (-0.027636 -0.246114 0.561953) (-0.121221 0.161745 -0.360051) (0.075366 -0.031616 0.613284) (-0.18022 0.0632681 -0.188068) (0.201816 -0.0315291 -0.14092) (-0.449871 0.0317131 -0.303321) (0.413478 0.02917 0.440599) (-0.235383 0.00395262 -0.49081) (0.281365 -0.514565 0.53235) (-0.288791 -0.144212 -0.807082) (-0.120762 -0.0398127 -0.137184) (-0.370665 0.198743 -0.149838) (0.416307 -0.340848 0.411718) (-0.0464484 -0.385361 -0.264863) (0.370716 -0.542017 0.285298) (-0.27592 -0.260051 -0.22867) (-0.230082 -0.213078 0.118896)
22            (0.406445 0.49497 0.0227934) (-0.377348 0.00680542 0.386991) (0.0772958 0.0508067 -0.477324) (-0.402882 -0.510411 0.45096) (-0.0447385 -0.177377 -0.254464) (0.0483312 -0.099998 -0.0985464) (0.352725 -0.166474 -0.727104) (-0.182484 -0.0422842 0.475264) (-0.112194 0.0794929 -0.355461) (-0.384695 -0.142038 0.488324) (-0.412539 -0.110043 -0.0611058) (0.0724132 -0.0911169 -0.0407936) (-0.2866 0.196581 0.161408) (-0.0275413 -0.159961 0.520106) (-0.0394909 0.12786 -0.328687) (0.0615056 0.0492802 0.514857) (-0.154133 -0.00654345 -0.178124) (0.128214 -0.0934107 -0.0712574) (-0.347212 0.0441058 -0.197031) (0.324814 0.102072 0.329138) (-0.199437 0.0934723 -0.399267) (0.213717 -0.497225 0.535259) (-0.221577 -0.118115 -0.815733) (-0.0975755 -0.0536594 -0.11247) (-0.251405 0.144409 -0.104388) (0.386095 -0.364025 0.426855) (0.016439 -0.470038 -0.233995) (0.262325 -0.502142 0.203943) (-0.209882 -0.248374 -0.206468) (-0.198206 -0.153403 0.108968)
24            (0.331617 0.460104 0.00961726) (-0.410235 0.0578455 0.420415) (0.0946583 0.0828463 -0.540089) (-0.403002 -0.540398 0.469737) (-0.00706008 -0.203117 -0.246979) (0.0589136 -0.113422 -0.0925352) (0.342505 -0.158852 -0.833617) (-0.081068 0.00333224 0.382612) (-0.0468995 0.0625369 -0.358857) (-0.372568 -0.207965 0.553322) (-0.40583 -0.172871 -0.0675062) (0.082295 -0.0810844 -0.0836177) (-0.28738 0.251549 0.19634) (0.00683671 -0.0926984 0.450028) (0.0517055 0.0971428 -0.336895) (0.0953737 0.126462 0.442585) (-0.0939924 -0.103742 -0.174812) (0.0404255 -0.089334 -0.0379811) (-0.16995 0.030429 -0.104374) (0.2154 0.0975659 0.215197) (-0.074943 0.144034 -0.329917) (0.124614 -0.470068 0.528035) (-0.1593 -0.0924794 -0.794599) (-0.0919144 -0.0677219 -0.10031) (-0.11276 0.0141745 -0.0754161) (0.34043 -0.407345 0.427894) (0.0312462 -0.500884 -0.234143) (0.17802 -0.43172 0.167013) (-0.162491 -0.195697 -0.185145) (-0.155007 -0.102542 0.0803847)
26            (0.254488 0.277374 -0.0482158) (-0.376711 0.107869 0.418751) (0.0745066 0.125718 -0.568525) (-0.396041 -0.562558 0.485623) (0.0273384 -0.196524 -0.242768) (0.0619102 -0.113489 -0.0892177) (0.31956 -0.147002 -0.916811) (-0.0238139 -0.00276747 0.314852) (-0.0268356 0.0138319 -0.371543) (-0.37963 -0.301387 0.558882) (-0.40094 -0.181672 -0.163395) (0.102173 -0.0812883 -0.100159) (-0.218149 0.273273 0.189061) (0.0284118 -0.0811552 0.4127) (0.12615 0.0976066 -0.35201) (0.136594 0.107045 0.401849) (-0.0623815 -0.16671 -0.148078) (-0.00434809 -0.094634 -0.0661291) (-0.0262248 0.00711568 -0.111382) (0.145168 0.00756429 0.200825) (0.0657578 0.108721 -0.241663) (0.0540831 -0.447607 0.474529) (-0.109085 -0.0392968 -0.708307) (-0.0864506 -0.079126 -0.103517) (0.0279176 -0.017984 -0.116153) (0.318329 -0.44978 0.407011) (0.0171288 -0.45701 -0.240436) (0.156673 -0.384641 0.172157) (-0.131722 -0.12366 -0.181602) (-0.111542 -0.0915767 0.0362855)
28            (0.120303 0.191025 -0.0992054) (-0.247531 0.15983 0.255459) (0.00491042 0.183754 -0.527656) (-0.379654 -0.564405 0.469712) (0.0526379 -0.176305 -0.226135) (0.0704714 -0.108409 -0.0946194) (0.308749 -0.13586 -0.954682) (0.0670229 -0.00797597 0.241679) (-0.0521345 -0.00729771 -0.327546) (-0.375778 -0.357367 0.558907) (-0.337508 -0.161334 -0.239501) (0.119436 -0.0810612 -0.108296) (-0.13394 0.31633 0.187243) (0.0655055 -0.0457842 0.39828) (0.122696 0.153298 -0.328233) (0.11638 0.0525934 0.479172) (-0.0429957 -0.200509 -0.140438) (0.00622759 -0.147105 -0.0527415) (-0.0273214 0.0190555 -0.353358) (-0.00266969 -0.0614414 0.26542) (0.115498 0.0758494 -0.26931) (0.015765 -0.419037 0.432173) (-0.08803 0.00620133 -0.558217) (-0.0725336 -0.0807712 -0.106035) (0.0289602 0.00106831 -0.0805102) (0.329293 -0.453462 0.405529) (-0.00110677 -0.357131 -0.272591) (0.204577 -0.405942 0.231387) (-0.116484 -0.0671991 -0.209333) (-0.119361 -0.148182 -0.022002)
30            (0.0602495 0.0718931 -0.141744) (-0.0178117 0.227728 0.141941) (-0.0686417 0.230249 -0.456327) (-0.362811 -0.547076 0.448565) (0.0687998 -0.163884 -0.206463) (0.0805465 -0.108047 -0.0975919) (0.299498 -0.122782 -0.93981) (0.120198 -0.0150954 0.135279) (-0.108808 0.0705731 -0.270589) (-0.392682 -0.409268 0.566127) (-0.268733 -0.134641 -0.278083) (0.138089 -0.0855312 -0.11106) (-0.0301513 0.364034 0.19359) (0.0837378 0.0788079 0.385575) (-0.00152608 0.166327 -0.190697) (0.106484 0.0378815 0.56287) (-0.0387427 -0.219737 -0.120447) (0.0263967 -0.152509 -0.0364643) (0.0464943 -0.00640122 -0.576499) (-0.0478128 -0.134307 0.327293) (0.126345 0.053058 -0.319178) (0.0493094 -0.38931 0.417489) (-0.101541 -0.018184 -0.441859) (-0.0639098 -0.0788967 -0.103251) (-0.0100214 0.0429825 -0.10648) (0.337048 -0.453443 0.394831) (-0.0304803 -0.223958 -0.307784) (0.268659 -0.461446 0.280959) (-0.101322 -0.0531058 -0.246266) (-0.152253 -0.242943 -0.0471517)
32            (0.0113901 0.000203902 -0.160126) (0.12473 0.235775 0.134758) (-0.116792 0.318458 -0.381974) (-0.350075 -0.498016 0.422008) (0.0958998 -0.151593 -0.182795) (0.0857792 -0.109989 -0.0962963) (0.30341 -0.122185 -0.925606) (0.140473 -0.0188468 0.0309782) (-0.109273 0.130419 -0.194566) (-0.411957 -0.444763 0.586811) (-0.222612 -0.100435 -0.301507) (0.151189 -0.0900867 -0.110957) (0.0870974 0.407806 0.17819) (0.0994739 0.199598 0.381851) (-0.140483 0.107322 0.0081652) (0.0940848 0.0490251 0.550068) (-0.0252071 -0.235799 -0.082008) (0.0441993 -0.127025 -0.0155698) (0.0877342 -0.0510026 -0.953629) (-0.0106267 -0.170767 0.403601) (0.130261 0.00866257 -0.396705) (0.1127 -0.389705 0.418518) (-0.102413 -0.0447502 -0.407527) (-0.0541531 -0.0803848 -0.0961841) (-0.0240106 0.0997836 -0.108151) (0.320103 -0.430252 0.383124) (-0.0450928 -0.115435 -0.318409) (0.293335 -0.439642 0.30262) (-0.101058 -0.0861117 -0.281665) (-0.172168 -0.320318 -0.0424294)
34            (0.00736443 -0.0278277 -0.174278) (0.122593 0.189104 0.0932222) (-0.121074 0.381549 -0.290858) (-0.332884 -0.459712 0.391253) (0.131799 -0.147361 -0.163689) (0.0861362 -0.118355 -0.0929297) (0.295984 -0.120745 -0.953389) (0.220486 -0.0380258 -0.052032) (-0.113588 0.200521 -0.0767537) (-0.403727 -0.478631 0.599344) (-0.182434 -0.0652083 -0.291994) (0.15601 -0.0988147 -0.110062) (0.15318 0.419038 0.138793) (0.103818 0.228276 0.407683) (-0.159028 0.0389836 0.135519) (0.0778778 0.0446261 0.52385) (-0.0101879 -0.228872 -0.00881383) (0.0710362 -0.0761645 0.0173802) (0.0812611 -0.113241 -1.2489) (0.0788093 -0.193846 0.475283) (0.0726063 -0.0568511 -0.594343) (0.156689 -0.429239 0.466525) (-0.0860288 -0.0725443 -0.424686) (-0.0363664 -0.0935199 -0.0903067) (-0.0507188 0.0796105 -0.0830915) (0.283244 -0.396628 0.371407) (-0.0210564 -0.0566592 -0.298652) (0.297694 -0.400358 0.316693) (-0.11929 -0.154437 -0.290775) (-0.16732 -0.354476 -0.0449819)
36            (0.0126187 -0.0369877 -0.165977) (0.127997 0.130149 0.0677158) (-0.106042 0.406053 -0.226033) (-0.318619 -0.42607 0.368099) (0.160231 -0.14765 -0.155886) (0.0822923 -0.130124 -0.0902216) (0.277073 -0.122688 -1.00975) (0.28852 -0.0786368 -0.140163) (-0.0885093 0.254648 0.00680356) (-0.372407 -0.510743 0.622685) (-0.142513 -0.0455997 -0.264975) (0.153494 -0.113847 -0.112474) (0.188585 0.426279 0.124357) (0.0932821 0.20207 0.382109) (-0.118673 -0.0695553 0.179543) (0.0816438 0.0385101 0.519011) (-0.00419415 -0.187243 0.0357595) (0.0920293 0.00748358 0.0571688) (0.0444097 -0.138651 -1.39903) (0.18576 -0.21883 0.507681) (0.0576884 -0.0780576 -0.928887) (0.193036 -0.489978 0.540809) (-0.0467293 -0.0899515 -0.506627) (-0.00701203 -0.115851 -0.0924563) (-0.0815813 0.0429352 -0.0884753) (0.227992 -0.362083 0.368474) (0.00798417 -0.0509822 -0.26825) (0.285304 -0.357232 0.341076) (-0.134153 -0.215711 -0.272426) (-0.145259 -0.357687 -0.0636248)
38            (0.00973611 -0.0481479 -0.110198) (0.134209 0.0970558 0.0395077) (-0.0777561 0.400248 -0.192101) (-0.305879 -0.399614 0.34997) (0.175379 -0.149359 -0.163191) (0.0724495 -0.141112 -0.0920861) (0.24995 -0.110044 -1.0636) (0.32583 -0.096185 -0.153775) (-0.0380897 0.306266 0.0533162) (-0.327963 -0.544428 0.640791) (-0.112565 -0.0349683 -0.235964) (0.137177 -0.128067 -0.117595) (0.213632 0.426214 0.11169) (0.0849386 0.158807 0.320896) (-0.0601021 -0.178467 0.228219) (0.0567076 0.0274781 0.517536) (0.0174735 -0.155748 0.0232893) (0.104248 0.0620428 0.0597635) (-0.0263627 -0.101042 -1.25617) (0.282596 -0.225599 0.5178) (0.0989368 -0.113586 -1.21935) (0.226419 -0.542632 0.61551) (0.0122455 -0.0710746 -0.598662) (0.022695 -0.128061 -0.103369) (-0.0880479 -0.000220691 -0.126157) (0.178934 -0.350612 0.380308) (0.0290002 -0.0926818 -0.285916) (0.270129 -0.34497 0.380998) (-0.134949 -0.256073 -0.241932) (-0.12439 -0.349575 -0.0920927)
40            (0.0119008 -0.086909 -0.0480033) (0.161213 0.0736162 -0.00100104) (-0.0522117 0.379782 -0.189568) (-0.296012 -0.379363 0.339971) (0.187791 -0.156333 -0.181154) (0.0555649 -0.151624 -0.101411) (0.219792 -0.0929986 -1.08229) (0.355614 -0.0906989 -0.122738) (0.00112495 0.332078 0.0908424) (-0.273265 -0.562677 0.643426) (-0.0990715 -0.0304766 -0.213517) (0.107638 -0.138636 -0.131294) (0.231102 0.424336 0.0929718) (0.0774288 0.124956 0.274791) (-0.0465853 -0.196595 0.235625) (0.00753229 0.00653612 0.549243) (0.0301104 -0.129989 0.0197609) (0.0899757 0.103117 0.0579539) (-0.0599044 0.0158187 -0.873254) (0.345418 -0.189403 0.526014) (0.13358 -0.142865 -1.31519) (0.24491 -0.577076 0.68166) (0.0761797 -0.0334144 -0.581929) (0.0396232 -0.123584 -0.116454) (-0.0677752 -0.0218473 -0.170362) (0.150169 -0.356644 0.404134) (0.0203185 -0.170797 -0.302635) (0.267341 -0.372796 0.439715) (-0.132214 -0.289007 -0.213278) (-0.109628 -0.331596 -0.117616)
42            (0.0454586 -0.127624 -0.0313517) (0.188193 0.0478287 -0.032588) (-0.0237931 0.350747 -0.203767) (-0.284024 -0.373755 0.338753) (0.199226 -0.1726 -0.191242) (0.033417 -0.15884 -0.115038) (0.18519 -0.0725174 -1.08384) (0.393305 -0.0733399 -0.0866479) (0.0314119 0.337397 0.119571) (-0.219781 -0.569721 0.636012) (-0.100666 -0.0454064 -0.201692) (0.0659296 -0.145699 -0.152218) (0.244788 0.412215 0.0665305) (0.0691527 0.119523 0.259558) (-0.0556781 -0.192187 0.180672) (-0.041125 -0.0402873 0.606012) (0.0384961 -0.0955476 0.00873405) (0.0567393 0.126077 0.0468058) (-0.0216007 0.114515 -0.618173) (0.378884 -0.128874 0.53535) (0.199742 -0.118408 -1.2712) (0.238779 -0.581757 0.738908) (0.114115 0.00749507 -0.517264) (0.0425046 -0.117762 -0.132921) (-0.0416381 -0.0225447 -0.201227) (0.143673 -0.379049 0.428701) (-0.016679 -0.255336 -0.302385) (0.279306 -0.431009 0.501223) (-0.138692 -0.318115 -0.189123) (-0.0994547 -0.310985 -0.138175)
44            (0.0937623 -0.133328 -0.0257618) (0.196432 0.0448264 -0.0494473) (-0.0030176 0.300461 -0.219846) (-0.268169 -0.378289 0.347537) (0.199601 -0.179945 -0.191322) (0.0159509 -0.163823 -0.128349) (0.158802 -0.0579865 -1.0927) (0.406079 -0.0738812 -0.0870459) (0.0701001 0.337591 0.128484) (-0.170774 -0.571075 0.625011) (-0.107738 -0.0728704 -0.224115) (0.0258646 -0.151102 -0.176594) (0.257335 0.388719 0.0360653) (0.0555654 0.141538 0.254065) (-0.0468652 -0.162366 0.0702445) (-0.0882081 -0.124313 0.71736) (0.0339283 -0.0356749 -0.0201857) (0.0168917 0.113265 0.0017026) (0.020909 0.153556 -0.504767) (0.402409 -0.0687282 0.530799) (0.228128 -0.0611154 -1.10032) (0.209375 -0.551305 0.783234) (0.0952805 0.0175945 -0.485157) (0.0355105 -0.11916 -0.151038) (-0.0281592 -0.0133535 -0.221543) (0.151421 -0.398361 0.453891) (-0.0385291 -0.314716 -0.331442) (0.289823 -0.474024 0.532804) (-0.15189 -0.335257 -0.17493) (-0.0925344 -0.294047 -0.153686)
46            (0.140246 -0.0930814 -0.017752) (0.21917 0.0500441 -0.0662751) (-0.0166883 0.232137 -0.236247) (-0.25421 -0.403042 0.366788) (0.182392 -0.180635 -0.184917) (0.00660645 -0.169303 -0.137223) (0.143792 -0.0511155 -1.09452) (0.385563 -0.0820075 -0.122453) (0.0936448 0.326463 0.118591) (-0.123789 -0.5726 0.611449) (-0.115206 -0.104168 -0.298852) (-0.0077111 -0.157418 -0.201727) (0.267452 0.354643 0.011202) (0.0417719 0.159509 0.255769) (0.00709039 -0.120777 -0.0491436) (-0.13228 -0.226269 0.903027) (0.0226818 0.0224514 -0.0806229) (-0.00257956 0.0802945 -0.0811831) (0.0526319 0.153958 -0.45143) (0.399041 -0.0276155 0.498469) (0.21258 0.0157601 -0.842789) (0.172191 -0.498207 0.803113) (0.0360656 0.0262745 -0.488471) (0.0288897 -0.124408 -0.175736) (-0.00968343 0.000985372 -0.233694) (0.164968 -0.406334 0.472087) (-0.0393083 -0.360788 -0.375949) (0.275919 -0.477404 0.521085) (-0.169701 -0.348844 -0.168824) (-0.0867401 -0.27924 -0.166154)
48            (0.158413 -0.0309105 -0.0165018) (0.24634 0.0710219 -0.0861515) (-0.0656314 0.169561 -0.251589) (-0.249809 -0.433775 0.39476) (0.156235 -0.173582 -0.17915) (0.00276462 -0.176315 -0.141272) (0.133684 -0.0344302 -1.04944) (0.351117 -0.07329 -0.157673) (0.102528 0.301182 0.0837211) (-0.0863605 -0.573771 0.601305) (-0.113692 -0.120106 -0.386889) (-0.0377124 -0.169239 -0.223603) (0.275782 0.319136 -0.0108175) (0.0377185 0.171106 0.273597) (0.0706168 -0.0384799 -0.186442) (-0.156582 -0.310964 1.0594) (-0.000447228 0.0202 -0.135756) (7.55453e-05 0.0513661 -0.159678) (0.0872597 0.145405 -0.392055) (0.372199 -0.00313057 0.431698) (0.156122 0.110603 -0.541096) (0.13448 -0.430083 0.801488) (-0.0289921 0.0357845 -0.490991) (0.0204855 -0.13318 -0.201256) (0.021669 0.0110412 -0.226215) (0.178276 -0.399912 0.483014) (-0.0338151 -0.386275 -0.430174) (0.245779 -0.431931 0.484451) (-0.187744 -0.359781 -0.16789) (-0.0798102 -0.267536 -0.179636)
50            (0.145891 0.00750713 -0.0659792) (0.266801 0.0809383 -0.105008) (-0.110867 0.14231 -0.266253) (-0.247126 -0.46554 0.423652) (0.130739 -0.166986 -0.176037) (0.000551759 -0.181878 -0.140347) (0.128392 0.00179907 -0.929947) (0.305351 -0.0410742 -0.223555) (0.0886341 0.27648 0.0242724) (-0.0549961 -0.576055 0.595112) (-0.110028 -0.133339 -0.444192) (-0.0657089 -0.181986 -0.239251) (0.277047 0.291876 -0.0276073) (0.0391489 0.178164 0.303115) (0.078184 -0.0124909 -0.238795) (-0.173907 -0.370997 1.17872) (-0.0253823 -0.0246807 -0.171364) (0.0260021 0.0301274 -0.206242) (0.110326 0.147148 -0.350875) (0.343659 0.00840634 0.345307) (0.0706603 0.180681 -0.280445) (0.106967 -0.347852 0.776343) (-0.0905259 0.0461363 -0.479718) (0.00920232 -0.146532 -0.228025) (0.0564599 0.00646411 -0.210555) (0.186916 -0.386749 0.495461) (-0.0271057 -0.381056 -0.476027) (0.212963 -0.354068 0.428598) (-0.201902 -0.368757 -0.171183) (-0.0737729 -0.259124 -0.192928)
52            (0.174818 0.0301153 -0.110235) (0.253886 0.0983815 -0.125968) (-0.131187 0.12784 -0.288805) (-0.256135 -0.496195 0.445597) (0.111613 -0.164014 -0.175146) (-0.00265268 -0.182143 -0.135397) (0.118701 0.0520523 -0.757594) (0.220898 0.00737094 -0.347111) (0.041235 0.264803 -0.0454278) (-0.037918 -0.569221 0.597794) (-0.104123 -0.132431 -0.487015) (-0.0901368 -0.19335 -0.245649) (0.278168 0.272588 -0.0437262) (0.0457171 0.180782 0.334593) (0.0954072 -0.0187001 -0.248336) (-0.184465 -0.402863 1.26122) (-0.0501423 -0.0791175 -0.168912) (0.0533379 0.0386291 -0.208599) (0.127136 0.152758 -0.342258) (0.323446 0.00841534 0.264249) (-0.00255497 0.191492 -0.172986) (0.0896632 -0.269661 0.773792) (-0.138938 0.055831 -0.453402) (-0.000937014 -0.156224 -0.256971) (0.0648437 0.00371851 -0.196003) (0.186919 -0.362735 0.506) (-0.0277856 -0.332453 -0.478291) (0.19084 -0.273498 0.382027) (-0.212598 -0.37603 -0.176538) (-0.0683256 -0.255109 -0.206427)
54            (0.226889 0.0601661 -0.0937556) (0.234648 0.127887 -0.161093) (-0.146217 0.131294 -0.301736) (-0.271806 -0.520311 0.466386) (0.0944057 -0.164729 -0.174179) (-0.00350339 -0.180738 -0.130599) (0.128169 0.0977167 -0.563314) (0.116629 0.0386332 -0.459189) (0.0321098 0.25338 -0.113521) (-0.0277333 -0.55129 0.605674) (-0.0948915 -0.123758 -0.502386) (-0.104452 -0.207542 -0.24723) (0.273951 0.266848 -0.0498395) (0.0427838 0.189221 0.35485) (0.112378 -0.017721 -0.267362) (-0.183092 -0.420095 1.30683) (-0.0699884 -0.122242 -0.155992) (0.0700792 0.0826668 -0.186037) (0.141781 0.163844 -0.340429) (0.316067 -0.000628873 0.193176) (-0.0642308 0.191142 -0.13172) (0.0870872 -0.216064 0.778808) (-0.171978 0.0643015 -0.4326) (0.00191215 -0.163069 -0.277253) (0.0524795 -0.0148826 -0.185338) (0.18806 -0.342975 0.518769) (-0.0406398 -0.253641 -0.463538) (0.173235 -0.21327 0.3355) (-0.217143 -0.382246 -0.186291) (-0.0596288 -0.251933 -0.219208)
56            (0.274437 0.0832489 -0.0665505) (0.207921 0.147029 -0.200907) (-0.147515 0.155768 -0.309373) (-0.288174 -0.545227 0.482902) (0.0937815 -0.174781 -0.176499) (-0.00184336 -0.179722 -0.124852) (0.175257 0.120588 -0.391477) (-0.0201358 0.0201907 -0.447672) (0.0398591 0.250537 -0.182795) (-0.0386269 -0.526693 0.6182) (-0.0795817 -0.110571 -0.508446) (-0.107785 -0.220581 -0.243651) (0.276929 0.261749 -0.0439032) (0.0453784 0.195133 0.366077) (0.127698 -0.027316 -0.273138) (-0.165331 -0.426426 1.33499) (-0.0789411 -0.14915 -0.150595) (0.0764356 0.149431 -0.145213) (0.164722 0.164596 -0.331531) (0.321644 -0.00931182 0.131393) (-0.0907142 0.166601 -0.138297) (0.0861163 -0.158037 0.797884) (-0.187118 0.0713004 -0.419406) (0.00206372 -0.17028 -0.292004) (0.0652 -0.0384793 -0.186706) (0.184666 -0.310282 0.529471) (-0.0860986 -0.174043 -0.447075) (0.149476 -0.15335 0.298912) (-0.219812 -0.375934 -0.199503) (-0.0478318 -0.247628 -0.227688)
58            (0.317092 0.106683 -0.0319027) (0.183213 0.151305 -0.237248) (-0.164494 0.201329 -0.301636) (-0.305043 -0.566041 0.501981) (0.0999096 -0.180722 -0.177144) (0.00224919 -0.177931 -0.120285) (0.243707 0.123367 -0.256445) (-0.152149 -0.0352791 -0.244191) (0.0812088 0.273082 -0.218185) (-0.0605099 -0.492308 0.628406) (-0.0606406 -0.0874884 -0.50188) (-0.101987 -0.232205 -0.237215) (0.277022 0.258176 -0.037548) (0.0412267 0.193679 0.368672) (0.120411 -0.0340174 -0.251446) (-0.136042 -0.427782 1.34001) (-0.073682 -0.157274 -0.141111) (0.0481286 0.186703 -0.0215871) (0.187868 0.154776 -0.339494) (0.323983 -0.0258404 0.0955728) (-0.0804882 0.137735 -0.173375) (0.0873268 -0.106142 0.825223) (-0.189973 0.0751107 -0.400606) (0.00566107 -0.184099 -0.298878) (0.0717795 -0.0465101 -0.18993) (0.178342 -0.264299 0.529111) (-0.131795 -0.130263 -0.428011) (0.126357 -0.102648 0.285435) (-0.221718 -0.362587 -0.212292) (-0.037167 -0.241225 -0.230552)
60            (0.354566 0.127696 0.0108695) (0.159787 0.140863 -0.26028) (-0.202042 0.273421 -0.286355) (-0.319144 -0.575446 0.521678) (0.10791 -0.183243 -0.176632) (0.00820514 -0.177533 -0.117871) (0.308974 0.122472 -0.167479) (-0.150016 -0.0584139 -0.0901609) (0.13534 0.29906 -0.23192) (-0.0895097 -0.455534 0.635273) (-0.0407084 -0.0603758 -0.481429) (-0.0887411 -0.241913 -0.22942) (0.270447 0.253914 -0.0350724) (0.0308784 0.187891 0.360078) (0.0906389 -0.0425383 -0.197637) (-0.102454 -0.42645 1.33451) (-0.066085 -0.135293 -0.12662) (0.0282334 0.133909 0.0643558) (0.198912 0.139899 -0.360384) (0.334931 -0.0413933 0.091608) (-0.0466107 0.108029 -0.21802) (0.0925463 -0.0618425 0.853232) (-0.183868 0.0756309 -0.381961) (0.00938216 -0.202569 -0.305465) (0.0623137 -0.0434318 -0.174663) (0.163347 -0.206145 0.51253) (-0.180306 -0.111622 -0.40602) (0.112261 -0.0459749 0.293373) (-0.22469 -0.341745 -0.222698) (-0.0318067 -0.234592 -0.227377)
62            (0.382189 0.142309 0.0532123) (0.137867 0.119736 -0.272424) (-0.237236 0.343185 -0.27716) (-0.328042 -0.57786 0.538857) (0.112936 -0.183924 -0.177363) (0.0148291 -0.178953 -0.11686) (0.34559 0.125507 -0.117444) (-0.115468 -0.0612228 -0.0578911) (0.177816 0.299112 -0.255628) (-0.11745 -0.419088 0.643049) (-0.014035 -0.0297447 -0.447123) (-0.0724342 -0.248181 -0.221398) (0.252474 0.244718 -0.0427119) (0.0166445 0.18336 0.339725) (0.0427679 -0.0618449 -0.134357) (-0.0698417 -0.421678 1.32714) (-0.0631741 -0.0956047 -0.106924) (0.0216923 0.0750957 0.0869743) (0.19966 0.127017 -0.384687) (0.351703 -0.057107 0.0969414) (-0.000787704 0.0884277 -0.25592) (0.101513 -0.0339271 0.878425) (-0.171938 0.0704091 -0.367062) (0.00977086 -0.220944 -0.306092) (0.0461561 -0.0391848 -0.157326) (0.138139 -0.142907 0.482756) (-0.214591 -0.111134 -0.388721) (0.126511 0.0221071 0.324633) (-0.228624 -0.318395 -0.226428) (-0.031722 -0.225907 -0.218056)
64            (0.39699 0.147184 0.0886628) (0.122646 0.0940206 -0.284786) (-0.230286 0.368868 -0.276873) (-0.332245 -0.574041 0.55511) (0.114612 -0.182566 -0.179564) (0.0206398 -0.181463 -0.116528) (0.35775 0.131211 -0.0869474) (-0.106271 -0.0600297 -0.0787391) (0.196003 0.251647 -0.313726) (-0.131641 -0.385162 0.651209) (0.0194866 0.00214361 -0.404297) (-0.0578196 -0.248746 -0.215067) (0.227672 0.232499 -0.0597259) (-0.000804362 0.180699 0.312856) (-0.0132008 -0.102751 -0.0777418) (-0.0415167 -0.428446 1.32136) (-0.0615725 -0.0498935 -0.0921105) (0.00543751 0.0577821 0.0888324) (0.192686 0.12268 -0.396152) (0.36612 -0.0719828 0.0983739) (0.0423431 0.0760461 -0.264114) (0.110249 -0.0229092 0.895307) (-0.153114 0.0642662 -0.356272) (0.00662471 -0.234792 -0.29828) (0.0300913 -0.0371147 -0.144487) (0.112723 -0.0911031 0.449399) (-0.228401 -0.0977104 -0.385023) (0.170284 0.0929495 0.356968) (-0.229278 -0.295387 -0.221935) (-0.0337628 -0.213854 -0.20407)
66            (0.401052 0.144166 0.115561) (0.120872 0.0661732 -0.301363) (-0.173228 0.330848 -0.286245) (-0.334978 -0.569443 0.570204) (0.113316 -0.179374 -0.183615) (0.0234737 -0.184445 -0.116704) (0.357496 0.132221 -0.0659957) (-0.100454 -0.0657249 -0.110285) (0.161964 0.172844 -0.442342) (-0.129086 -0.353407 0.660748) (0.0569047 0.0282014 -0.367509) (-0.0484204 -0.246054 -0.209247) (0.207104 0.224752 -0.0772957) (-0.0168138 0.180718 0.285358) (-0.0612368 -0.16184 -0.028439) (-0.0101537 -0.450532 1.32541) (-0.0568974 -0.0169023 -0.07882) (-0.0219107 0.0694414 0.0809254) (0.181831 0.131348 -0.38241) (0.372177 -0.0819881 0.0858168) (0.087605 0.0735485 -0.231857) (0.110472 -0.02657 0.898072) (-0.128861 0.0574542 -0.347551) (-0.000950935 -0.242351 -0.282687) (0.0229852 -0.0398453 -0.137184) (0.0952534 -0.0585357 0.42333) (-0.216855 -0.0717687 -0.38709) (0.22363 0.161209 0.372124) (-0.222378 -0.278408 -0.210082) (-0.0365843 -0.20016 -0.187405)
68            (0.39965 0.133187 0.137107) (0.125698 0.0305949 -0.318856) (-0.109697 0.259831 -0.278787) (-0.337447 -0.571888 0.585125) (0.109494 -0.174029 -0.190863) (0.0232724 -0.18638 -0.118186) (0.35551 0.127748 -0.0498106) (-0.0842005 -0.0790024 -0.146403) (0.0844938 0.0962442 -0.601191) (-0.113884 -0.326999 0.674364) (0.0896112 0.0435978 -0.339869) (-0.045229 -0.244099 -0.202587) (0.196615 0.224008 -0.0891876) (-0.0210797 0.189261 0.260746) (-0.120906 -0.229991 0.0125494) (0.0172059 -0.491616 1.33834) (-0.0541563 -0.0146469 -0.0587256) (-0.0634279 0.0889596 0.0778628) (0.169865 0.148647 -0.345197) (0.362168 -0.0838456 0.0569236) (0.154314 0.075506 -0.156171) (0.0943936 -0.0280162 0.888644) (-0.10656 0.0550113 -0.345329) (-0.0157914 -0.244988 -0.265737) (0.0273914 -0.0462162 -0.132756) (0.0936176 -0.045199 0.407127) (-0.18762 -0.0332138 -0.386082) (0.27806 0.231003 0.36872) (-0.213358 -0.26942 -0.19785) (-0.0417327 -0.186837 -0.168474)
70            (0.395835 0.114516 0.151371) (0.124217 -0.00510873 -0.332244) (-0.0620981 0.218542 -0.268284) (-0.341956 -0.574816 0.597668) (0.102607 -0.166042 -0.202491) (0.0223178 -0.1877 -0.120549) (0.353793 0.123051 -0.0354168) (-0.0521469 -0.0906955 -0.175041) (0.00419847 0.0388182 -0.709494) (-0.075385 -0.306121 0.68384) (0.113258 0.0455435 -0.322415) (-0.0465771 -0.246357 -0.195796) (0.193212 0.225152 -0.0955879) (-0.016653 0.198302 0.240056) (-0.178568 -0.293779 0.0417217) (0.0326125 -0.555927 1.35797) (-0.0567464 -0.0402284 -0.0376502) (-0.088731 0.0943585 0.0543448) (0.156357 0.16416 -0.297176) (0.338145 -0.0791408 0.00232364) (0.233377 0.0690761 -0.0386982) (0.0643105 -0.0180066 0.877935) (-0.0965066 0.058666 -0.342594) (-0.0333871 -0.242442 -0.253282) (0.0450064 -0.0442297 -0.123769) (0.108356 -0.0444201 0.386292) (-0.158733 0.0171291 -0.371738) (0.324433 0.293891 0.360828) (-0.204542 -0.249073 -0.192128) (-0.047904 -0.178305 -0.150435)
72            (0.393143 0.0900788 0.16025) (0.12196 -0.0361023 -0.34409) (-0.0378613 0.204592 -0.248766) (-0.347052 -0.580308 0.608878) (0.0957592 -0.154389 -0.215853) (0.0217701 -0.188528 -0.123117) (0.357348 0.121463 -0.0224219) (-0.00515781 -0.0857571 -0.211653) (-0.0608092 0.0139569 -0.727371) (-0.0253709 -0.287078 0.693329) (0.127616 0.0406619 -0.310508) (-0.0481766 -0.252089 -0.188278) (0.190927 0.227416 -0.0990296) (0.00420066 0.213334 0.223312) (-0.164991 -0.265289 0.0773031) (0.0403759 -0.617461 1.38485) (-0.0560728 -0.0787489 -0.0265484) (-0.104927 0.0901271 0.04849) (0.14244 0.171211 -0.254179) (0.302577 -0.0732516 -0.0724223) (0.323299 0.0470317 0.0111801) (0.029336 0.0182733 0.875401) (-0.106645 0.0674569 -0.338758) (-0.04919 -0.238269 -0.241868) (0.067398 -0.0251255 -0.0979575) (0.117801 -0.0457068 0.347593) (-0.137866 0.0661025 -0.3234) (0.368485 0.350601 0.336865) (-0.190351 -0.215092 -0.193733) (-0.0506259 -0.173573 -0.134689)
74            (0.388465 0.0634569 0.161135) (0.117394 -0.0594958 -0.351912) (-0.0322532 0.208844 -0.237655) (-0.357427 -0.581789 0.619898) (0.0912261 -0.139254 -0.226785) (0.0222437 -0.189437 -0.125154) (0.365128 0.122487 -0.0102127) (0.0371838 -0.0597583 -0.284087) (-0.109847 0.00880681 -0.649102) (0.0205579 -0.256887 0.700109) (0.138081 0.0377709 -0.296556) (-0.0474551 -0.258836 -0.181499) (0.187471 0.229851 -0.104943) (0.0352018 0.226483 0.205096) (-0.146887 -0.101403 0.105228) (0.0440384 -0.665039 1.40082) (-0.0491073 -0.121557 -0.031943) (-0.106143 0.0852269 0.0748438) (0.126743 0.171849 -0.220673) (0.262897 -0.0630245 -0.143878) (0.42529 0.0166152 0.000887185) (-0.00621502 0.0902487 0.890978) (-0.139478 0.0828974 -0.330501) (-0.0598412 -0.233965 -0.230186) (0.0786066 0.0115178 -0.0488349) (0.126778 -0.0502652 0.314247) (-0.118498 0.1094 -0.263069) (0.414273 0.396935 0.2849) (-0.156874 -0.152433 -0.200704) (-0.047597 -0.170295 -0.121619)
76            (0.382659 0.0376031 0.152527) (0.111262 -0.0771742 -0.358541) (-0.0351299 0.22272 -0.233161) (-0.371825 -0.579697 0.628055) (0.0905938 -0.123379 -0.233147) (0.0230672 -0.190876 -0.126168) (0.376677 0.123318 0.00104308) (0.0666381 -0.0303945 -0.390254) (-0.142439 0.028581 -0.506243) (0.0491686 -0.207655 0.7086) (0.147525 0.0308669 -0.280378) (-0.0451138 -0.26367 -0.176287) (0.182633 0.231071 -0.113148) (0.0574112 0.238535 0.184525) (-0.145483 0.03182 0.168728) (0.0529731 -0.694964 1.40851) (-0.035476 -0.160188 -0.0466158) (-0.11905 0.0944653 0.13456) (0.106111 0.16867 -0.197381) (0.21375 -0.0498533 -0.208454) (0.509169 0.00416155 0.020537) (-0.0398991 0.189489 0.913327) (-0.179368 0.108022 -0.316123) (-0.0655626 -0.229782 -0.21911) (0.0770163 0.0579474 0.00126938) (0.127566 -0.0647456 0.284394) (-0.109404 0.135336 -0.188556) (0.45713 0.427782 0.202543) (-0.097976 -0.0480303 -0.212348) (-0.0401412 -0.16719 -0.11114)
78            (0.377162 0.0121002 0.136684) (0.102852 -0.0938818 -0.361984) (-0.0509907 0.238913 -0.246155) (-0.386532 -0.575982 0.632936) (0.0916071 -0.108119 -0.232469) (0.0226689 -0.191987 -0.126049) (0.393654 0.123768 0.0121918) (0.0818613 -0.0111782 -0.467975) (-0.146751 0.0744636 -0.324879) (0.0624966 -0.136817 0.729387) (0.158646 0.0255158 -0.268234) (-0.0430318 -0.266335 -0.172283) (0.177577 0.230389 -0.122448) (0.0684742 0.25335 0.166467) (-0.0820918 0.0116086 0.254136) (0.0698184 -0.712473 1.40671) (-0.0195438 -0.193352 -0.0667633) (-0.142104 0.0986731 0.185476) (0.080607 0.167159 -0.181498) (0.148697 -0.0397035 -0.261013) (0.555511 0.0209885 0.0909891) (-0.0669585 0.310132 0.907343) (-0.213442 0.144099 -0.277555) (-0.0693455 -0.227474 -0.210076) (0.064895 0.109748 0.023315) (0.12402 -0.0779379 0.26871) (-0.107469 0.135279 -0.103622) (0.477631 0.434542 0.0884575) (-0.00515093 0.123726 -0.2218) (-0.0320806 -0.163108 -0.103077)
80            (0.374103 -0.00667167 0.113502) (0.0931681 -0.101598 -0.364155) (-0.0815318 0.247416 -0.285544) (-0.400432 -0.570965 0.638138) (0.0896375 -0.0967402 -0.226708) (0.0208465 -0.191716 -0.124757) (0.415507 0.125576 0.0242998) (0.0818976 0.00560561 -0.522853) (-0.135023 0.120162 -0.156335) (0.071708 -0.0581054 0.760013) (0.167535 0.0236839 -0.261285) (-0.0406742 -0.267464 -0.167946) (0.17681 0.230315 -0.12981) (0.0771202 0.26987 0.155903) (-0.0311895 -0.0492306 0.228392) (0.0855115 -0.717317 1.39608) (-0.00640668 -0.219494 -0.0884737) (-0.141571 0.0949562 0.214109) (0.0593296 0.169929 -0.170204) (0.0709124 -0.0320732 -0.290397) (0.569381 0.0593826 0.192225) (-0.0797416 0.433384 0.861985) (-0.229733 0.194931 -0.206027) (-0.0696245 -0.227757 -0.202579) (0.0389436 0.152227 0.026101) (0.128932 -0.0809044 0.265405) (-0.106265 0.105527 -0.0179276) (0.42938 0.390841 -0.0376803) (0.0916875 0.332053 -0.187691) (-0.0255479 -0.15677 -0.0949996)
82            (0.373796 -0.0170374 0.0886163) (0.0841008 -0.0991584 -0.365215) (-0.118357 0.245613 -0.34105) (-0.411822 -0.565759 0.642651) (0.0874821 -0.09196 -0.219541) (0.018701 -0.191493 -0.122686) (0.439972 0.127322 0.0356787) (0.0696159 0.0136613 -0.550507) (-0.115976 0.164432 -0.0533591) (0.0893409 0.00598989 0.751999) (0.171567 0.0274657 -0.259003) (-0.0384153 -0.266961 -0.165294) (0.183503 0.227648 -0.131875) (0.0807795 0.280766 0.152955) (-0.0277607 -0.093386 0.197058) (0.0961998 -0.717522 1.37742) (-0.00821392 -0.239167 -0.111955) (-0.131526 0.103353 0.226674) (0.0465821 0.174913 -0.162024) (-0.0138468 -0.0311396 -0.302555) (0.55204 0.101915 0.291529) (-0.0618403 0.535836 0.776027) (-0.219474 0.257613 -0.145393) (-0.0725007 -0.233136 -0.197969) (-0.0147122 0.180461 0.0222613) (0.129972 -0.0692155 0.258381) (-0.104204 0.0441264 0.0478127) (0.312105 0.307123 -0.112582) (0.107308 0.360091 -0.155808) (-0.0223229 -0.154662 -0.0871775)
84            (0.379252 -0.0307469 0.0708731) (0.07168 -0.0918457 -0.370313) (-0.16247 0.238384 -0.397587) (-0.424839 -0.565351 0.64758) (0.0831668 -0.0938743 -0.210588) (0.0164232 -0.190182 -0.12009) (0.463729 0.127527 0.0467371) (0.0391081 0.00787527 -0.545582) (-0.0918042 0.186959 0.00278337) (0.110934 0.096046 0.675889) (0.167007 0.0336796 -0.257816) (-0.036544 -0.266202 -0.163266) (0.195434 0.222176 -0.127551) (0.0816496 0.283813 0.157713) (-0.0470029 -0.109537 0.20981) (0.10651 -0.706437 1.35732) (-0.00990574 -0.246728 -0.135015) (-0.122515 0.108337 0.241711) (0.0489249 0.177549 -0.156248) (-0.101158 -0.0433528 -0.290181) (0.526278 0.138728 0.355118) (-0.0197653 0.614847 0.639242) (-0.214156 0.299727 -0.0733891) (-0.0751925 -0.241822 -0.193236) (-0.0785884 0.170461 0.0192347) (0.11904 -0.0468458 0.244139) (-0.100512 -0.0171666 0.0700046) (0.191348 0.226435 -0.144393) (0.0588298 0.210227 -0.116034) (-0.0216972 -0.156928 -0.0782081)
86            (0.37917 -0.0428852 0.0512796) (0.0641626 -0.0769556 -0.379721) (-0.199475 0.246489 -0.437006) (-0.439593 -0.56815 0.649786) (0.0780483 -0.0963861 -0.19898) (0.0152567 -0.186638 -0.116591) (0.487628 0.127261 0.057165) (0.000683974 -0.00901778 -0.495414) (-0.0679351 0.185491 0.0186333) (0.131987 0.180709 0.594895) (0.155323 0.04354 -0.258309) (-0.0313638 -0.266048 -0.161487) (0.217245 0.217185 -0.1164) (0.0820223 0.282906 0.164625) (-0.0665531 -0.102276 0.257235) (0.115603 -0.688674 1.33339) (-0.0112846 -0.24382 -0.14593) (-0.115106 0.115819 0.256808) (0.0731714 0.177963 -0.157678) (-0.164387 -0.0553487 -0.263344) (0.499606 0.164811 0.399637) (0.0480102 0.663011 0.464565) (-0.199977 0.324051 -0.0341873) (-0.0725579 -0.249119 -0.189952) (-0.0967143 0.129378 0.0196091) (0.0922882 -0.0114108 0.216858) (-0.0787315 -0.0378849 0.0419251) (0.114582 0.165514 -0.145912) (-0.00118323 0.0144482 -0.0665912) (-0.0183737 -0.164149 -0.0720832)
88            (0.378215 -0.0494344 0.037253) (0.0605319 -0.0568786 -0.391195) (-0.215665 0.262194 -0.450646) (-0.453502 -0.568892 0.64993) (0.0741294 -0.0967187 -0.188374) (0.0148439 -0.184473 -0.113115) (0.508384 0.126795 0.0625278) (-0.0314865 -0.025304 -0.434853) (-0.0500482 0.155278 0.00386976) (0.136776 0.242831 0.487003) (0.13472 0.0535622 -0.254495) (-0.0253915 -0.264421 -0.161086) (0.240826 0.216051 -0.0987928) (0.0831291 0.28078 0.170314) (-0.0881821 -0.0917272 0.298084) (0.12216 -0.666544 1.30577) (-0.00973344 -0.236215 -0.146125) (-0.111568 0.126484 0.275962) (0.117255 0.180518 -0.15935) (-0.204481 -0.0642161 -0.24465) (0.47081 0.182677 0.428614) (0.127251 0.667504 0.300861) (-0.164761 0.331903 -0.000265357) (-0.0693663 -0.258165 -0.187612) (-0.0606771 0.0836729 0.0110533) (0.0283079 0.0483811 0.151581) (-0.0317757 -0.0199488 0.00104272) (0.075445 0.114062 -0.124351) (-0.0330829 -0.100484 -0.0154334) (-0.0146111 -0.169627 -0.0700563)
90            (0.381672 -0.0531408 0.0332788) (0.0572626 -0.0358087 -0.398823) (-0.206093 0.279499 -0.439308) (-0.469408 -0.569025 0.648898) (0.0729922 -0.0962182 -0.17761) (0.0141949 -0.181286 -0.109238) (0.523923 0.126554 0.0646048) (-0.0461162 -0.0400676 -0.390339) (-0.0509024 0.101638 -0.0281589) (0.134804 0.278632 0.366091) (0.108425 0.0596776 -0.248275) (-0.0185109 -0.262087 -0.161663) (0.259619 0.214284 -0.0806909) (0.0844904 0.277096 0.168345) (-0.11339 -0.0853294 0.358325) (0.126712 -0.64221 1.27825) (-0.00605432 -0.226571 -0.138394) (-0.108279 0.139832 0.293564) (0.156821 0.180966 -0.155891) (-0.229402 -0.0752118 -0.233602) (0.445887 0.18756 0.45047) (0.201765 0.642525 0.205477) (-0.153475 0.318508 0.0331654) (-0.0618321 -0.268533 -0.185759) (-0.0197342 0.0438582 -0.00242587) (-0.0556566 0.1111 0.0292168) (0.0288576 0.0296294 -0.00673596) (0.0632857 0.0651728 -0.097247) (-0.0396611 -0.139562 0.0140378) (-0.00963773 -0.173677 -0.0716252)
92            (0.384399 -0.04357 0.0363339) (0.0569159 -0.0106424 -0.400675) (-0.18065 0.286172 -0.414076) (-0.483462 -0.567283 0.644984) (0.0729992 -0.0939816 -0.167464) (0.0127904 -0.179151 -0.10579) (0.535655 0.126497 0.0617202) (-0.0418723 -0.0453371 -0.369403) (-0.0718203 0.0456906 -0.0781303) (0.123438 0.298657 0.222871) (0.0806185 0.06442 -0.242909) (-0.0138125 -0.258932 -0.163543) (0.26643 0.214555 -0.0639296) (0.0828176 0.272099 0.158803) (-0.140701 -0.0725074 0.41918) (0.130228 -0.619511 1.24936) (-0.00559256 -0.21303 -0.126213) (-0.107691 0.158088 0.311314) (0.188954 0.179895 -0.151121) (-0.234473 -0.0872624 -0.223358) (0.420724 0.181092 0.469273) (0.26142 0.612982 0.163238) (-0.164982 0.287968 0.0400688) (-0.0546695 -0.283167 -0.183888) (0.00902139 0.0308514 -0.015043) (-0.139543 0.160981 -0.113441) (0.1345 0.0948963 0.0571845) (0.0612677 0.0170801 -0.0707214) (-0.040286 -0.13649 0.0356756) (-0.00800899 -0.17553 -0.0740472)
94            (0.398509 -0.0284014 0.0519937) (0.0597025 0.016145 -0.392918) (-0.146961 0.282183 -0.390784) (-0.496235 -0.565411 0.639593) (0.072131 -0.0936042 -0.158) (0.0103225 -0.17686 -0.102384) (0.546803 0.130225 0.0567576) (-0.0295598 -0.0422302 -0.37283) (-0.102634 0.0165351 -0.125856) (0.0971094 0.301421 0.0676736) (0.0598376 0.068265 -0.236864) (-0.012152 -0.256885 -0.165834) (0.254144 0.211528 -0.0545704) (0.0778969 0.267575 0.141258) (-0.159928 -0.0610509 0.471439) (0.13295 -0.597485 1.22208) (-0.00544915 -0.19467 -0.11312) (-0.1079 0.179641 0.327771) (0.209479 0.179988 -0.147828) (-0.22053 -0.100789 -0.212702) (0.397024 0.160378 0.486051) (0.307764 0.581407 0.150024) (-0.178934 0.244755 0.0389319) (-0.0466737 -0.298129 -0.180924) (0.0292195 0.0417139 -0.025813) (-0.185426 0.178083 -0.222692) (0.222207 0.12707 0.141228) (0.0630856 -0.0275142 -0.0589006) (-0.0302862 -0.104712 0.0588309) (-0.00822198 -0.17635 -0.0773607)
96            (0.421216 -0.00410899 0.0715421) (0.0664173 0.0441779 -0.374992) (-0.118765 0.271195 -0.371565) (-0.508387 -0.562865 0.633655) (0.0684806 -0.0941546 -0.149987) (0.0073674 -0.174439 -0.0991077) (0.559256 0.132319 0.0490682) (-0.0185895 -0.0338352 -0.394561) (-0.125167 0.0233576 -0.146272) (0.0557498 0.305214 -0.0823308) (0.0506696 0.071906 -0.233207) (-0.013804 -0.256628 -0.168152) (0.221944 0.205002 -0.0547094) (0.0662154 0.262851 0.118931) (-0.172434 -0.0394644 0.521759) (0.136234 -0.575335 1.19848) (-0.00332529 -0.172521 -0.100622) (-0.109211 0.203179 0.342723) (0.221273 0.180733 -0.145692) (-0.190157 -0.113016 -0.195608) (0.376614 0.127873 0.501197) (0.344539 0.554781 0.154438) (-0.19222 0.199978 0.0356917) (-0.0365233 -0.312674 -0.177022) (0.0363802 0.0606138 -0.0379274) (-0.179963 0.174702 -0.257248) (0.303676 0.149216 0.204378) (0.0668145 -0.0524605 -0.0608102) (-0.00791416 -0.061228 0.0759709) (-0.00814142 -0.176332 -0.081711)
98            (0.472374 0.0464035 0.0918236) (0.0767966 0.0749855 -0.348926) (-0.109941 0.257539 -0.355715) (-0.520242 -0.559208 0.627257) (0.0623139 -0.0956174 -0.143785) (0.00439289 -0.171511 -0.0957854) (0.569034 0.130353 0.0406973) (-0.0123321 -0.0226849 -0.421426) (-0.1243 0.0609932 -0.127568) (0.00132819 0.311831 -0.232798) (0.0502269 0.0779963 -0.231434) (-0.0191912 -0.258343 -0.169899) (0.174552 0.194857 -0.0648343) (0.0478568 0.260013 0.0981357) (-0.159062 -0.00126026 0.564544) (0.140236 -0.553855 1.17861) (0.00420747 -0.147765 -0.0918689) (-0.110506 0.2259 0.354725) (0.226918 0.18271 -0.143793) (-0.148274 -0.119002 -0.173154) (0.358918 0.0849103 0.516111) (0.375554 0.530651 0.169107) (-0.208523 0.156288 0.0257183) (-0.024284 -0.327349 -0.171973) (0.0318883 0.080575 -0.0539863) (-0.179957 0.17501 -0.287) (0.385984 0.178634 0.245617) (0.0745367 -0.0624184 -0.0766584) (0.0303594 -0.0157907 0.0778145) (-0.00599671 -0.174581 -0.087673)
100           (0.548463 0.134825 0.104524) (0.0919588 0.114058 -0.314618) (-0.128354 0.248345 -0.345647) (-0.527827 -0.551383 0.621964) (0.0558023 -0.0961062 -0.140331) (0.00376918 -0.167332 -0.0922744) (0.570293 0.123914 0.0340862) (-0.00760051 -0.00720874 -0.447222) (-0.0994923 0.119418 -0.0945865) (-0.0417974 0.323438 -0.350642) (0.0558981 0.0881347 -0.230843) (-0.0246327 -0.262143 -0.169986) (0.127684 0.185452 -0.0814075) (0.0290117 0.262633 0.0835215) (-0.121218 0.04809 0.590041) (0.145317 -0.532123 1.1644) (0.021697 -0.121798 -0.0874563) (-0.109847 0.246545 0.362744) (0.227838 0.188135 -0.140117) (-0.101952 -0.112562 -0.152945) (0.350008 0.0356126 0.527324) (0.402514 0.506729 0.192173) (-0.222181 0.115383 0.00163161) (-0.00827502 -0.341378 -0.166315) (0.0204566 0.0996935 -0.0682295) (-0.178039 0.17803 -0.309234) (0.459922 0.217064 0.282428) (0.0832655 -0.0696409 -0.105485) (0.0819518 0.0288697 0.0572743) (-0.00231623 -0.172628 -0.0954824)
102           (0.594823 0.241788 0.10582) (0.110078 0.1551 -0.267867) (-0.157315 0.244443 -0.341859) (-0.531054 -0.541727 0.613544) (0.0530214 -0.098294 -0.138672) (0.00481371 -0.166233 -0.0894746) (0.546397 0.110877 0.0296187) (-0.00419516 0.0114141 -0.486923) (-0.0566226 0.171203 -0.0718497) (-0.0741069 0.333188 -0.459154) (0.0658803 0.100394 -0.221027) (-0.0307775 -0.265847 -0.168616) (0.0930452 0.178835 -0.101344) (0.0106699 0.262221 0.0724804) (-0.0738494 0.0896463 0.611956) (0.152013 -0.509678 1.1532) (0.04867 -0.106957 -0.0831869) (-0.105907 0.265389 0.374154) (0.233094 0.194055 -0.135743) (-0.063545 -0.0970799 -0.1468) (0.346069 -0.0214437 0.530066) (0.423403 0.477947 0.226381) (-0.234198 0.0841261 -0.0416048) (0.00898652 -0.354689 -0.157808) (0.0131449 0.099401 -0.0787726) (-0.173532 0.180058 -0.324499) (0.517828 0.246936 0.321795) (0.092012 -0.0754655 -0.138142) (0.138293 0.0762775 0.0273938) (0.000281176 -0.171537 -0.103504)
104           (0.606278 0.332382 0.0995822) (0.136007 0.189005 -0.214413) (-0.181704 0.248098 -0.332495) (-0.533225 -0.527978 0.602669) (0.0530262 -0.102636 -0.140392) (0.00663047 -0.165747 -0.0872955) (0.485929 0.076606 0.0257193) (0.00140871 0.032209 -0.53165) (-0.00407272 0.206519 -0.0780443) (-0.100427 0.339939 -0.557374) (0.0786326 0.114526 -0.21185) (-0.0363943 -0.268171 -0.166613) (0.0728288 0.179715 -0.121152) (-0.00467387 0.254293 0.0649326) (-0.040769 0.122979 0.646273) (0.160751 -0.49038 1.14651) (0.0836739 -0.107794 -0.0808378) (-0.101594 0.280735 0.382228) (0.241587 0.200748 -0.13148) (-0.0387975 -0.0832857 -0.150513) (0.364584 -0.0815959 0.521136) (0.440964 0.447502 0.267828) (-0.234315 0.0610724 -0.107454) (0.0271196 -0.364754 -0.147292) (0.0152781 0.0976376 -0.0862253) (-0.16103 0.180342 -0.328684) (0.563636 0.270874 0.346997) (0.0978748 -0.0741013 -0.161931) (0.182612 0.11787 0.00413888) (0.003022 -0.171566 -0.111617)
106           (0.568542 0.405303 0.0972224) (0.16246 0.209481 -0.158495) (-0.187303 0.265467 -0.313599) (-0.534624 -0.510979 0.587791) (0.05428 -0.107492 -0.144761) (0.00763744 -0.165783 -0.0865428) (0.409211 0.0364542 0.0192813) (0.0128596 0.0581535 -0.586419) (0.0469409 0.217836 -0.106546) (-0.122724 0.345844 -0.63619) (0.0887227 0.135901 -0.19794) (-0.0410884 -0.26941 -0.164145) (0.0672639 0.188533 -0.13781) (-0.0134164 0.245908 0.0566665) (-0.0128596 0.155531 0.681548) (0.171818 -0.473228 1.14359) (0.114481 -0.124813 -0.0710174) (-0.096564 0.292604 0.389578) (0.248555 0.207825 -0.129751) (-0.0255194 -0.0748502 -0.154695) (0.37511 -0.13372 0.500466) (0.452107 0.415581 0.315115) (-0.229753 0.0420029 -0.183205) (0.0432384 -0.370965 -0.133768) (0.0227094 0.0894771 -0.0870376) (-0.149693 0.178838 -0.336083) (0.598933 0.286075 0.363752) (0.111331 -0.0672415 -0.172908) (0.208616 0.161315 -0.0131185) (0.00469644 -0.170589 -0.118455)
108           (0.536435 0.453484 0.0982262) (0.193947 0.218019 -0.0985929) (-0.168083 0.298826 -0.287761) (-0.535736 -0.48822 0.566288) (0.0559161 -0.112916 -0.152476) (0.00921627 -0.165197 -0.0870375) (0.31634 -0.0239061 0.013956) (0.0323532 0.0882066 -0.655449) (0.0883687 0.21055 -0.146315) (-0.139891 0.35059 -0.69791) (0.093875 0.157445 -0.178555) (-0.0429557 -0.269488 -0.161533) (0.069145 0.2026 -0.146968) (-0.0206492 0.233137 0.0469119) (0.0112949 0.186234 0.7182) (0.185872 -0.459521 1.14484) (0.132604 -0.152421 -0.0520754) (-0.0910757 0.299531 0.397014) (0.2521 0.213666 -0.134086) (-0.019247 -0.0705212 -0.15559) (0.366539 -0.177576 0.477085) (0.460638 0.382878 0.363116) (-0.214828 0.0224375 -0.264669) (0.0577737 -0.372478 -0.120333) (0.0324978 0.0879671 -0.0890558) (-0.140061 0.166428 -0.345334) (0.627103 0.296883 0.37137) (0.132004 -0.0519508 -0.177589) (0.219224 0.187147 -0.0311274) (0.00581025 -0.171522 -0.12567)
110           (0.495719 0.490937 0.107527) (0.22016 0.21568 -0.0480649) (-0.12951 0.340744 -0.270144) (-0.534895 -0.459943 0.539231) (0.0574486 -0.116734 -0.161695) (0.0108201 -0.165091 -0.0889466) (0.279655 -0.0824594 -0.0348672) (0.0564338 0.121168 -0.729271) (0.105841 0.184727 -0.196016) (-0.15212 0.356296 -0.750184) (0.0956407 0.178633 -0.162485) (-0.0408544 -0.267703 -0.159711) (0.0760783 0.214113 -0.14915) (-0.0239852 0.224877 0.0335886) (0.0276348 0.216032 0.749731) (0.201483 -0.449401 1.1475) (0.14238 -0.182525 -0.0297304) (-0.0845201 0.30179 0.40242) (0.253565 0.217011 -0.141568) (-0.0138917 -0.0663669 -0.155307) (0.356406 -0.216868 0.4476) (0.465501 0.351201 0.402912) (-0.202746 0.00574092 -0.33448) (0.0694729 -0.370828 -0.109816) (0.0380955 0.0860066 -0.0908395) (-0.133298 0.14447 -0.353408) (0.646191 0.298148 0.373714) (0.156687 -0.0360279 -0.182706) (0.222608 0.201481 -0.0453807) (0.00689259 -0.172893 -0.133245)
112           (0.461451 0.521784 0.122947) (0.243287 0.215026 -0.000639706) (-0.0823546 0.378208 -0.264795) (-0.530997 -0.424748 0.500498) (0.05935 -0.119877 -0.171513) (0.0126688 -0.165553 -0.0916662) (0.30333 -0.109298 -0.229465) (0.0806793 0.15715 -0.809538) (0.106196 0.159274 -0.24505) (-0.162149 0.360449 -0.806884) (0.096547 0.192614 -0.139477) (-0.0350002 -0.264132 -0.159207) (0.0694953 0.22022 -0.145416) (-0.0295777 0.220859 0.0197365) (0.0384126 0.24616 0.785182) (0.215238 -0.443217 1.1521) (0.139094 -0.213981 -7.37044e-05) (-0.0774281 0.301297 0.411104) (0.252566 0.21909 -0.148714) (-0.0102344 -0.0599277 -0.156282) (0.343493 -0.251136 0.405088) (0.467656 0.321115 0.438217) (-0.18253 -0.00337397 -0.395441) (0.0809005 -0.364353 -0.0995922) (0.0442288 0.0855486 -0.0978038) (-0.136595 0.113139 -0.36126) (0.661246 0.289756 0.365916) (0.185327 -0.0240179 -0.186169) (0.221939 0.198818 -0.0517157) (0.00903798 -0.175204 -0.141132)
114           (0.433386 0.543696 0.142375) (0.247878 0.201779 0.037033) (-0.039741 0.400014 -0.251303) (-0.519907 -0.379365 0.442321) (0.0630821 -0.124863 -0.182495) (0.0148356 -0.166311 -0.0952285) (0.337442 -0.105789 -0.421776) (0.103047 0.186976 -0.874594) (0.0993767 0.148857 -0.278476) (-0.168214 0.365323 -0.856348) (0.0984858 0.194287 -0.116958) (-0.0259652 -0.258003 -0.160954) (0.0481894 0.217896 -0.151766) (-0.0318292 0.218798 0.00655357) (0.0461444 0.272658 0.815856) (0.229462 -0.43868 1.15684) (0.123982 -0.247182 0.0378882) (-0.0693102 0.299532 0.419189) (0.248022 0.221208 -0.153306) (-0.0106085 -0.052158 -0.156036) (0.336724 -0.279035 0.355964) (0.467389 0.293772 0.469118) (-0.155418 -0.00752297 -0.442262) (0.0908412 -0.355531 -0.0901657) (0.048374 0.0864791 -0.105123) (-0.145193 0.0742976 -0.356594) (0.675333 0.276736 0.337852) (0.212383 -0.013852 -0.17779) (0.219179 0.179667 -0.0567701) (0.0120716 -0.177849 -0.149193)
116           (0.408353 0.559841 0.163642) (0.238214 0.200881 0.0472431) (-0.00405317 0.413594 -0.22922) (-0.500378 -0.314832 0.375834) (0.0686015 -0.128048 -0.19436) (0.0175691 -0.167562 -0.100192) (0.33823 -0.0930916 -0.502211) (0.119773 0.210944 -0.925864) (0.0895073 0.148108 -0.3009) (-0.169572 0.376025 -0.90154) (0.104025 0.191361 -0.106599) (-0.0141312 -0.250065 -0.164243) (0.0327881 0.204421 -0.169248) (-0.0308624 0.220386 -0.0048216) (0.0505445 0.301374 0.841146) (0.238426 -0.440506 1.16199) (0.106105 -0.275942 0.0760162) (-0.0594047 0.296718 0.427185) (0.241888 0.220757 -0.157428) (-0.0146259 -0.0466999 -0.15873) (0.331411 -0.302717 0.309564) (0.466103 0.270437 0.49055) (-0.124606 -0.0078531 -0.479583) (0.0986786 -0.340401 -0.0833859) (0.0533345 0.0865165 -0.10977) (-0.160825 0.0259731 -0.337735) (0.68507 0.25946 0.298397) (0.23394 -0.00524396 -0.164604) (0.212256 0.150107 -0.0709831) (0.0160561 -0.181178 -0.158636)
118           (0.386035 0.574516 0.185222) (0.22793 0.228259 0.0360387) (0.0215739 0.420573 -0.197458) (-0.466858 -0.231944 0.298765) (0.0758823 -0.126692 -0.205901) (0.0209968 -0.169396 -0.106223) (0.336283 -0.0818822 -0.554844) (0.129767 0.228193 -0.963826) (0.0859022 0.15296 -0.319465) (-0.166811 0.390325 -0.949411) (0.112004 0.190451 -0.0909685) (-0.000400347 -0.239682 -0.169114) (0.0262501 0.186265 -0.182587) (-0.0273488 0.225369 -0.0115997) (0.0558015 0.329485 0.862104) (0.241819 -0.448408 1.16638) (0.0954365 -0.293315 0.100798) (-0.0477795 0.294135 0.433363) (0.237938 0.218216 -0.161341) (-0.0214783 -0.0433933 -0.1589) (0.32629 -0.324463 0.266913) (0.464908 0.251039 0.503969) (-0.0904734 -0.00279411 -0.508296) (0.105057 -0.320683 -0.0787815) (0.0550878 0.0865697 -0.112087) (-0.180445 -0.0192673 -0.296621) (0.689699 0.242423 0.24857) (0.247137 0.00108701 -0.152619) (0.204646 0.118363 -0.0870611) (0.0206719 -0.184704 -0.169075)
120           (0.36781 0.589646 0.205118) (0.230002 0.288189 0.0250982) (0.0377016 0.421053 -0.165299) (-0.410781 -0.128341 0.213633) (0.0869039 -0.117368 -0.215243) (0.0248919 -0.170249 -0.112785) (0.337835 -0.0798506 -0.593963) (0.132398 0.239642 -0.990321) (0.0924827 0.163144 -0.335772) (-0.160122 0.405161 -0.993438) (0.122925 0.189722 -0.0648893) (0.0146566 -0.226509 -0.175032) (0.0270698 0.168513 -0.185106) (-0.0298601 0.231336 -0.0129375) (0.0608575 0.355172 0.884123) (0.241509 -0.45832 1.17028) (0.0910179 -0.30319 0.113812) (-0.0344436 0.291123 0.439886) (0.237802 0.21291 -0.166796) (-0.0304469 -0.0413973 -0.156516) (0.326746 -0.344883 0.223908) (0.462189 0.239079 0.511255) (-0.0519822 0.00397677 -0.534115) (0.108237 -0.295536 -0.0746164) (0.0568714 0.0866123 -0.11302) (-0.198547 -0.0591571 -0.229308) (0.68639 0.221852 0.189727) (0.255292 0.00487705 -0.142067) (0.197764 0.0846024 -0.0989566) (0.0254447 -0.187775 -0.179983)
122           (0.351752 0.602274 0.22408) (0.246751 0.374029 0.0262942) (0.0442764 0.422137 -0.141557) (-0.323139 0.00160732 0.133363) (0.104212 -0.0978671 -0.222957) (0.028981 -0.169713 -0.119389) (0.342115 -0.0799372 -0.633032) (0.129862 0.243594 -1.00971) (0.111787 0.176334 -0.346866) (-0.150817 0.421172 -1.02486) (0.136377 0.190951 -0.0342941) (0.0289983 -0.212168 -0.18071) (0.0307548 0.15203 -0.17885) (-0.0392788 0.240682 -0.00729091) (0.0674334 0.379369 0.903978) (0.237735 -0.47178 1.17556) (0.0870406 -0.308869 0.111646) (-0.0206261 0.287192 0.443462) (0.242032 0.205567 -0.172735) (-0.0390366 -0.0398844 -0.153048) (0.33195 -0.364123 0.179751) (0.460378 0.231636 0.515177) (-0.00436294 0.0047574 -0.570456) (0.10707 -0.266 -0.0719445) (0.0598122 0.0856571 -0.111398) (-0.206178 -0.0833644 -0.135391) (0.674182 0.202553 0.118506) (0.259134 0.00903203 -0.134387) (0.193126 0.051085 -0.110932) (0.0288032 -0.190894 -0.190693)
124           (0.3373 0.611923 0.241242) (0.267684 0.461274 0.032333) (0.0450424 0.427351 -0.129136) (-0.218434 0.15102 0.0764798) (0.127381 -0.0743259 -0.227594) (0.0331366 -0.167897 -0.125684) (0.340561 -0.0768206 -0.66163) (0.122474 0.242646 -1.0213) (0.141391 0.19012 -0.353434) (-0.138281 0.435031 -1.04939) (0.150024 0.197116 0.00219214) (0.0419317 -0.199624 -0.184777) (0.036465 0.13834 -0.166625) (-0.0532988 0.248281 0.00527098) (0.0751258 0.40277 0.918923) (0.233944 -0.487752 1.18273) (0.0813529 -0.311694 0.0966832) (-0.00653944 0.28218 0.442968) (0.249651 0.196852 -0.178656) (-0.0439649 -0.0385483 -0.152291) (0.339822 -0.384329 0.138124) (0.460027 0.227257 0.518565) (0.0532999 -0.00481267 -0.629087) (0.103024 -0.235408 -0.0699594) (0.0645314 0.0843959 -0.108608) (-0.191923 -0.0930462 -0.0254024) (0.651881 0.181912 0.0394166) (0.258814 0.0148026 -0.130597) (0.191392 0.016107 -0.122822) (0.0308878 -0.193966 -0.200749)
126           (0.327764 0.621048 0.258776) (0.285308 0.53079 0.0371175) (0.0413224 0.438754 -0.127324) (-0.150806 0.264292 0.0492395) (0.145853 -0.0585692 -0.218352) (0.0374186 -0.165626 -0.131877) (0.335941 -0.0756934 -0.683865) (0.110579 0.239438 -1.02809) (0.176784 0.19861 -0.358556) (-0.12516 0.445501 -1.05323) (0.163723 0.215855 0.0530994) (0.0544924 -0.18966 -0.186939) (0.0410101 0.127233 -0.152994) (-0.0690101 0.254686 0.0261721) (0.0830467 0.421964 0.933167) (0.230642 -0.504688 1.19349) (0.071124 -0.314085 0.0699454) (0.00641666 0.275891 0.439429) (0.258011 0.188377 -0.182854) (-0.0426917 -0.0374319 -0.157298) (0.350277 -0.40252 0.0951829) (0.462487 0.224149 0.52525) (0.107055 -0.0150014 -0.695483) (0.0975244 -0.205732 -0.0651434) (0.070753 0.0855043 -0.105163) (-0.148803 -0.100886 0.0757892) (0.619747 0.159115 -0.0481518) (0.255762 0.0232427 -0.132441) (0.191454 -0.0208938 -0.14061) (0.032092 -0.196881 -0.210218)
128           (0.322692 0.630307 0.273038) (0.29791 0.582959 0.0393151) (0.0374316 0.460736 -0.128274) (-0.108577 0.348503 0.0204883) (0.145564 -0.0491677 -0.190437) (0.0417405 -0.163567 -0.137957) (0.329339 -0.0752655 -0.69379) (0.0971931 0.23586 -1.03204) (0.212294 0.199992 -0.362826) (-0.117887 0.44803 -1.04643) (0.17402 0.247106 0.110736) (0.0668113 -0.181827 -0.186978) (0.050093 0.124723 -0.140194) (-0.0831616 0.25611 0.0485377) (0.0919831 0.439782 0.944488) (0.230237 -0.520469 1.20371) (0.0611931 -0.317159 0.0445177) (0.0181002 0.268191 0.436501) (0.268396 0.17978 -0.182423) (-0.0353424 -0.0391301 -0.169973) (0.36099 -0.425411 0.057737) (0.467713 0.219667 0.534667) (0.149082 -0.0197244 -0.737078) (0.096684 -0.174453 -0.0583955) (0.0794874 0.0880388 -0.100499) (-0.0942499 -0.120026 0.122003) (0.581549 0.130231 -0.115765) (0.252796 0.0327652 -0.136381) (0.190976 -0.0575514 -0.160401) (0.0331401 -0.199011 -0.218061)
130           (0.320784 0.640338 0.285771) (0.308278 0.620614 0.0386731) (0.0351202 0.483372 -0.127302) (-0.0734434 0.409356 -0.00614698) (0.148395 -0.0371181 -0.130314) (0.0466785 -0.163467 -0.144423) (0.321591 -0.0756501 -0.699504) (0.0845747 0.233365 -1.03905) (0.247329 0.196838 -0.370712) (-0.118266 0.442823 -1.02079) (0.181561 0.286607 0.176214) (0.07934 -0.1774 -0.185855) (0.0589688 0.12761 -0.132715) (-0.0965607 0.257187 0.0667247) (0.101087 0.456375 0.95388) (0.233371 -0.533216 1.21488) (0.055127 -0.318985 0.021578) (0.0292484 0.25959 0.434897) (0.27838 0.173748 -0.17792) (-0.0231238 -0.0429214 -0.182674) (0.370877 -0.449191 0.0214414) (0.476114 0.211544 0.552396) (0.186496 -0.0247011 -0.768827) (0.0943315 -0.139323 -0.0433424) (0.0902279 0.0927807 -0.0960085) (-0.0189054 -0.146896 0.125893) (0.541954 0.100769 -0.174314) (0.250044 0.0432004 -0.139836) (0.193361 -0.0866847 -0.180341) (0.034132 -0.200546 -0.224145)
132           (0.320618 0.648589 0.297482) (0.317334 0.648279 0.0367716) (0.0350828 0.499838 -0.123924) (-0.0530002 0.448804 -0.0255101) (0.190517 -0.0180773 -0.0739666) (0.052724 -0.165955 -0.151952) (0.315192 -0.0745279 -0.699246) (0.0751308 0.233811 -1.05285) (0.281094 0.190216 -0.381328) (-0.126335 0.431055 -0.978426) (0.194243 0.328486 0.240578) (0.0918292 -0.174893 -0.184728) (0.0692527 0.132979 -0.130077) (-0.108625 0.257804 0.0798763) (0.11062 0.472779 0.961183) (0.239794 -0.542574 1.22528) (0.0551584 -0.320901 0.0066995) (0.0388642 0.250005 0.435912) (0.287581 0.169478 -0.17028) (-0.00531271 -0.0495398 -0.193699) (0.379863 -0.475323 -0.0175368) (0.486252 0.198698 0.580688) (0.220309 -0.0311601 -0.796198) (0.0940143 -0.106639 -0.0225237) (0.102206 0.0993165 -0.0916353) (0.0568634 -0.159773 0.124585) (0.502022 0.0713043 -0.223865) (0.248962 0.0551294 -0.142639) (0.197718 -0.106516 -0.19625) (0.0352869 -0.201673 -0.228417)
134           (0.321984 0.654749 0.308289) (0.32693 0.667348 0.0343149) (0.0370879 0.505895 -0.117474) (-0.0435024 0.467628 -0.0389491) (0.216022 0.00889717 -0.0282609) (0.0598268 -0.170191 -0.160995) (0.309781 -0.0746876 -0.694929) (0.0700284 0.23563 -1.07334) (0.312181 0.183181 -0.392616) (-0.13953 0.4133 -0.920484) (0.214538 0.363001 0.288981) (0.104458 -0.173088 -0.184022) (0.0804202 0.139575 -0.129479) (-0.120148 0.256037 0.0903481) (0.120923 0.488085 0.967033) (0.250047 -0.548875 1.23361) (0.0629866 -0.320736 0.00202128) (0.0502479 0.23887 0.439002) (0.295719 0.166895 -0.160035) (0.0188965 -0.0558822 -0.206213) (0.389059 -0.503199 -0.0606246) (0.498493 0.180964 0.616314) (0.250308 -0.0400034 -0.822186) (0.0962961 -0.0775934 0.000858068) (0.115864 0.108412 -0.0869509) (0.108991 -0.159853 0.137339) (0.461374 0.0428886 -0.266831) (0.251217 0.0678224 -0.144163) (0.202291 -0.115918 -0.207186) (0.0360493 -0.202505 -0.231047)
136           (0.326395 0.656445 0.317802) (0.337074 0.673876 0.0325326) (0.04309 0.497325 -0.105739) (-0.0397136 0.470008 -0.0490118) (0.13757 0.0825142 0.062598) (0.0686597 -0.174171 -0.172335) (0.306414 -0.0766701 -0.690043) (0.0718284 0.237033 -1.09589) (0.342535 0.175683 -0.401988) (-0.155626 0.390038 -0.858337) (0.237684 0.389279 0.317816) (0.120933 -0.172301 -0.184744) (0.094078 0.147207 -0.12955) (-0.127501 0.249506 0.0977987) (0.132594 0.499913 0.970351) (0.263616 -0.553714 1.23958) (0.0781919 -0.321133 0.00607401) (0.0647706 0.22633 0.445337) (0.304242 0.1667 -0.147334) (0.0484549 -0.0632622 -0.220757) (0.396955 -0.533704 -0.10595) (0.510552 0.157284 0.656277) (0.27701 -0.0509049 -0.847401) (0.107824 -0.052809 0.0273924) (0.133398 0.11943 -0.0807088) (0.150141 -0.15948 0.153924) (0.422202 0.0132048 -0.302503) (0.260303 0.0790571 -0.144194) (0.207022 -0.117886 -0.212813) (0.0366857 -0.204215 -0.231876)
138           (0.328132 0.650965 0.327807) (0.347098 0.665979 0.0287877) (0.0495704 0.470751 -0.0900468) (-0.0383021 0.451513 -0.0584792) (-0.034569 0.230812 0.223771) (0.0735772 -0.175871 -0.18345) (0.305094 -0.0847282 -0.692144) (0.0794157 0.238406 -1.11272) (0.364507 0.164129 -0.407697) (-0.171728 0.364068 -0.803174) (0.25849 0.407265 0.328336) (0.135011 -0.172921 -0.186992) (0.110637 0.153202 -0.131228) (-0.134918 0.236783 0.103438) (0.141502 0.508684 0.972348) (0.277538 -0.555051 1.24479) (0.101978 -0.321682 0.0158723) (0.0814099 0.211771 0.454822) (0.315479 0.167208 -0.133328) (0.0814156 -0.0716647 -0.239062) (0.404143 -0.567027 -0.15511) (0.5244 0.127893 0.697525) (0.301106 -0.0637903 -0.870806) (0.114202 -0.0232467 0.0577312) (0.159303 0.127606 -0.0763748) (0.187026 -0.167509 0.17315) (0.38305 -0.0192271 -0.336955) (0.277405 0.0885894 -0.142154) (0.210935 -0.116273 -0.216456) (0.0364559 -0.206587 -0.229565)
140           (0.332184 0.635975 0.344675) (0.352286 0.640195 0.0228591) (0.0520657 0.428262 -0.0724039) (-0.0411229 0.418399 -0.0684476) (-0.132092 0.344132 0.288726) (0.0762404 -0.174335 -0.18903) (0.312411 -0.0981337 -0.709542) (0.0907604 0.241952 -1.1248) (0.371931 0.151099 -0.415297) (-0.189075 0.340175 -0.760917) (0.274769 0.41462 0.320812) (0.140797 -0.175465 -0.1888) (0.128842 0.161346 -0.134103) (-0.140727 0.226813 0.108019) (0.150358 0.517798 0.973926) (0.28906 -0.552768 1.24992) (0.132266 -0.316312 0.0298625) (0.0973177 0.193354 0.463709) (0.320253 0.170423 -0.121069) (0.111377 -0.076752 -0.263764) (0.409703 -0.597921 -0.20506) (0.534707 0.0975492 0.73979) (0.321542 -0.0769 -0.890717) (0.122367 0.00179484 0.0842776) (0.183296 0.147497 -0.0746874) (0.220492 -0.182806 0.192314) (0.342227 -0.0480255 -0.372456) (0.302193 0.0992895 -0.133022) (0.211018 -0.110103 -0.221491) (0.0354525 -0.20731 -0.22489)
142           (0.345238 0.636008 0.356247) (0.349339 0.613767 0.0175566) (0.0498428 0.386185 -0.0576063) (-0.0512237 0.382803 -0.0815112) (-0.186435 0.41459 0.284439) (0.0802263 -0.170486 -0.187374) (0.332018 -0.102823 -0.725916) (0.104367 0.251259 -1.14053) (0.371245 0.146898 -0.428823) (-0.203202 0.322444 -0.726099) (0.295046 0.409391 0.305607) (0.142083 -0.1763 -0.187326) (0.151788 0.175271 -0.132487) (-0.150127 0.220282 0.109708) (0.157806 0.526408 0.973252) (0.302256 -0.548137 1.25558) (0.166724 -0.30658 0.0441325) (0.112528 0.172043 0.471359) (0.319007 0.17887 -0.110594) (0.136511 -0.0782855 -0.288579) (0.411976 -0.627371 -0.2618) (0.541408 0.0734789 0.780731) (0.334753 -0.0900554 -0.911644) (0.130225 0.017765 0.10522) (0.19495 0.162357 -0.0719303) (0.248248 -0.203874 0.209145) (0.298743 -0.0686654 -0.401829) (0.333121 0.113306 -0.118355) (0.208684 -0.0986281 -0.221924) (0.0327322 -0.206827 -0.218919)
144           (0.359098 0.635952 0.364582) (0.347567 0.585652 0.00976201) (0.0478169 0.356595 -0.0462128) (-0.0593226 0.351654 -0.0935924) (-0.228699 0.458916 0.242272) (0.0876997 -0.164792 -0.177616) (0.349884 -0.109601 -0.710867) (0.115715 0.261236 -1.16999) (0.366821 0.153714 -0.427767) (-0.213977 0.31151 -0.699884) (0.310156 0.398966 0.282212) (0.141842 -0.17553 -0.181841) (0.159463 0.181512 -0.13229) (-0.163287 0.211973 0.113247) (0.162555 0.53278 0.970713) (0.314412 -0.538949 1.2589) (0.20806 -0.297279 0.05554) (0.123742 0.151778 0.478025) (0.308473 0.191811 -0.0969449) (0.149726 -0.0738802 -0.32175) (0.415538 -0.654282 -0.327996) (0.547435 0.0572515 0.817082) (0.343074 -0.09911 -0.926937) (0.134955 0.0306516 0.119008) (0.196441 0.173368 -0.0654859) (0.272472 -0.234748 0.228851) (0.255748 -0.083825 -0.420632) (0.365648 0.12961 -0.105226) (0.200845 -0.0844017 -0.219161) (0.0279499 -0.205959 -0.211322)
146           (0.367753 0.634063 0.373318) (0.34702 0.551878 0.00570207) (0.0475964 0.333084 -0.0392427) (-0.0637157 0.323017 -0.102143) (-0.250279 0.46215 0.181284) (0.0980673 -0.159749 -0.160008) (0.354769 -0.116581 -0.691764) (0.122811 0.266924 -1.19534) (0.354701 0.167134 -0.403081) (-0.220834 0.305501 -0.685643) (0.319628 0.37673 0.260072) (0.144925 -0.172904 -0.172937) (0.168106 0.181062 -0.132188) (-0.177132 0.202287 0.120166) (0.16661 0.53415 0.969466) (0.325313 -0.530482 1.26202) (0.253138 -0.286852 0.0662108) (0.133229 0.131111 0.483024) (0.302267 0.206305 -0.0813077) (0.151728 -0.0651681 -0.352594) (0.423598 -0.679039 -0.404259) (0.551527 0.0471134 0.851435) (0.346601 -0.102998 -0.93169) (0.136958 0.0399595 0.125933) (0.197081 0.181493 -0.0558994) (0.297444 -0.271662 0.251041) (0.21602 -0.0952581 -0.428882) (0.402334 0.144032 -0.0956129) (0.187942 -0.0730975 -0.210972) (0.0235178 -0.206282 -0.202587)
148           (0.374783 0.620948 0.380758) (0.342773 0.50502 0.00233355) (0.049312 0.309479 -0.0378137) (-0.0626729 0.291953 -0.10845) (-0.242374 0.419843 0.112607) (0.10572 -0.159042 -0.13753) (0.358793 -0.124896 -0.678959) (0.129069 0.266754 -1.2092) (0.341138 0.180747 -0.36319) (-0.223068 0.299234 -0.682095) (0.318673 0.341837 0.243426) (0.150461 -0.171046 -0.163048) (0.180589 0.180891 -0.130939) (-0.187233 0.196788 0.131203) (0.169868 0.534925 0.967329) (0.333251 -0.521463 1.26511) (0.296316 -0.276268 0.0730065) (0.143808 0.111303 0.487209) (0.301145 0.221301 -0.0677487) (0.142243 -0.0470804 -0.376245) (0.432274 -0.698814 -0.484927) (0.555551 0.0416351 0.885156) (0.345404 -0.102331 -0.925513) (0.133748 0.0430537 0.125821) (0.200481 0.190652 -0.0443045) (0.318927 -0.309935 0.273553) (0.178617 -0.104253 -0.428625) (0.441746 0.154688 -0.0914065) (0.172517 -0.0643224 -0.202259) (0.0205129 -0.205539 -0.193186)
150           (0.381368 0.602519 0.383819) (0.334432 0.449347 -0.0010265) (0.0507175 0.288735 -0.0433623) (-0.0616951 0.263318 -0.113552) (-0.219425 0.344518 0.0578151) (0.107914 -0.162479 -0.113082) (0.36971 -0.13502 -0.670059) (0.134459 0.267813 -1.21151) (0.32315 0.194671 -0.322543) (-0.22519 0.296153 -0.682024) (0.311905 0.299274 0.230941) (0.15339 -0.170801 -0.153129) (0.192992 0.181283 -0.128346) (-0.193467 0.191094 0.146492) (0.171435 0.532066 0.965837) (0.339963 -0.512924 1.26844) (0.334244 -0.269959 0.0726582) (0.152466 0.0912991 0.489921) (0.302029 0.236996 -0.0580829) (0.118515 -0.0219427 -0.395212) (0.445546 -0.711651 -0.569989) (0.557814 0.0411683 0.918806) (0.341513 -0.0967337 -0.909861) (0.123237 0.0444117 0.125292) (0.203045 0.197189 -0.031813) (0.341994 -0.345156 0.294091) (0.143563 -0.110044 -0.425249) (0.479515 0.166629 -0.0853699) (0.154524 -0.0551625 -0.192447) (0.0176675 -0.202332 -0.183179)
152           (0.386903 0.578793 0.385884) (0.318601 0.381794 -0.00531237) (0.0522098 0.269142 -0.0520904) (-0.0585548 0.233363 -0.116578) (-0.192174 0.257567 0.0262625) (0.105282 -0.165771 -0.0930107) (0.383286 -0.145776 -0.657068) (0.142447 0.266992 -1.21079) (0.306838 0.208708 -0.287468) (-0.225851 0.293562 -0.681836) (0.304695 0.259221 0.220143) (0.155115 -0.169739 -0.144593) (0.204323 0.178297 -0.123779) (-0.19436 0.185777 0.16553) (0.173132 0.529112 0.965731) (0.345099 -0.505765 1.27117) (0.36682 -0.265673 0.0660394) (0.16172 0.0715889 0.491256) (0.30333 0.249043 -0.0521976) (0.082088 0.010152 -0.412306) (0.458229 -0.715355 -0.647607) (0.55805 0.0427086 0.953239) (0.33525 -0.0896593 -0.889463) (0.109071 0.0444784 0.12346) (0.20574 0.207451 -0.018285) (0.36529 -0.369555 0.310845) (0.111403 -0.107505 -0.418438) (0.514012 0.17973 -0.0824975) (0.133277 -0.0443405 -0.181808) (0.014424 -0.200083 -0.173095)
154           (0.394191 0.55092 0.382873) (0.296508 0.310008 -0.00733706) (0.0514363 0.244819 -0.06556) (-0.0567187 0.199702 -0.119061) (-0.163593 0.182038 0.0154498) (0.10211 -0.169162 -0.079044) (0.399961 -0.156254 -0.638527) (0.154821 0.263735 -1.2097) (0.290341 0.218903 -0.25226) (-0.227724 0.290596 -0.681056) (0.295606 0.237021 0.205366) (0.157544 -0.169012 -0.137413) (0.214176 0.173184 -0.118986) (-0.188305 0.182011 0.188313) (0.174002 0.523927 0.966718) (0.350381 -0.500806 1.2767) (0.390553 -0.269939 0.0543327) (0.171484 0.0524034 0.489303) (0.307313 0.253963 -0.0476346) (0.0382766 0.044672 -0.450133) (0.476731 -0.7075 -0.734909) (0.555847 0.0481492 0.991966) (0.327439 -0.083037 -0.861812) (0.0921493 0.0433135 0.117718) (0.204241 0.216723 -0.00483957) (0.389744 -0.372568 0.319574) (0.0858592 -0.102082 -0.400999) (0.543518 0.194778 -0.0798649) (0.110853 -0.0308217 -0.1666) (0.00972699 -0.19686 -0.162767)
156           (0.395574 0.514311 0.372222) (0.262898 0.232325 -0.00487409) (0.0512213 0.213626 -0.0761899) (-0.0557167 0.161827 -0.123026) (-0.142737 0.130271 0.0189571) (0.0966866 -0.174946 -0.0747016) (0.417607 -0.168299 -0.622315) (0.170078 0.264556 -1.21159) (0.277583 0.226456 -0.228025) (-0.232407 0.285097 -0.677059) (0.288589 0.222975 0.199861) (0.153973 -0.170248 -0.135097) (0.225897 0.165642 -0.114092) (-0.179741 0.175659 0.208507) (0.176332 0.517227 0.969342) (0.35089 -0.49927 1.28099) (0.399519 -0.27629 0.0360586) (0.176644 0.0345427 0.486561) (0.319667 0.251701 -0.0447956) (0.0073601 0.0659323 -0.479033) (0.491439 -0.691286 -0.801623) (0.553159 0.0480699 1.02704) (0.314939 -0.07921 -0.84234) (0.0697004 0.0413611 0.114461) (0.198917 0.220526 0.00258474) (0.416059 -0.349195 0.32746) (0.0666535 -0.0939035 -0.383944) (0.559814 0.20962 -0.0800753) (0.0875911 -0.0133657 -0.145873) (0.00205935 -0.191801 -0.151836)
158           (0.402853 0.465791 0.358984) (0.218652 0.146972 -0.00145519) (0.0529862 0.161893 -0.0790559) (-0.0549623 0.117457 -0.131864) (-0.134159 0.0975634 0.0283547) (0.0924194 -0.178325 -0.0751507) (0.434637 -0.188643 -0.60873) (0.183541 0.263994 -1.21389) (0.265502 0.225724 -0.20915) (-0.238463 0.276456 -0.666621) (0.28601 0.221446 0.201361) (0.149465 -0.17069 -0.134944) (0.2314 0.156037 -0.110359) (-0.166523 0.167428 0.231571) (0.18071 0.514212 0.972655) (0.353087 -0.500721 1.2851) (0.401192 -0.286627 0.013856) (0.184578 0.0185194 0.483175) (0.330018 0.247037 -0.0436473) (0.00385221 0.0599989 -0.475962) (0.503035 -0.664978 -0.851815) (0.558411 0.0472215 1.05527) (0.302514 -0.0791778 -0.831733) (0.0476983 0.0392292 0.109741) (0.198545 0.232538 0.00328133) (0.440853 -0.288722 0.328032) (0.0531453 -0.0717977 -0.36588) (0.564002 0.223469 -0.0837165) (0.0615132 0.00647077 -0.112098) (-0.00449934 -0.188388 -0.141274)
160           (0.409418 0.416495 0.336869) (0.15987 0.0810737 0.00805284) (0.051623 0.108091 -0.0718821) (-0.0491045 0.0796647 -0.148189) (-0.138423 0.0823529 0.0398993) (0.0869778 -0.181299 -0.0787896) (0.462835 -0.201388 -0.604931) (0.195435 0.272007 -1.21934) (0.254476 0.222752 -0.195974) (-0.249126 0.268453 -0.650003) (0.28371 0.225682 0.208643) (0.140138 -0.172079 -0.136739) (0.243278 0.155714 -0.110756) (-0.153544 0.160146 0.252477) (0.190497 0.512123 0.975225) (0.355979 -0.503995 1.28913) (0.387424 -0.29865 -0.00475191) (0.186537 0.00239772 0.476038) (0.346624 0.241127 -0.0456494) (0.0363822 0.0384418 -0.440976) (0.513237 -0.626218 -0.881372) (0.566106 0.0418861 1.08165) (0.287057 -0.0820346 -0.828329) (0.022307 0.0372237 0.10467) (0.194963 0.243144 -0.00543349) (0.465223 -0.198015 0.317304) (0.0500953 -0.0431979 -0.346696) (0.556102 0.237967 -0.0934168) (0.0334263 0.0304704 -0.068889) (-0.0120611 -0.183292 -0.132084)
162           (0.425713 0.365455 0.313425) (0.104625 0.0398566 0.0130612) (0.0518821 0.0571154 -0.0568907) (-0.0376022 0.0546973 -0.16643) (-0.152347 0.0823472 0.0489807) (0.0806422 -0.182955 -0.0837939) (0.50157 -0.219323 -0.57644) (0.202968 0.276394 -1.2357) (0.250654 0.22151 -0.185938) (-0.259811 0.261265 -0.626902) (0.28314 0.237253 0.218756) (0.126749 -0.172401 -0.140023) (0.24746 0.15248 -0.111823) (-0.13997 0.153604 0.273076) (0.202548 0.509166 0.973127) (0.357187 -0.510747 1.29105) (0.364157 -0.316346 -0.0284798) (0.185175 -0.0101455 0.469455) (0.360056 0.232174 -0.0452987) (0.0996803 0.0202179 -0.412556) (0.520707 -0.580058 -0.883582) (0.577214 0.0345323 1.10196) (0.2679 -0.0856433 -0.831387) (-0.00571997 0.0319364 0.0993877) (0.201099 0.251772 -0.0196761) (0.474901 -0.0842068 0.282717) (0.0499148 -0.00691255 -0.338047) (0.539397 0.251513 -0.107592) (0.00490723 0.0564564 -0.0113499) (-0.0190865 -0.178125 -0.123831)
164           (0.45091 0.317461 0.287725) (0.0667839 0.0197651 0.0105234) (0.0534101 0.01606 -0.0423988) (-0.0174586 0.0340122 -0.185317) (-0.168952 0.0925588 0.0628041) (0.0765351 -0.182505 -0.0872784) (0.53064 -0.234362 -0.553474) (0.204199 0.277348 -1.25202) (0.251908 0.217975 -0.173369) (-0.26647 0.25182 -0.611482) (0.284653 0.253458 0.237758) (0.117987 -0.171696 -0.143396) (0.250479 0.147314 -0.11009) (-0.128803 0.145869 0.292581) (0.213654 0.506441 0.968942) (0.361252 -0.518435 1.29439) (0.33613 -0.335417 -0.0448) (0.181985 -0.019911 0.464703) (0.369671 0.223894 -0.0439429) (0.164515 0.0154726 -0.422309) (0.528429 -0.5293 -0.871328) (0.592361 0.0261045 1.11972) (0.247014 -0.0865816 -0.834674) (-0.032407 0.0153746 0.092562) (0.220257 0.261494 -0.0304686) (0.458136 0.0301607 0.209324) (0.0570376 0.0407925 -0.315674) (0.516007 0.261338 -0.124688) (-0.0183951 0.0784639 0.0493188) (-0.0239627 -0.174639 -0.11743)
166           (0.479772 0.278899 0.25866) (0.0523254 0.0188921 -0.00906755) (0.0507576 -0.0120831 -0.0327244) (0.00633589 0.0208185 -0.198818) (-0.194505 0.112253 0.0770624) (0.0733592 -0.181955 -0.0894438) (0.565226 -0.247269 -0.531851) (0.203173 0.271784 -1.26666) (0.251938 0.211601 -0.158884) (-0.270156 0.242229 -0.599255) (0.284095 0.272412 0.258038) (0.111471 -0.172224 -0.146557) (0.252199 0.147276 -0.112507) (-0.120633 0.137506 0.307025) (0.227852 0.50387 0.960205) (0.366594 -0.526118 1.29589) (0.303322 -0.355776 -0.0594938) (0.177587 -0.0270863 0.460386) (0.380062 0.218074 -0.0442147) (0.203707 0.0143022 -0.445248) (0.539736 -0.480759 -0.836989) (0.609055 0.0147267 1.13231) (0.226614 -0.0847644 -0.833541) (-0.0559152 -0.00375117 0.088326) (0.236859 0.268198 -0.0420882) (0.417186 0.0945567 0.0841175) (0.0634265 0.0819821 -0.292086) (0.490273 0.268405 -0.143825) (-0.0286789 0.0851986 0.101124) (-0.0270886 -0.171306 -0.112549)
168           (0.509032 0.245093 0.229873) (0.0520948 0.0424737 -0.0496533) (0.0428131 -0.028658 -0.0274385) (0.0302151 0.013188 -0.207213) (-0.22609 0.138141 0.0895221) (0.0689449 -0.181959 -0.0909887) (0.607478 -0.256541 -0.500046) (0.204301 0.263755 -1.27438) (0.251091 0.201455 -0.146635) (-0.27058 0.232442 -0.594206) (0.28045 0.293885 0.28033) (0.103276 -0.173198 -0.149713) (0.255674 0.146368 -0.113113) (-0.114913 0.129009 0.320716) (0.242707 0.49982 0.945723) (0.373491 -0.532165 1.29696) (0.265546 -0.378369 -0.0755346) (0.172754 -0.0320697 0.455864) (0.391887 0.210966 -0.044394) (0.227941 0.0145847 -0.4679) (0.553021 -0.434051 -0.791555) (0.626837 0.0011702 1.13971) (0.206503 -0.0826105 -0.826494) (-0.0774548 -0.0273874 0.0812402) (0.253627 0.271328 -0.0533762) (0.35672 0.115206 -0.0481529) (0.0661458 0.122438 -0.271865) (0.465628 0.272416 -0.163682) (-0.0289997 0.079964 0.132877) (-0.0307024 -0.167227 -0.108102)
170           (0.538457 0.218588 0.205696) (0.0635427 0.069163 -0.0844634) (0.0313536 -0.0340289 -0.025838) (0.0503553 0.0108002 -0.2139) (-0.256476 0.161349 0.100118) (0.0624137 -0.180833 -0.0926492) (0.645881 -0.260123 -0.459462) (0.211402 0.256646 -1.27593) (0.245275 0.191029 -0.137734) (-0.267053 0.219671 -0.595454) (0.272364 0.315568 0.305489) (0.0941626 -0.17384 -0.152575) (0.261094 0.143626 -0.113986) (-0.111221 0.116774 0.335396) (0.256404 0.495208 0.926798) (0.380257 -0.535168 1.29823) (0.222835 -0.399487 -0.0906693) (0.166912 -0.0356571 0.449976) (0.401811 0.205115 -0.0444606) (0.245953 0.011524 -0.486223) (0.573687 -0.391722 -0.735249) (0.645802 -0.0132271 1.14274) (0.185701 -0.0793951 -0.818063) (-0.0922407 -0.0508039 0.0728989) (0.269895 0.272383 -0.0608707) (0.292433 0.115046 -0.160082) (0.0658864 0.155709 -0.251096) (0.445681 0.272591 -0.184399) (-0.02206 0.063496 0.147693) (-0.0354138 -0.162951 -0.103073)
172           (0.56248 0.199771 0.185501) (0.074924 0.083704 -0.103293) (0.0168258 -0.032772 -0.026903) (0.0651483 0.0123157 -0.219911) (-0.280345 0.175785 0.108953) (0.0552822 -0.178942 -0.0952413) (0.676087 -0.260858 -0.422343) (0.222481 0.253406 -1.2719) (0.23172 0.182335 -0.133992) (-0.262663 0.204539 -0.595234) (0.258541 0.333649 0.330478) (0.0863555 -0.174535 -0.155551) (0.270145 0.141812 -0.116762) (-0.107397 0.0991833 0.348469) (0.267424 0.48998 0.904479) (0.386563 -0.535762 1.29978) (0.178794 -0.421818 -0.106147) (0.159625 -0.0378942 0.444303) (0.410959 0.199347 -0.0438812) (0.260502 0.00882287 -0.494937) (0.598124 -0.35595 -0.674194) (0.662419 -0.0243815 1.14154) (0.165838 -0.0751155 -0.810313) (-0.102308 -0.0757935 0.0630402) (0.283066 0.271526 -0.0653014) (0.244408 0.102517 -0.212405) (0.0635066 0.171767 -0.234351) (0.43567 0.268687 -0.203209) (-0.0127903 0.0378357 0.142115) (-0.0403827 -0.159921 -0.0974746)
174           (0.580167 0.185892 0.169468) (0.0836887 0.0930073 -0.114934) (-0.000666094 -0.0288033 -0.0300325) (0.0739274 0.0169353 -0.224906) (-0.291766 0.178579 0.115295) (0.0488276 -0.17697 -0.0987684) (0.697895 -0.253535 -0.388155) (0.232337 0.254119 -1.27059) (0.209697 0.175179 -0.136136) (-0.259548 0.188575 -0.588096) (0.240862 0.349113 0.353672) (0.0801488 -0.175264 -0.15922) (0.277349 0.144361 -0.12218) (-0.103878 0.077042 0.358693) (0.273859 0.484409 0.881589) (0.391019 -0.536108 1.30226) (0.134501 -0.445449 -0.120027) (0.151594 -0.0377276 0.438546) (0.41863 0.193342 -0.0427607) (0.273782 0.00813865 -0.495878) (0.625911 -0.325494 -0.612593) (0.675637 -0.0312327 1.13922) (0.147038 -0.0697029 -0.80198) (-0.109795 -0.103032 0.0505267) (0.294326 0.268845 -0.0678853) (0.205242 0.0860774 -0.21341) (0.0601023 0.167641 -0.223456) (0.437207 0.260944 -0.216182) (-0.00615322 0.00695526 0.116658) (-0.0448286 -0.158208 -0.0917313)
176           (0.592038 0.176558 0.156603) (0.0889678 0.100666 -0.121986) (-0.0192549 -0.0219315 -0.0320618) (0.0777811 0.024379 -0.229219) (-0.289104 0.16866 0.116112) (0.0433971 -0.175892 -0.103347) (0.710354 -0.243923 -0.354661) (0.237912 0.256943 -1.27349) (0.181382 0.16957 -0.145215) (-0.257816 0.172759 -0.569553) (0.219463 0.359885 0.375489) (0.0756491 -0.17595 -0.164057) (0.281172 0.144273 -0.126645) (-0.102402 0.0511812 0.367937) (0.275711 0.4796 0.860849) (0.392865 -0.537011 1.30613) (0.0942464 -0.461668 -0.130531) (0.142329 -0.0357569 0.432514) (0.422893 0.18842 -0.0407902) (0.287439 0.00704399 -0.491726) (0.655693 -0.297774 -0.55231) (0.684434 -0.0333779 1.1362) (0.128226 -0.060525 -0.79074) (-0.115007 -0.129948 0.0357853) (0.304819 0.265808 -0.0687971) (0.166983 0.0682523 -0.182154) (0.0587125 0.147117 -0.218592) (0.44912 0.249388 -0.221807) (-0.00963825 -0.0273984 0.0708717) (-0.0483036 -0.157926 -0.0863652)
178           (0.599057 0.170442 0.146693) (0.0933965 0.103723 -0.125427) (-0.0385242 -0.00982762 -0.0273426) (0.0767112 0.0329056 -0.232505) (-0.267548 0.147737 0.108937) (0.0389846 -0.176023 -0.108911) (0.714868 -0.233149 -0.322692) (0.237777 0.261001 -1.27989) (0.146815 0.164946 -0.163171) (-0.254664 0.159632 -0.540324) (0.189562 0.363716 0.395009) (0.0723267 -0.176895 -0.169842) (0.278633 0.14316 -0.129009) (-0.102822 0.0234406 0.377225) (0.273706 0.47529 0.843823) (0.392603 -0.541365 1.31113) (0.0600487 -0.471364 -0.135331) (0.132711 -0.0329679 0.42551) (0.425226 0.183832 -0.0391691) (0.298712 0.00586652 -0.481489) (0.68636 -0.272306 -0.496575) (0.688838 -0.0301419 1.13482) (0.108767 -0.0483107 -0.77427) (-0.119232 -0.156366 0.0188428) (0.31391 0.262764 -0.0690691) (0.131713 0.0499773 -0.131843) (0.0578916 0.116736 -0.219493) (0.470301 0.234622 -0.220157) (-0.0233064 -0.0605075 0.0217414) (-0.0504106 -0.159165 -0.0823541)
180           (0.603445 0.167768 0.13982) (0.0977419 0.102306 -0.1296) (-0.0579961 0.011443 -0.0081206) (0.0713797 0.0408723 -0.234192) (-0.22459 0.11517 0.090784) (0.0352736 -0.177146 -0.115284) (0.713465 -0.221445 -0.291935) (0.230912 0.265214 -1.28946) (0.111215 0.160225 -0.196175) (-0.252456 0.148844 -0.505112) (0.154198 0.360543 0.409583) (0.0696692 -0.17807 -0.176372) (0.270511 0.139607 -0.127295) (-0.105604 -0.00325832 0.388716) (0.269262 0.470355 0.830358) (0.391414 -0.551413 1.31803) (0.0328856 -0.471812 -0.130185) (0.123736 -0.0280617 0.418657) (0.424481 0.17958 -0.0368642) (0.305697 0.00494792 -0.466757) (0.71606 -0.246438 -0.446229) (0.687749 -0.0227637 1.13579) (0.0867572 -0.0307627 -0.75087) (-0.122825 -0.182543 -0.000382217) (0.322131 0.260128 -0.0687282) (0.104087 0.0321316 -0.0751218) (0.0584628 0.0867412 -0.223805) (0.495878 0.219784 -0.211357) (-0.0417807 -0.086321 -0.015006) (-0.051563 -0.161206 -0.0805706)
182           (0.605551 0.167482 0.134637) (0.103277 0.099613 -0.136397) (-0.0806726 0.0437027 0.0243157) (0.0634895 0.0471553 -0.234156) (-0.164501 0.0699602 0.053841) (0.0324401 -0.179005 -0.122655) (0.707337 -0.208177 -0.260698) (0.217706 0.268269 -1.29797) (0.0814037 0.155579 -0.251506) (-0.252922 0.141062 -0.463932) (0.114831 0.349686 0.421147) (0.0676276 -0.179387 -0.183567) (0.257516 0.133257 -0.123723) (-0.112074 -0.0210873 0.401733) (0.262424 0.464545 0.818695) (0.389938 -0.567389 1.32684) (0.0156578 -0.462051 -0.110959) (0.113907 -0.0210103 0.412052) (0.422139 0.175104 -0.0334614) (0.307576 0.0047146 -0.441492) (0.743203 -0.218969 -0.397642) (0.682246 -0.0118164 1.13952) (0.0619251 -0.00576807 -0.714661) (-0.124786 -0.207625 -0.021153) (0.330228 0.257935 -0.0672657) (0.0897376 0.01508 -0.0205659) (0.0604014 0.0640106 -0.228367) (0.519597 0.20703 -0.19737) (-0.0644085 -0.108208 -0.0383759) (-0.0520451 -0.162939 -0.081171)
184           (0.607664 0.168386 0.130122) (0.107066 0.0948773 -0.146828) (-0.117228 0.089576 0.0488237) (0.0546606 0.0520448 -0.23141) (-0.0952555 0.0111512 -0.0048805) (0.0301896 -0.181642 -0.1311) (0.699196 -0.194173 -0.229993) (0.197847 0.269321 -1.30113) (0.0621253 0.152942 -0.325458) (-0.25681 0.136196 -0.417676) (0.0721679 0.330594 0.426667) (0.0661308 -0.180943 -0.191422) (0.24173 0.122757 -0.119261) (-0.122347 -0.0275201 0.414795) (0.253706 0.458829 0.809198) (0.388396 -0.588922 1.33812) (0.00833227 -0.441946 -0.0747262) (0.103988 -0.0115202 0.405703) (0.420378 0.170782 -0.0279855) (0.302981 0.00210854 -0.408605) (0.767241 -0.189944 -0.350299) (0.673759 0.00174623 1.14419) (0.0350193 0.027758 -0.661506) (-0.123707 -0.229585 -0.0399903) (0.339255 0.255668 -0.0651061) (0.0913314 -0.000316531 0.0314575) (0.0638841 0.0501596 -0.229146) (0.537408 0.198998 -0.180711) (-0.0831819 -0.121242 -0.0451734) (-0.0519154 -0.164167 -0.0839117)
186           (0.606759 0.16761 0.125048) (0.10918 0.0878685 -0.15986) (-0.156688 0.139318 0.0494658) (0.0445843 0.0557018 -0.225122) (-0.0196559 -0.0610081 -0.0829867) (0.0285542 -0.184708 -0.140954) (0.685422 -0.179622 -0.202792) (0.170471 0.266426 -1.29641) (0.049692 0.152771 -0.40247) (-0.264462 0.134055 -0.368229) (0.0273903 0.302973 0.422184) (0.0652158 -0.182511 -0.200144) (0.225699 0.10821 -0.116194) (-0.136321 -0.0219089 0.42809) (0.244169 0.45487 0.801486) (0.387507 -0.614545 1.35176) (0.0102077 -0.415027 -0.0222138) (0.0946218 0.000218534 0.399309) (0.421959 0.166885 -0.0199979) (0.293548 -0.00217557 -0.364295) (0.787066 -0.160553 -0.305754) (0.663648 0.0159222 1.14916) (0.00694773 0.0667652 -0.593708) (-0.119359 -0.24764 -0.0562593) (0.350941 0.251765 -0.0633284) (0.10928 -0.0173426 0.0830452) (0.067893 0.0435371 -0.223964) (0.546512 0.197104 -0.163604) (-0.10005 -0.128408 -0.0404023) (-0.0506984 -0.166046 -0.0882695)
188           (0.607682 0.160966 0.11797) (0.10767 0.0773852 -0.17034) (-0.185405 0.180019 0.0302313) (0.031657 0.0596839 -0.212824) (0.0439025 -0.140416 -0.159269) (0.0260522 -0.188238 -0.151018) (0.668729 -0.168543 -0.178919) (0.136506 0.257657 -1.2766) (0.0419733 0.152508 -0.474886) (-0.275362 0.133567 -0.317402) (-0.0118634 0.264838 0.403822) (0.0644934 -0.184154 -0.209229) (0.211136 0.0897574 -0.119893) (-0.151065 -0.00646563 0.441248) (0.235256 0.451984 0.791674) (0.388285 -0.642436 1.36673) (0.0194551 -0.389751 0.0429623) (0.0866936 0.0134374 0.393415) (0.427691 0.162037 -0.0101919) (0.280106 -0.00845926 -0.310852) (0.802351 -0.133449 -0.266422) (0.652432 0.0279678 1.15108) (-0.0219305 0.103645 -0.513041) (-0.112448 -0.262368 -0.070757) (0.366184 0.247392 -0.0629921) (0.13944 -0.0377967 0.141372) (0.0713596 0.0403892 -0.21343) (0.545692 0.201088 -0.148178) (-0.114405 -0.132597 -0.0287597) (-0.0482255 -0.169212 -0.0931932)
190           (0.607832 0.145238 0.107472) (0.108948 0.0666917 -0.173877) (-0.196462 0.195679 -0.00422004) (0.0173824 0.0626326 -0.193837) (0.0866842 -0.2065 -0.207007) (0.0239249 -0.191643 -0.159856) (0.644063 -0.159226 -0.162007) (0.101871 0.244439 -1.24162) (0.0411813 0.148931 -0.543025) (-0.285269 0.131551 -0.267165) (-0.0406056 0.224219 0.371521) (0.0645094 -0.185901 -0.217927) (0.205725 0.06943 -0.133096) (-0.165447 0.0168502 0.453815) (0.226609 0.449542 0.780552) (0.389619 -0.668736 1.38302) (0.0277242 -0.373824 0.109188) (0.0807344 0.025691 0.386031) (0.44198 0.157537 -0.000487453) (0.268984 -0.0152831 -0.255845) (0.8127 -0.11246 -0.239578) (0.640613 0.0378416 1.15052) (-0.0501 0.132059 -0.433564) (-0.104176 -0.273411 -0.0833549) (0.38408 0.240309 -0.0650234) (0.178202 -0.0624739 0.196632) (0.0736213 0.0382005 -0.201291) (0.535175 0.208623 -0.137333) (-0.127171 -0.133848 -0.0155206) (-0.0453263 -0.172426 -0.0979793)
192           (0.609955 0.120033 0.0917918) (0.107927 0.0571585 -0.169336) (-0.191963 0.183274 -0.0515) (0.00337702 0.0653867 -0.167809) (0.12351 -0.264107 -0.227708) (0.0211393 -0.194613 -0.166047) (0.615817 -0.156047 -0.151204) (0.0666617 0.229771 -1.19765) (0.0338387 0.137889 -0.608973) (-0.295831 0.128393 -0.220623) (-0.0437949 0.176915 0.327082) (0.0640715 -0.188118 -0.22577) (0.210617 0.0469083 -0.160495) (-0.177644 0.0462858 0.465241) (0.215718 0.445582 0.76738) (0.391841 -0.692238 1.39984) (0.0247792 -0.369081 0.168306) (0.078178 0.0373067 0.377061) (0.462498 0.154698 0.00190776) (0.258653 -0.0247837 -0.210322) (0.818829 -0.101591 -0.229117) (0.629549 0.0445666 1.14717) (-0.0756523 0.146154 -0.373108) (-0.0962865 -0.281804 -0.0948969) (0.403796 0.233454 -0.068238) (0.223111 -0.0939556 0.249158) (0.0760764 0.0359972 -0.190188) (0.516849 0.216522 -0.128497) (-0.138005 -0.131645 -0.00214788) (-0.043302 -0.174789 -0.102275)
194           (0.605993 0.0896803 0.0754143) (0.107024 0.0463041 -0.15725) (-0.171578 0.153398 -0.101163) (-0.00620922 0.064162 -0.136944) (0.147554 -0.299446 -0.226308) (0.0181363 -0.197729 -0.167879) (0.572864 -0.149943 -0.150234) (0.0350193 0.214621 -1.15186) (0.0267956 0.124556 -0.673611) (-0.307067 0.119326 -0.174973) (-0.0272164 0.137199 0.290661) (0.0601799 -0.189903 -0.23155) (0.224822 0.0276027 -0.197989) (-0.189538 0.0782026 0.476879) (0.200826 0.442429 0.75612) (0.392675 -0.713764 1.41618) (0.0190172 -0.36836 0.216488) (0.0760018 0.0454622 0.365498) (0.483586 0.156886 -0.00690191) (0.252027 -0.0375864 -0.176734) (0.82128 -0.104851 -0.235614) (0.617756 0.049748 1.14212) (-0.0955087 0.147698 -0.339518) (-0.0897644 -0.287962 -0.105781) (0.420576 0.226715 -0.0730749) (0.265599 -0.126679 0.294634) (0.0786738 0.033401 -0.181402) (0.493796 0.223017 -0.120891) (-0.14956 -0.125121 0.0107055) (-0.0431315 -0.176498 -0.105397)
196           (0.595642 0.0501129 0.0611396) (0.101435 0.0223028 -0.146992) (-0.141987 0.120115 -0.153402) (-0.0101169 0.0603823 -0.0999568) (0.167856 -0.328314 -0.21243) (0.0153924 -0.198975 -0.165797) (0.522803 -0.145735 -0.157317) (0.0132266 0.200664 -1.12002) (0.0208324 0.106502 -0.74165) (-0.318203 0.106665 -0.126783) (-0.00162345 0.101201 0.262495) (0.0549867 -0.192959 -0.235476) (0.244249 0.00626624 -0.239037) (-0.199912 0.107189 0.487976) (0.184106 0.437809 0.746967) (0.392699 -0.733564 1.43301) (0.00816496 -0.369612 0.255868) (0.072819 0.0528491 0.355266) (0.499478 0.16341 -0.0260144) (0.244529 -0.0524196 -0.152364) (0.822012 -0.121541 -0.259279) (0.606393 0.0536212 1.13455) (-0.112527 0.141922 -0.320747) (-0.0849346 -0.292601 -0.117501) (0.435847 0.220646 -0.0787965) (0.302835 -0.16263 0.334265) (0.0825169 0.0290823 -0.175467) (0.469356 0.227824 -0.113511) (-0.157145 -0.11075 0.0234186) (-0.0443325 -0.178463 -0.107758)
198           (0.570128 0.00482171 0.0470331) (0.093516 -0.00667948 -0.150476) (-0.122291 0.103677 -0.204546) (-0.00791422 0.0531821 -0.0540466) (0.180449 -0.339558 -0.197327) (0.0125813 -0.198401 -0.160844) (0.464809 -0.133148 -0.179404) (0.00390566 0.19026 -1.10987) (0.0173425 0.0802103 -0.826209) (-0.328484 0.0880919 -0.0730884) (0.0265013 0.0718776 0.234691) (0.0497784 -0.196081 -0.237571) (0.265546 -0.0189572 -0.279669) (-0.207829 0.1329 0.50028) (0.165165 0.432889 0.742464) (0.389945 -0.751394 1.4484) (-0.00746902 -0.367899 0.291746) (0.0697667 0.058909 0.347375) (0.512238 0.175569 -0.0482215) (0.235223 -0.0682956 -0.130293) (0.820514 -0.150362 -0.296973) (0.595915 0.0587542 1.12371) (-0.131105 0.132219 -0.310614) (-0.0804566 -0.2961 -0.128925) (0.448766 0.215451 -0.0843072) (0.335032 -0.197119 0.368877) (0.0899295 0.024286 -0.172838) (0.447258 0.230651 -0.106425) (-0.161857 -0.0879186 0.0357118) (-0.0453899 -0.180906 -0.109424)
200           (0.502028 -0.0522133 0.0452524) (0.0849025 -0.043588 -0.1658) (-0.127755 0.113345 -0.252128) (0.00278096 0.0398233 -0.0057432) (0.185723 -0.342005 -0.185664) (0.0104311 -0.1967 -0.153785) (0.406922 -0.109115 -0.209596) (0.00587328 0.187071 -1.11809) (0.00843894 0.0438456 -0.936948) (-0.339132 0.062513 -0.0128338) (0.0455297 0.0461664 0.204376) (0.044418 -0.200423 -0.238277) (0.279872 -0.0510127 -0.311917) (-0.213155 0.157005 0.512134) (0.147043 0.427773 0.741859) (0.387014 -0.7679 1.4618) (-0.0261491 -0.363286 0.326825) (0.0629048 0.0673481 0.340286) (0.5189 0.184218 -0.065783) (0.222556 -0.0850564 -0.111914) (0.817307 -0.189184 -0.345245) (0.582716 0.0663877 1.11283) (-0.152389 0.118529 -0.308162) (-0.076607 -0.298607 -0.140134) (0.457766 0.209627 -0.0896315) (0.361104 -0.23087 0.396592) (0.101073 0.0204159 -0.17375) (0.430017 0.234013 -0.099152) (-0.162179 -0.0512063 0.0422998) (-0.0458749 -0.183762 -0.110224)
202           (0.40823 -0.106846 0.055799) (0.076188 -0.0684652 -0.184109) (-0.153888 0.140412 -0.293142) (0.0171642 0.0169326 0.0480389) (0.184837 -0.332848 -0.187848) (0.00850923 -0.193596 -0.145738) (0.356642 -0.0736506 -0.240376) (0.0158489 0.19316 -1.14173) (-0.00998324 -0.00424404 -1.0821) (-0.350365 0.0320008 0.0580449) (0.0556051 0.01506 0.1605) (0.0382602 -0.205159 -0.238105) (0.277516 -0.0856321 -0.317012) (-0.217346 0.17807 0.518385) (0.128976 0.422033 0.743269) (0.382051 -0.78049 1.47038) (-0.0486391 -0.355323 0.360459) (0.0547616 0.0737755 0.336795) (0.521334 0.192982 -0.074976) (0.210347 -0.101404 -0.0932393) (0.811893 -0.231377 -0.39502) (0.569044 0.0798888 1.10012) (-0.179391 0.104113 -0.308462) (-0.0727565 -0.300595 -0.152009) (0.463054 0.204567 -0.0945886) (0.379862 -0.258027 0.419535) (0.117118 0.0187344 -0.17728) (0.41853 0.238259 -0.0930637) (-0.15884 -0.00358104 0.0397501) (-0.045571 -0.186512 -0.109522)
204           (0.352865 -0.140526 0.069517) (0.0787162 -0.0862386 -0.202106) (-0.183167 0.166858 -0.329285) (0.0303819 -0.0124924 0.103393) (0.177626 -0.315619 -0.202012) (0.00820892 -0.189569 -0.137729) (0.317791 -0.040264 -0.262302) (0.0287549 0.206777 -1.17338) (-0.0313392 -0.0566816 -1.24123) (-0.354885 -0.00636603 0.146173) (0.0532324 -0.019575 0.0930274) (0.030927 -0.21051 -0.237026) (0.263766 -0.115042 -0.296056) (-0.21938 0.200379 0.519571) (0.115819 0.416818 0.748116) (0.37548 -0.789883 1.47367) (-0.0745435 -0.346603 0.390083) (0.0465765 0.0781924 0.335626) (0.518526 0.199164 -0.078021) (0.197752 -0.116932 -0.076725) (0.805889 -0.273247 -0.436636) (0.554484 0.101705 1.08833) (-0.211824 0.0876898 -0.308657) (-0.0676543 -0.302225 -0.163271) (0.464719 0.200621 -0.0994021) (0.392401 -0.27854 0.437602) (0.136666 0.0186786 -0.182342) (0.414981 0.243764 -0.0920695) (-0.152029 0.0541614 0.028237) (-0.0448251 -0.188252 -0.10711)
206           (0.326429 -0.167881 0.069025) (0.0795615 -0.104491 -0.213734) (-0.20668 0.183982 -0.360833) (0.038668 -0.0482855 0.156279) (0.169403 -0.292475 -0.223484) (0.00957083 -0.1855 -0.130411) (0.288779 -0.0146811 -0.273649) (0.0399507 0.222551 -1.20241) (-0.0522364 -0.108435 -1.3816) (-0.343579 -0.0592738 0.264847) (0.0482303 -0.052516 -0.0106835) (0.022132 -0.216622 -0.234842) (0.250678 -0.135992 -0.265167) (-0.221132 0.224661 0.514912) (0.107193 0.413368 0.752) (0.367234 -0.794438 1.47313) (-0.101172 -0.340429 0.407487) (0.0390623 0.0804872 0.337424) (0.514839 0.203845 -0.0770397) (0.184181 -0.129474 -0.062782) (0.802856 -0.312311 -0.46068) (0.539527 0.129892 1.07728) (-0.250857 0.0697787 -0.305914) (-0.0606413 -0.303609 -0.173712) (0.463261 0.197732 -0.104821) (0.399619 -0.292226 0.451991) (0.157025 0.0192489 -0.188423) (0.41853 0.250143 -0.0981577) (-0.144547 0.107721 0.0122939) (-0.0442761 -0.188581 -0.103799)
208           (0.312136 -0.19466 0.0585893) (0.076851 -0.124838 -0.21906) (-0.212743 0.190328 -0.385944) (0.0380111 -0.0858362 0.205475) (0.15924 -0.263309 -0.242679) (0.0116712 -0.182077 -0.123598) (0.267612 0.00257632 -0.27958) (0.0451967 0.232364 -1.22354) (-0.0643606 -0.151236 -1.49663) (-0.31999 -0.125706 0.401174) (0.0324282 -0.072072 -0.15879) (0.0127508 -0.223106 -0.231356) (0.242593 -0.15085 -0.242275) (-0.221445 0.249535 0.506388) (0.105136 0.411896 0.753348) (0.360413 -0.79468 1.46786) (-0.124976 -0.336102 0.410643) (0.0339198 0.0794757 0.339764) (0.510096 0.207181 -0.0746308) (0.168248 -0.139264 -0.0529575) (0.801641 -0.34933 -0.467846) (0.524408 0.164495 1.06563) (-0.294763 0.0495353 -0.301976) (-0.0532899 -0.304569 -0.182031) (0.459865 0.195818 -0.111306) (0.402607 -0.299584 0.46295) (0.173245 0.0207945 -0.196216) (0.428453 0.256684 -0.113313) (-0.138849 0.143585 -0.00207291) (-0.0439609 -0.187321 -0.10125)
210           (0.305215 -0.219917 0.0400366) (0.0707422 -0.144723 -0.215654) (-0.195676 0.183074 -0.394946) (0.0222286 -0.123487 0.252661) (0.146598 -0.236158 -0.248194) (0.0122158 -0.178948 -0.117432) (0.255996 0.0132735 -0.28267) (0.0453187 0.233654 -1.22807) (-0.0662941 -0.18862 -1.56821) (-0.293145 -0.185145 0.513626) (0.00961084 -0.0768601 -0.31369) (0.00131942 -0.230724 -0.226166) (0.241966 -0.16025 -0.23283) (-0.221636 0.271133 0.493612) (0.108171 0.411648 0.7499) (0.35488 -0.789896 1.45902) (-0.139972 -0.333152 0.401773) (0.0286905 0.0765298 0.341701) (0.502917 0.209015 -0.0737531) (0.150268 -0.146367 -0.0457316) (0.803147 -0.381846 -0.452629) (0.509379 0.201923 1.05457) (-0.338247 0.0278336 -0.29814) (-0.0464873 -0.305958 -0.190071) (0.453412 0.195812 -0.117977) (0.40211 -0.299307 0.471405) (0.18495 0.0216604 -0.204616) (0.442729 0.261858 -0.137969) (-0.132614 0.165918 -0.014625) (-0.0439817 -0.185116 -0.101135)
212           (0.30571 -0.23637 0.0202502) (0.0596781 -0.161432 -0.20352) (-0.159701 0.162169 -0.384748) (-0.00542742 -0.161351 0.298146) (0.128671 -0.215036 -0.239435) (0.0109857 -0.175699 -0.112579) (0.249483 0.0194746 -0.281821) (0.0398991 0.228149 -1.21703) (-0.063103 -0.219939 -1.62134) (-0.265754 -0.230558 0.594517) (-0.00431851 -0.0880072 -0.430993) (-0.0103465 -0.238511 -0.218394) (0.247575 -0.16279 -0.23198) (-0.222033 0.288014 0.4771) (0.116418 0.41224 0.741037) (0.349877 -0.782992 1.44839) (-0.14677 -0.329598 0.38341) (0.0234361 0.0713988 0.342893) (0.497888 0.209595 -0.0746808) (0.130161 -0.150014 -0.0396037) (0.805253 -0.411649 -0.424358) (0.495054 0.239771 1.0416) (-0.375842 0.00871416 -0.298428) (-0.0410733 -0.306727 -0.197331) (0.444296 0.196983 -0.124683) (0.399151 -0.292704 0.477432) (0.190486 0.0197908 -0.212825) (0.457055 0.26441 -0.171619) (-0.125119 0.178179 -0.0214159) (-0.0438621 -0.183048 -0.104139)
214           (0.315869 -0.239816 0.00585433) (0.0484724 -0.174211 -0.183277) (-0.119789 0.134311 -0.358275) (-0.0413442 -0.199369 0.335052) (0.111139 -0.201133 -0.217878) (0.00941183 -0.173319 -0.108486) (0.245691 0.023737 -0.274135) (0.029092 0.21788 -1.19315) (-0.0556072 -0.246337 -1.65072) (-0.237926 -0.256612 0.643904) (-0.0111864 -0.0942132 -0.505956) (-0.0227034 -0.25099 -0.207694) (0.254561 -0.157334 -0.234385) (-0.222049 0.299252 0.458256) (0.126364 0.411327 0.727534) (0.346105 -0.773296 1.43734) (-0.144217 -0.32399 0.359899) (0.0162993 0.066409 0.34223) (0.491449 0.20867 -0.0772551) (0.107198 -0.151264 -0.035173) (0.808683 -0.438721 -0.382728) (0.481442 0.274136 1.02622) (-0.405011 -0.00581617 -0.301846) (-0.0375716 -0.306774 -0.20507) (0.433648 0.19914 -0.129919) (0.394683 -0.281255 0.480484) (0.192001 0.014675 -0.221875) (0.467955 0.261853 -0.211584) (-0.114895 0.185764 -0.0219251) (-0.0441879 -0.181207 -0.109895)
216           (0.332955 -0.234511 0.0083881) (0.0387359 -0.180962 -0.158998) (-0.0958225 0.105957 -0.319022) (-0.0824117 -0.235078 0.362148) (0.0974604 -0.193255 -0.189527) (0.0081372 -0.172288 -0.104506) (0.243546 0.0255096 -0.260605) (0.0144015 0.202669 -1.16278) (-0.0444142 -0.263777 -1.66476) (-0.210645 -0.267647 0.662817) (-0.0131897 -0.0877191 -0.537778) (-0.0355071 -0.264267 -0.195783) (0.259944 -0.144265 -0.233881) (-0.222852 0.304329 0.436457) (0.136093 0.41083 0.712444) (0.342249 -0.763649 1.42668) (-0.133712 -0.316304 0.338067) (0.00400531 0.061726 0.342) (0.482426 0.207056 -0.0810517) (0.0820019 -0.149873 -0.0326619) (0.813103 -0.464607 -0.331968) (0.469224 0.303361 1.00708) (-0.42605 -0.0133702 -0.303707) (-0.0371819 -0.305617 -0.212803) (0.421261 0.203108 -0.133237) (0.388415 -0.265108 0.480874) (0.191127 0.0069403 -0.23159) (0.472611 0.254149 -0.252633) (-0.101666 0.192075 -0.0155941) (-0.045836 -0.178876 -0.117441)
218           (0.355681 -0.216114 0.0273729) (0.0360557 -0.179208 -0.132357) (-0.0944115 0.081434 -0.276861) (-0.124213 -0.272025 0.380903) (0.0898225 -0.186605 -0.160178) (0.0081106 -0.171398 -0.101093) (0.238885 0.0291578 -0.241713) (-7.76126e-05 0.187029 -1.12266) (-0.0322458 -0.273454 -1.66987) (-0.181363 -0.265081 0.664234) (-0.0107257 -0.0688243 -0.536986) (-0.0474239 -0.277493 -0.183439) (0.26438 -0.124238 -0.228773) (-0.223539 0.305728 0.410871) (0.145507 0.410815 0.695859) (0.335246 -0.754862 1.41628) (-0.118188 -0.308111 0.320856) (-0.0157343 0.0564767 0.343548) (0.47431 0.208637 -0.0863485) (0.054272 -0.1457 -0.0326683) (0.817092 -0.488871 -0.277564) (0.459225 0.324393 0.980117) (-0.436877 -0.0136944 -0.301423) (-0.0385325 -0.301761 -0.220233) (0.407568 0.206816 -0.135745) (0.381923 -0.245712 0.477888) (0.189895 -0.00360483 -0.24218) (0.472787 0.242079 -0.290138) (-0.0852488 0.200721 -0.00446362) (-0.047875 -0.177013 -0.125212)
220           (0.386125 -0.192811 0.0544717) (0.0404588 -0.174253 -0.103939) (-0.10279 0.0574823 -0.242478) (-0.167747 -0.312207 0.393439) (0.0873071 -0.179218 -0.135246) (0.00834506 -0.170409 -0.0982443) (0.235894 0.0287193 -0.21193) (-0.014798 0.17244 -1.08647) (-0.0222772 -0.276772 -1.67059) (-0.151369 -0.252663 0.654286) (-0.00334307 -0.0427644 -0.511515) (-0.0578351 -0.288786 -0.171148) (0.263033 -0.10029 -0.218112) (-0.223046 0.300829 0.382666) (0.15343 0.410072 0.681101) (0.327746 -0.748565 1.40685) (-0.100911 -0.300805 0.310561) (-0.0389174 0.0511776 0.346231) (0.460922 0.210808 -0.0922241) (0.0223824 -0.139017 -0.0349198) (0.821746 -0.512875 -0.223127) (0.447643 0.338506 0.9502) (-0.436086 -0.0102102 -0.291912) (-0.0433808 -0.295492 -0.227049) (0.394582 0.210505 -0.13718) (0.373281 -0.224683 0.471603) (0.190889 -0.0175333 -0.254955) (0.468257 0.225186 -0.32198) (-0.0648242 0.208013 0.00903769) (-0.050746 -0.174829 -0.132317)
222           (0.426812 -0.164154 0.0767975) (0.0440209 -0.166236 -0.0722527) (-0.113091 0.0350931 -0.223328) (-0.209636 -0.352648 0.399786) (0.0871103 -0.173347 -0.116335) (0.00770826 -0.169673 -0.0960798) (0.23782 0.0254707 -0.180697) (-0.025101 0.164728 -1.05627) (-0.0139912 -0.275009 -1.66824) (-0.124203 -0.232718 0.642921) (0.00615003 -0.0136936 -0.474109) (-0.0665485 -0.298206 -0.159686) (0.256656 -0.0760079 -0.201833) (-0.221923 0.292901 0.3516) (0.15968 0.411432 0.66819) (0.31926 -0.745288 1.39823) (-0.0829474 -0.294588 0.308381) (-0.0584046 0.0489991 0.345858) (0.447004 0.214808 -0.100417) (-0.014051 -0.129278 -0.0385364) (0.824984 -0.535759 -0.17172) (0.434437 0.348187 0.917201) (-0.423685 -0.00857159 -0.278305) (-0.0508403 -0.287239 -0.233449) (0.381752 0.212589 -0.138329) (0.362402 -0.203357 0.462529) (0.195744 -0.0350181 -0.269846) (0.462566 0.206402 -0.346166) (-0.0397788 0.215712 0.0221504) (-0.0548842 -0.173012 -0.1377)
224           (0.477899 -0.125455 0.0848122) (0.0407052 -0.149406 -0.0331823) (-0.119791 0.0209857 -0.223578) (-0.248696 -0.392706 0.400016) (0.0858176 -0.169378 -0.103127) (0.00668557 -0.169829 -0.0942439) (0.251452 0.0192483 -0.147601) (-0.0302816 0.16618 -1.04176) (-0.0103104 -0.266174 -1.65787) (-0.102604 -0.210185 0.63442) (0.0143588 0.0131798 -0.435961) (-0.0747222 -0.305526 -0.149078) (0.246307 -0.051645 -0.180555) (-0.218685 0.28229 0.319927) (0.163699 0.412252 0.657156) (0.309699 -0.743625 1.39075) (-0.0669684 -0.289384 0.313179) (-0.0711239 0.0491737 0.343266) (0.435923 0.217847 -0.110233) (-0.0540963 -0.117798 -0.0434514) (0.825317 -0.55913 -0.12552) (0.417418 0.358277 0.883641) (-0.400836 -0.0118615 -0.274151) (-0.0603449 -0.276836 -0.23841) (0.368629 0.213001 -0.138355) (0.350963 -0.183436 0.452106) (0.203611 -0.0543555 -0.287071) (0.458993 0.187293 -0.363117) (-0.0148671 0.218368 0.0322686) (-0.0603054 -0.170475 -0.140468)
226           (0.540086 -0.0751597 0.0806619) (0.0299977 -0.11333 0.00844391) (-0.120436 0.0122166 -0.242699) (-0.281645 -0.423516 0.39716) (0.0850038 -0.168049 -0.0947924) (0.00712224 -0.169452 -0.0932696) (0.273956 0.010285 -0.107513) (-0.0338151 0.173466 -1.04609) (-0.0113182 -0.247155 -1.63412) (-0.0821952 -0.186799 0.631963) (0.0196568 0.0333824 -0.412648) (-0.0794472 -0.310912 -0.139591) (0.239386 -0.0290982 -0.15463) (-0.212614 0.270794 0.286971) (0.163616 0.412025 0.647783) (0.299922 -0.744037 1.38366) (-0.0507323 -0.28604 0.31969) (-0.0782014 0.04803 0.340997) (0.431008 0.217887 -0.122218) (-0.0936441 -0.103379 -0.0527451) (0.824161 -0.581534 -0.088274) (0.397294 0.371756 0.848562) (-0.378277 -0.0230184 -0.287175) (-0.0689957 -0.263858 -0.242112) (0.357013 0.210724 -0.138485) (0.339294 -0.169344 0.439314) (0.215523 -0.0783005 -0.308278) (0.459021 0.169368 -0.374905) (0.00644879 0.215462 0.0381354) (-0.0644685 -0.168304 -0.14037)
228           (0.617262 -0.0159727 0.0650311) (0.0493143 -0.0553539 0.0272224) (-0.118506 0.0106966 -0.270478) (-0.309922 -0.450522 0.389264) (0.0825536 -0.16837 -0.0913272) (0.00723168 -0.170048 -0.0925905) (0.31033 -0.0073216 -0.0696028) (-0.0371375 0.182364 -1.0585) (-0.0106066 -0.221498 -1.59633) (-0.068761 -0.16043 0.634385) (0.0219256 0.047315 -0.393807) (-0.0836566 -0.315676 -0.130736) (0.221326 -0.0117267 -0.122629) (-0.204957 0.257555 0.255446) (0.1652 0.410125 0.640485) (0.289548 -0.744715 1.3779) (-0.0338236 -0.282335 0.326911) (-0.0829348 0.0458397 0.338181) (0.427316 0.213901 -0.132597) (-0.139569 -0.0891669 -0.0687964) (0.822898 -0.603019 -0.0586565) (0.373351 0.391852 0.816972) (-0.359573 -0.0366817 -0.320687) (-0.0781731 -0.251074 -0.242651) (0.344457 0.208134 -0.140647) (0.329729 -0.160098 0.433443) (0.225511 -0.10172 -0.330934) (0.462107 0.151855 -0.384594) (0.0234167 0.200293 0.03692) (-0.0700635 -0.165042 -0.136989)
230           (0.666427 0.0575317 0.060916) (0.105421 -0.00412801 0.0199705) (-0.123237 0.0170308 -0.298143) (-0.328357 -0.470998 0.386489) (0.0829326 -0.170769 -0.0899781) (0.00753336 -0.170631 -0.092262) (0.363013 -0.0271651 -0.041433) (-0.0414785 0.190239 -1.07112) (-0.00715307 -0.192195 -1.55333) (-0.0609022 -0.136898 0.637505) (0.0227246 0.054424 -0.380917) (-0.0857125 -0.318938 -0.121973) (0.202338 -0.00453988 -0.0959253) (-0.194667 0.246183 0.22523) (0.164826 0.408935 0.631296) (0.280044 -0.746919 1.37258) (-0.0173884 -0.278987 0.333656) (-0.0886863 0.0438262 0.333522) (0.425418 0.210331 -0.139576) (-0.182773 -0.0727036 -0.0861024) (0.819272 -0.623254 -0.0366409) (0.345837 0.420375 0.788658) (-0.344556 -0.049615 -0.370478) (-0.0867467 -0.238582 -0.241384) (0.331618 0.204438 -0.144284) (0.323829 -0.155621 0.431091) (0.233696 -0.125703 -0.35522) (0.464105 0.1375 -0.391679) (0.0323041 0.179849 0.0325081) (-0.0749042 -0.161923 -0.13099)
232           (0.675085 0.11567 0.0703784) (0.116205 0.0186015 0.0114941) (-0.134171 0.022495 -0.315993) (-0.34023 -0.484124 0.385921) (0.0848946 -0.173352 -0.0917777) (0.0079399 -0.171313 -0.0924823) (0.409218 -0.0483871 -0.0154287) (-0.0470347 0.197651 -1.08031) (-0.00341011 -0.162338 -1.51624) (-0.0540371 -0.115189 0.640677) (0.0221017 0.0560434 -0.372455) (-0.0869604 -0.320965 -0.113476) (0.193068 -0.00602499 -0.0732055) (-0.181248 0.234561 0.196419) (0.164249 0.405469 0.621764) (0.271037 -0.748944 1.36709) (-0.00228428 -0.273764 0.33475) (-0.0926146 0.0401125 0.328919) (0.422821 0.207007 -0.140655) (-0.225498 -0.0554023 -0.110521) (0.81472 -0.639291 -0.0186715) (0.318001 0.455999 0.762457) (-0.332605 -0.0540622 -0.424708) (-0.0943926 -0.22878 -0.237664) (0.323658 0.203037 -0.148461) (0.323655 -0.164356 0.436626) (0.238405 -0.145382 -0.379448) (0.460652 0.124435 -0.399898) (0.034305 0.157709 0.0226312) (-0.0786672 -0.158404 -0.123448)
234           (0.659155 0.161559 0.0912926) (0.106288 0.0321423 -0.00340716) (-0.148067 0.0281313 -0.320788) (-0.347547 -0.496818 0.390959) (0.0873958 -0.176335 -0.0961329) (0.00813555 -0.171962 -0.0930482) (0.447864 -0.0580817 -0.00202565) (-0.0552847 0.199637 -1.08159) (0.00221145 -0.139827 -1.48669) (-0.0501341 -0.0928964 0.641095) (0.0221636 0.0580595 -0.36788) (-0.087205 -0.322304 -0.105821) (0.187994 -0.0150008 -0.0615834) (-0.167703 0.222991 0.171966) (0.165262 0.401429 0.610121) (0.262992 -0.750563 1.36168) (0.0106311 -0.267906 0.332788) (-0.0965013 0.0369422 0.324057) (0.417284 0.203907 -0.135272) (-0.26654 -0.0367717 -0.145603) (0.809459 -0.64924 -0.00428502) (0.29139 0.496111 0.737257) (-0.315596 -0.0504241 -0.466482) (-0.101467 -0.220626 -0.232142) (0.317844 0.202822 -0.152511) (0.329818 -0.180664 0.452812) (0.238024 -0.161629 -0.396455) (0.449571 0.112127 -0.408664) (0.0370643 0.135481 0.0129757) (-0.0821028 -0.155277 -0.11472)
236           (0.6428 0.203454 0.117185) (0.0901179 0.035602 -0.0369642) (-0.158736 0.031166 -0.315317) (-0.352178 -0.508951 0.3981) (0.0905783 -0.179512 -0.100941) (0.0082665 -0.172317 -0.093796) (0.480523 -0.0622941 0.00502421) (-0.0662234 0.19789 -1.07246) (0.00678126 -0.125109 -1.47177) (-0.0479899 -0.07383 0.638875) (0.0235627 0.0608187 -0.361023) (-0.0870358 -0.322643 -0.0985603) (0.196693 -0.0265754 -0.0607856) (-0.153614 0.212129 0.1529) (0.166499 0.396439 0.595384) (0.256011 -0.751042 1.35467) (0.0214411 -0.261814 0.329576) (-0.0994948 0.0330952 0.319751) (0.413185 0.201462 -0.126588) (-0.305068 -0.0145588 -0.192933) (0.803205 -0.652227 0.00607486) (0.267416 0.536761 0.709782) (-0.295921 -0.0422357 -0.493391) (-0.107481 -0.21449 -0.225585) (0.314691 0.203526 -0.156371) (0.340189 -0.206353 0.47592) (0.232064 -0.1743 -0.407249) (0.429018 0.0995442 -0.416149) (0.0417406 0.1173 0.00641177) (-0.0846045 -0.152924 -0.106067)
238           (0.623798 0.241834 0.143225) (0.0797632 0.0321497 -0.0843035) (-0.162694 0.0340075 -0.309393) (-0.355901 -0.521313 0.406384) (0.0939711 -0.181116 -0.105058) (0.00834942 -0.172423 -0.094581) (0.49999 -0.0671774 0.0061343) (-0.0783937 0.192007 -1.05438) (0.0111815 -0.118709 -1.47131) (-0.0481299 -0.0557479 0.634582) (0.0257113 0.0631744 -0.352377) (-0.0861006 -0.322461 -0.0914327) (0.21353 -0.043012 -0.0645728) (-0.138773 0.200245 0.139001) (0.169976 0.39055 0.578004) (0.249378 -0.749636 1.3463) (0.0313819 -0.254716 0.325703) (-0.101455 0.0295491 0.314784) (0.408706 0.199145 -0.117119) (-0.342152 0.0090492 -0.258416) (0.795412 -0.647219 0.0140289) (0.247582 0.574545 0.679079) (-0.272435 -0.0315999 -0.511926) (-0.113086 -0.209721 -0.21924) (0.313593 0.205826 -0.161468) (0.351963 -0.238111 0.504082) (0.220424 -0.183105 -0.411203) (0.399339 0.0853727 -0.419972) (0.0481612 0.10434 0.00500914) (-0.0858439 -0.151067 -0.0983432)
240           (0.608857 0.273591 0.168858) (0.0739364 0.0301547 -0.133205) (-0.159545 0.0349553 -0.303576) (-0.357515 -0.533396 0.41518) (0.0989659 -0.181909 -0.108208) (0.00892055 -0.171944 -0.0954251) (0.503558 -0.0711217 0.00419308) (-0.0885388 0.185406 -1.03203) (0.012772 -0.118172 -1.48395) (-0.051491 -0.0402959 0.622046) (0.0281482 0.0647762 -0.342103) (-0.0844557 -0.321915 -0.0840165) (0.230819 -0.0650257 -0.0781559) (-0.123777 0.186743 0.131902) (0.172704 0.382922 0.556896) (0.245284 -0.746479 1.33658) (0.0406615 -0.247168 0.321324) (-0.101717 0.0255291 0.308385) (0.4056 0.196009 -0.111905) (-0.367154 0.0316336 -0.347215) (0.788067 -0.635387 0.0189784) (0.23293 0.606425 0.645738) (-0.24769 -0.0181089 -0.524587) (-0.117365 -0.205498 -0.213484) (0.313373 0.209004 -0.166646) (0.364019 -0.273915 0.535275) (0.207243 -0.187307 -0.407665) (0.364224 0.0698544 -0.41883) (0.0560966 0.0975284 0.00806798) (-0.0852738 -0.149683 -0.0918823)
242           (0.598327 0.299242 0.190325) (0.0755171 0.0337095 -0.174314) (-0.150575 0.0347181 -0.300219) (-0.356744 -0.544239 0.422486) (0.104236 -0.181841 -0.110622) (0.0101106 -0.171146 -0.096343) (0.499443 -0.0758321 -5.46703e-05) (-0.092329 0.181606 -1.01476) (0.013583 -0.122242 -1.50316) (-0.0572543 -0.0266689 0.601589) (0.0322039 0.066374 -0.330798) (-0.0801679 -0.321157 -0.076743) (0.248166 -0.0885478 -0.0960641) (-0.111123 0.172403 0.133102) (0.174002 0.373805 0.535786) (0.244076 -0.741854 1.32601) (0.0487235 -0.239655 0.317739) (-0.100538 0.0204904 0.303622) (0.411333 0.193598 -0.11227) (-0.373018 0.0489243 -0.44156) (0.783225 -0.617045 0.0210589) (0.225801 0.630877 0.614505) (-0.222017 -0.00219665 -0.526295) (-0.118668 -0.202158 -0.209064) (0.314965 0.21386 -0.170421) (0.37447 -0.309382 0.558697) (0.19703 -0.186841 -0.397772) (0.329141 0.0539825 -0.413299) (0.067679 0.0950451 0.0133846) (-0.0822538 -0.149144 -0.0872722)
244           (0.593759 0.316991 0.20717) (0.0794233 0.0418747 -0.205303) (-0.139831 0.0332781 -0.298555) (-0.353749 -0.5527 0.42767) (0.11007 -0.183489 -0.11069) (0.0112838 -0.171659 -0.0968528) (0.49404 -0.085653 -0.00433205) (-0.0873092 0.184265 -1.01124) (0.0142934 -0.12831 -1.52641) (-0.0606309 -0.016091 0.578296) (0.0376062 0.0674483 -0.31942) (-0.074647 -0.320915 -0.071464) (0.262943 -0.109368 -0.115768) (-0.101007 0.157472 0.143065) (0.174266 0.364865 0.515973) (0.245003 -0.737092 1.31603) (0.0563897 -0.232198 0.315838) (-0.0971989 0.0150746 0.298798) (0.424251 0.190319 -0.116332) (-0.360116 0.0578492 -0.533944) (0.784943 -0.597651 0.021207) (0.229171 0.645857 0.588328) (-0.198166 0.0139532 -0.516913) (-0.116718 -0.200193 -0.205812) (0.319642 0.220292 -0.171458) (0.385608 -0.339098 0.574944) (0.193984 -0.184728 -0.38412) (0.301624 0.0390286 -0.406196) (0.079612 0.0938051 0.0195647) (-0.0773385 -0.149314 -0.0840966)
246           (0.591304 0.33172 0.219898) (0.087257 0.0500609 -0.227112) (-0.128267 0.0312264 -0.299784) (-0.349225 -0.559218 0.428888) (0.116762 -0.187137 -0.10807) (0.0139817 -0.172869 -0.0969057) (0.495624 -0.102518 -0.00797482) (-0.0707759 0.195557 -1.02844) (0.0158911 -0.136912 -1.54998) (-0.0643058 -0.00532335 0.552289) (0.0448306 0.0690575 -0.306407) (-0.0657661 -0.322235 -0.0673298) (0.281658 -0.127203 -0.134686) (-0.0918124 0.145535 0.161881) (0.175791 0.356595 0.496966) (0.247855 -0.732712 1.30864) (0.0647759 -0.227083 0.315597) (-0.0926049 0.00928077 0.296328) (0.447878 0.185872 -0.121241) (-0.33083 0.0533072 -0.618118) (0.788632 -0.571741 0.020587) (0.23918 0.65157 0.570339) (-0.175751 0.0257129 -0.506916) (-0.112521 -0.200201 -0.204687) (0.330976 0.228204 -0.16981) (0.394683 -0.361467 0.575727) (0.19678 -0.182222 -0.368418) (0.27857 0.0242503 -0.397856) (0.0916017 0.0924403 0.0256775) (-0.0711489 -0.149121 -0.0816809)
248           (0.587099 0.347244 0.229966) (0.0929703 0.0599678 -0.2429) (-0.117001 0.0301934 -0.298644) (-0.343273 -0.563 0.427594) (0.117794 -0.188688 -0.103952) (0.0145846 -0.174779 -0.0969279) (0.501082 -0.115733 -0.0146568) (-0.0457641 0.220622 -1.0743) (0.0155434 -0.145907 -1.57686) (-0.066443 0.00463773 0.522608) (0.0537832 0.0714587 -0.293362) (-0.0604865 -0.324257 -0.0674021) (0.298947 -0.137693 -0.152916) (-0.0821801 0.133965 0.18635) (0.176522 0.353517 0.476745) (0.250155 -0.729638 1.30378) (0.0736973 -0.22113 0.318294) (-0.0902391 0.00613738 0.29192) (0.47209 0.178625 -0.124592) (-0.292836 0.0360932 -0.677709) (0.796802 -0.542571 0.0231134) (0.251922 0.650695 0.559091) (-0.160726 0.0313435 -0.505965) (-0.111689 -0.2012 -0.205604) (0.347141 0.237088 -0.165429) (0.404319 -0.371776 0.572613) (0.20321 -0.176575 -0.355548) (0.262427 0.0127804 -0.388652) (0.0987129 0.0928279 0.0309068) (-0.0682612 -0.146923 -0.0791864)
250           (0.57196 0.368201 0.238428) (0.0988893 0.0692769 -0.255513) (-0.102852 0.0276549 -0.293044) (-0.334961 -0.563577 0.425152) (0.121609 -0.193352 -0.099969) (0.0151177 -0.174648 -0.0970899) (0.505374 -0.124655 -0.0203907) (-0.0143849 0.259264 -1.15464) (0.0143003 -0.154565 -1.60091) (-0.0660622 0.0152507 0.490393) (0.0633112 0.0752727 -0.281613) (-0.0544448 -0.325708 -0.0687375) (0.314127 -0.13955 -0.168245) (-0.0744322 0.126014 0.217811) (0.177364 0.352167 0.455911) (0.252551 -0.729399 1.30176) (0.0818959 -0.217954 0.324797) (-0.0898273 0.00542235 0.287491) (0.493771 0.170501 -0.128122) (-0.247556 0.00703409 -0.700751) (0.809207 -0.511066 0.0288204) (0.265088 0.646726 0.553267) (-0.151893 0.0322336 -0.511985) (-0.112487 -0.200898 -0.206485) (0.367574 0.243678 -0.159147) (0.411716 -0.36819 0.56) (0.214209 -0.16626 -0.342281) (0.253433 0.00426855 -0.380132) (0.104686 0.0937411 0.0345854) (-0.0672891 -0.14578 -0.0768963)
252           (0.559157 0.379932 0.250267) (0.106333 0.0668265 -0.271887) (-0.0879802 0.0204036 -0.281252) (-0.328303 -0.562853 0.421708) (0.123738 -0.195295 -0.0962433) (0.0153376 -0.173897 -0.0975436) (0.496332 -0.14258 -0.0250539) (0.0180733 0.2977 -1.2573) (0.0126899 -0.162377 -1.61828) (-0.0616732 0.0238136 0.457766) (0.0736716 0.0782357 -0.269574) (-0.0492945 -0.327304 -0.0709267) (0.319368 -0.139212 -0.176143) (-0.0691671 0.114794 0.252371) (0.175426 0.352721 0.435958) (0.254077 -0.731352 1.30169) (0.0897037 -0.21764 0.332815) (-0.0891829 0.00518557 0.282622) (0.514583 0.163956 -0.131723) (-0.201489 -0.0349715 -0.681459) (0.827401 -0.478678 0.0371152) (0.2792 0.641648 0.547744) (-0.149088 0.0297795 -0.518323) (-0.111917 -0.200353 -0.207942) (0.388386 0.251018 -0.148084) (0.419684 -0.355374 0.53876) (0.228708 -0.154948 -0.327952) (0.248545 -0.00105388 -0.374691) (0.110336 0.0964138 0.0365793) (-0.0655497 -0.146059 -0.0757188)
254           (0.548038 0.380821 0.257269) (0.108272 0.0643484 -0.277685) (-0.0720297 0.0119922 -0.266634) (-0.320821 -0.559846 0.418833) (0.126092 -0.199327 -0.0931137) (0.0158171 -0.173625 -0.097673) (0.487059 -0.160546 -0.0303968) (0.0515006 0.328361 -1.34275) (0.0140478 -0.169321 -1.62818) (-0.0587797 0.0338618 0.423113) (0.0826555 0.081386 -0.260878) (-0.0444742 -0.329429 -0.0731112) (0.326871 -0.139713 -0.190581) (-0.0621649 0.107915 0.287747) (0.173858 0.353944 0.418514) (0.254594 -0.735044 1.30297) (0.0968569 -0.218744 0.342414) (-0.0897694 0.00537141 0.2789) (0.540639 0.154666 -0.137293) (-0.155138 -0.080557 -0.618363) (0.844831 -0.443862 0.0518581) (0.292775 0.637247 0.54144) (-0.149413 0.0247439 -0.52544) (-0.109901 -0.199697 -0.20945) (0.411818 0.254372 -0.134565) (0.419822 -0.327477 0.503002) (0.247444 -0.138796 -0.313086) (0.245277 -0.00476499 -0.372954) (0.115962 0.0993578 0.0359332) (-0.0642745 -0.146554 -0.0758133)
256           (0.544604 0.38194 0.262581) (0.107351 0.0645327 -0.276787) (-0.0567775 0.00585058 -0.248712) (-0.31586 -0.557677 0.416553) (0.127895 -0.203315 -0.0901304) (0.0170958 -0.173292 -0.0975179) (0.50365 -0.181246 -0.0372322) (0.0829008 0.357295 -1.41002) (0.0149942 -0.176941 -1.63818) (-0.0551877 0.0415371 0.385457) (0.090504 0.0818556 -0.253544) (-0.0407718 -0.331761 -0.075978) (0.335879 -0.134915 -0.203552) (-0.0529833 0.0999371 0.316892) (0.167221 0.357392 0.402189) (0.254863 -0.738626 1.30516) (0.103459 -0.220791 0.352552) (-0.0905911 0.00527152 0.276009) (0.567179 0.150253 -0.141963) (-0.118669 -0.12239 -0.520657) (0.860946 -0.411807 0.066868) (0.306492 0.632301 0.533152) (-0.15317 0.0173829 -0.533732) (-0.108805 -0.199218 -0.210828) (0.435661 0.253975 -0.118436) (0.414558 -0.290105 0.457116) (0.2672 -0.122735 -0.297301) (0.240109 -0.00821453 -0.372552) (0.122552 0.103161 0.0338293) (-0.0638963 -0.146838 -0.0765117)
258           (0.539461 0.384585 0.26884) (0.106774 0.0634705 -0.273341) (-0.0400011 0.00320396 -0.22991) (-0.310866 -0.553582 0.415291) (0.128767 -0.206911 -0.0880344) (0.0181825 -0.173181 -0.0974131) (0.525149 -0.196112 -0.0448226) (0.111669 0.378615 -1.46213) (0.0170143 -0.184828 -1.64961) (-0.0513922 0.0489111 0.349711) (0.0965467 0.082779 -0.249532) (-0.0380271 -0.333531 -0.0799415) (0.347144 -0.129734 -0.20799) (-0.040343 0.088937 0.335391) (0.161519 0.360658 0.392011) (0.255006 -0.742524 1.30693) (0.109679 -0.223087 0.361938) (-0.0923396 0.00568223 0.272685) (0.592291 0.145878 -0.143757) (-0.0904921 -0.153536 -0.410797) (0.875639 -0.383164 0.079958) (0.320498 0.627017 0.523944) (-0.159365 0.0103353 -0.544102) (-0.107769 -0.198708 -0.211908) (0.457692 0.253888 -0.100099) (0.400097 -0.244546 0.402888) (0.288188 -0.107175 -0.282536) (0.232319 -0.0119649 -0.372005) (0.129583 0.107836 0.0309337) (-0.0636575 -0.146914 -0.0776839)
260           (0.533031 0.383226 0.274526) (0.104637 0.0602923 -0.268495) (-0.0214525 0.00125945 -0.207897) (-0.306245 -0.55011 0.415419) (0.130574 -0.211711 -0.0863197) (0.0192459 -0.172951 -0.0975219) (0.537479 -0.206838 -0.0505629) (0.138997 0.394887 -1.50354) (0.0200702 -0.19372 -1.66329) (-0.0504854 0.0550565 0.313496) (0.10171 0.0837292 -0.246854) (-0.0363966 -0.33499 -0.0839739) (0.358895 -0.129163 -0.21083) (-0.0219975 0.0733336 0.344039) (0.157648 0.364479 0.385006) (0.256032 -0.74487 1.30869) (0.115095 -0.225914 0.37271) (-0.0944025 0.00688022 0.269706) (0.613856 0.140683 -0.145554) (-0.0678143 -0.169463 -0.297334) (0.890176 -0.357061 0.0878266) (0.335215 0.61849 0.513924) (-0.166631 0.00445141 -0.556091) (-0.107161 -0.198107 -0.21278) (0.478197 0.252074 -0.0825433) (0.376566 -0.198634 0.337887) (0.309812 -0.0938282 -0.26844) (0.222471 -0.0169357 -0.369459) (0.137313 0.112234 0.0276553) (-0.0637144 -0.147195 -0.0791392)
262           (0.531936 0.379964 0.277735) (0.100884 0.0570886 -0.260771) (-0.00152537 0.000205219 -0.184243) (-0.301798 -0.547853 0.416616) (0.131469 -0.214726 -0.0859136) (0.0201382 -0.17259 -0.0977456) (0.547039 -0.215764 -0.0542939) (0.165332 0.40773 -1.53469) (0.0239453 -0.203162 -1.6795) (-0.0511143 0.0591914 0.277456) (0.107125 0.0849912 -0.244615) (-0.0354886 -0.335885 -0.0877399) (0.36692 -0.13125 -0.216159) (0.000763658 0.0529619 0.340562) (0.154437 0.36832 0.380693) (0.257912 -0.746277 1.31001) (0.121371 -0.229393 0.383532) (-0.0961395 0.00813213 0.267587) (0.633031 0.134982 -0.149354) (-0.0501126 -0.172592 -0.196175) (0.904219 -0.331134 0.0923958) (0.351141 0.606628 0.505218) (-0.173259 -0.00072122 -0.569409) (-0.106738 -0.197422 -0.213285) (0.49299 0.24957 -0.0686214) (0.344325 -0.157046 0.272043) (0.329102 -0.0843655 -0.258426) (0.212339 -0.0222912 -0.364526) (0.143364 0.114563 0.0244767) (-0.063965 -0.147733 -0.0807202)
264           (0.534206 0.377352 0.277696) (0.0958941 0.0518679 -0.251137) (0.0180274 -0.00141722 -0.159764) (-0.297398 -0.545877 0.418407) (0.133455 -0.218717 -0.086086) (0.0210319 -0.172123 -0.0980969) (0.564379 -0.224115 -0.0557773) (0.187051 0.418377 -1.55707) (0.0280124 -0.213087 -1.69817) (-0.0539395 0.0618929 0.243778) (0.112691 0.0870379 -0.24363) (-0.0352861 -0.335779 -0.0910031) (0.375061 -0.135597 -0.219992) (0.022843 0.0275495 0.325825) (0.152383 0.37182 0.379637) (0.259901 -0.747114 1.31073) (0.125886 -0.23293 0.395015) (-0.098646 0.00921082 0.265426) (0.649552 0.130504 -0.153714) (-0.0329015 -0.165343 -0.119507) (0.916723 -0.304786 0.0985641) (0.367699 0.592615 0.499382) (-0.179705 -0.00560131 -0.583267) (-0.106317 -0.196982 -0.213702) (0.504506 0.24669 -0.059301) (0.307585 -0.117796 0.219827) (0.347405 -0.0769989 -0.251364) (0.2036 -0.0283341 -0.357739) (0.146319 0.11394 0.0210401) (-0.0642401 -0.148563 -0.082402)
266           (0.536951 0.375272 0.276155) (0.0866555 0.0435948 -0.238739) (0.0361866 -0.00232678 -0.138741) (-0.292499 -0.545352 0.420408) (0.134772 -0.221872 -0.0868877) (0.0216713 -0.171755 -0.0983729) (0.583416 -0.229787 -0.0540583) (0.207815 0.425427 -1.57219) (0.0330833 -0.223349 -1.71756) (-0.0580226 0.06316 0.215014) (0.11845 0.0890807 -0.242552) (-0.035555 -0.335255 -0.093925) (0.379215 -0.142696 -0.22185) (0.043634 -0.000552123 0.307043) (0.151339 0.373379 0.379762) (0.261486 -0.747548 1.31033) (0.131814 -0.236204 0.405458) (-0.100599 0.00994062 0.264212) (0.664827 0.125884 -0.157188) (-0.0136003 -0.147319 -0.0730873) (0.925811 -0.278899 0.109029) (0.385357 0.576023 0.495955) (-0.185131 -0.0110185 -0.598264) (-0.105534 -0.196876 -0.21407) (0.511597 0.243583 -0.05416) (0.266672 -0.0880717 0.185487) (0.366822 -0.0715693 -0.245898) (0.197802 -0.0349488 -0.349602) (0.146194 0.109489 0.0172966) (-0.0641895 -0.149828 -0.0838446)
268           (0.54006 0.372101 0.273136) (0.074719 0.0326066 -0.221373) (0.051081 -0.00609799 -0.117846) (-0.286817 -0.545213 0.42155) (0.136454 -0.226334 -0.0872564) (0.0220523 -0.171961 -0.0984204) (0.598924 -0.231843 -0.0490851) (0.226092 0.431353 -1.58377) (0.0380357 -0.233958 -1.73896) (-0.0639724 0.0626494 0.186225) (0.124324 0.0908711 -0.241116) (-0.0360432 -0.33457 -0.0964358) (0.380803 -0.151917 -0.222925) (0.0556851 -0.0379264 0.296034) (0.150509 0.374042 0.380724) (0.263096 -0.746804 1.30885) (0.136873 -0.239652 0.418368) (-0.102765 0.0107893 0.261785) (0.67537 0.122342 -0.16065) (0.011619 -0.118287 -0.0466822) (0.933447 -0.252825 0.119039) (0.403967 0.555851 0.495559) (-0.189154 -0.0162198 -0.617198) (-0.104676 -0.196924 -0.214643) (0.514721 0.240689 -0.0527122) (0.235082 -0.0734772 0.177275) (0.386849 -0.0691002 -0.242052) (0.196438 -0.0408861 -0.336494) (0.142013 0.101157 0.0129847) (-0.0639578 -0.151267 -0.0849629)
270           (0.544049 0.367232 0.269891) (0.0591884 0.0164928 -0.201348) (0.0642299 -0.0127619 -0.101289) (-0.280065 -0.546736 0.422533) (0.138007 -0.230367 -0.0871542) (0.0220576 -0.172471 -0.0980051) (0.612241 -0.23293 -0.0436532) (0.242607 0.435886 -1.59105) (0.0441786 -0.244594 -1.75706) (-0.0703152 0.0618447 0.165592) (0.128994 0.0932695 -0.240277) (-0.0369345 -0.333711 -0.0987198) (0.377627 -0.163383 -0.223161) (0.0681859 -0.0696899 0.281831) (0.149865 0.372769 0.381561) (0.264781 -0.745146 1.30583) (0.14064 -0.241535 0.431099) (-0.10462 0.0117355 0.26109) (0.682079 0.120418 -0.16424) (0.0392083 -0.082654 -0.0506109) (0.937301 -0.228645 0.130487) (0.421608 0.535692 0.496611) (-0.19033 -0.0216302 -0.634762) (-0.103259 -0.19731 -0.215092) (0.513188 0.239005 -0.0553077) (0.219058 -0.0726136 0.187769) (0.408252 -0.0682204 -0.240392) (0.200072 -0.0483342 -0.323963) (0.133424 0.0865706 0.00875365) (-0.0635032 -0.153538 -0.0853325)
272           (0.549081 0.358308 0.265943) (0.0413741 -0.00612854 -0.175585) (0.0724602 -0.0217332 -0.0904058) (-0.272268 -0.547853 0.422862) (0.13965 -0.235087 -0.0862476) (0.022686 -0.17252 -0.0973403) (0.624014 -0.234806 -0.0387969) (0.255158 0.438519 -1.59697) (0.0511706 -0.253707 -1.77255) (-0.0779393 0.0605912 0.150827) (0.13333 0.0951621 -0.238145) (-0.0363406 -0.332763 -0.10088) (0.37148 -0.176663 -0.223246) (0.0815928 -0.0850804 0.258775) (0.149105 0.371789 0.379329) (0.265723 -0.742823 1.30198) (0.143555 -0.241908 0.443373) (-0.107074 0.0127315 0.259833) (0.68674 0.118996 -0.16797) (0.0650267 -0.0537623 -0.0774146) (0.939193 -0.208122 0.140796) (0.436818 0.514669 0.498428) (-0.188003 -0.0244857 -0.654989) (-0.101689 -0.197963 -0.215574) (0.508375 0.23924 -0.0614061) (0.217144 -0.0828509 0.203886) (0.429874 -0.0716694 -0.239679) (0.210146 -0.0530111 -0.310695) (0.11797 0.069963 0.00452144) (-0.062811 -0.155302 -0.0851029)
274           (0.555519 0.343616 0.260483) (0.0205165 -0.033676 -0.140276) (0.0775681 -0.0341467 -0.0832254) (-0.264468 -0.548969 0.422071) (0.140593 -0.237481 -0.0849512) (0.022873 -0.17214 -0.0965313) (0.635924 -0.239595 -0.0355646) (0.263582 0.43886 -1.59971) (0.0571452 -0.260823 -1.782) (-0.0849233 0.0591506 0.140938) (0.136826 0.0957877 -0.235311) (-0.0353942 -0.331459 -0.103567) (0.361542 -0.187747 -0.226031) (0.0906798 -0.089993 0.228253) (0.147612 0.367959 0.372985) (0.266347 -0.740508 1.29678) (0.145024 -0.240807 0.455667) (-0.109253 0.0150205 0.259206) (0.688587 0.117711 -0.174075) (0.0880376 -0.0349379 -0.108883) (0.941899 -0.189864 0.148397) (0.449201 0.4981 0.499336) (-0.181583 -0.0230387 -0.668332) (-0.100342 -0.198082 -0.216151) (0.501568 0.238131 -0.0720529) (0.226866 -0.0946503 0.209629) (0.44825 -0.0779525 -0.243669) (0.225458 -0.0544213 -0.298432) (0.0973814 0.0541391 0.00180745) (-0.0622274 -0.155103 -0.0842264)
276           (0.566788 0.3203 0.25238) (0.00109085 -0.0564782 -0.104171) (0.0771053 -0.0481082 -0.0791697) (-0.257531 -0.551246 0.420721) (0.142716 -0.242654 -0.0829281) (0.0230312 -0.171983 -0.095777) (0.657095 -0.2468 -0.032691) (0.268897 0.437002 -1.60055) (0.0626291 -0.267542 -1.78665) (-0.0911491 0.0576517 0.135229) (0.140251 0.0965397 -0.233363) (-0.0342579 -0.329891 -0.106217) (0.349903 -0.195239 -0.230163) (0.105341 -0.0888599 0.196365) (0.146179 0.361621 0.364181) (0.267022 -0.738427 1.29066) (0.145547 -0.240602 0.467262) (-0.112156 0.0167841 0.259127) (0.691281 0.1209 -0.178966) (0.108802 -0.0215184 -0.138166) (0.944834 -0.175638 0.157576) (0.459313 0.486848 0.499323) (-0.172466 -0.0188934 -0.670093) (-0.0995316 -0.197875 -0.216305) (0.496512 0.23938 -0.0841767) (0.237593 -0.0964348 0.200899) (0.465729 -0.0855429 -0.247961) (0.244213 -0.0554481 -0.289561) (0.0736374 0.0351378 -0.000418181) (-0.0608028 -0.155359 -0.0829207)
278           (0.579559 0.291411 0.238725) (-0.015644 -0.0746732 -0.0681211) (0.0762219 -0.0627146 -0.078649) (-0.250609 -0.553596 0.418374) (0.144534 -0.244438 -0.0812868) (0.0241218 -0.171281 -0.0949665) (0.682951 -0.252494 -0.0348057) (0.272762 0.433795 -1.59927) (0.0683076 -0.273027 -1.78806) (-0.0951023 0.0560146 0.133508) (0.144304 0.0954061 -0.229685) (-0.0317284 -0.328924 -0.108708) (0.336766 -0.19855 -0.231437) (0.111511 -0.0819985 0.167039) (0.14138 0.353669 0.352158) (0.267343 -0.735952 1.28337) (0.145975 -0.239121 0.478952) (-0.113775 0.017778 0.259261) (0.693846 0.125206 -0.184671) (0.12423 -0.0135515 -0.164102) (0.944858 -0.16259 0.166947) (0.468328 0.480371 0.498394) (-0.162931 -0.0139038 -0.663603) (-0.097939 -0.198342 -0.216099) (0.494518 0.24201 -0.0953768) (0.246205 -0.0880695 0.178215) (0.48177 -0.0939545 -0.252473) (0.263284 -0.0564321 -0.284684) (0.0470045 0.0169204 -0.00188495) (-0.0586077 -0.15645 -0.0819997)
280           (0.592832 0.261675 0.219558) (-0.0296293 -0.0832258 -0.0331497) (0.0732584 -0.0774437 -0.0799377) (-0.244248 -0.555174 0.4155) (0.145412 -0.246831 -0.0799055) (0.0246925 -0.171598 -0.0943848) (0.709701 -0.258207 -0.0438344) (0.274738 0.430621 -1.59803) (0.0724912 -0.278505 -1.78837) (-0.0999704 0.0559714 0.134314) (0.148535 0.0940768 -0.22825) (-0.0301861 -0.327952 -0.112106) (0.321077 -0.197407 -0.230629) (0.118625 -0.0754924 0.147469) (0.136736 0.346418 0.34002) (0.26765 -0.732973 1.27548) (0.146385 -0.237469 0.489531) (-0.115979 0.0197497 0.259247) (0.695166 0.129007 -0.188768) (0.134577 -0.00921291 -0.182299) (0.944787 -0.151214 0.176388) (0.476896 0.477702 0.496812) (-0.152917 -0.00793993 -0.65534) (-0.0964717 -0.199451 -0.216367) (0.491607 0.245515 -0.104205) (0.250074 -0.0699131 0.144154) (0.494971 -0.102279 -0.255901) (0.280769 -0.0581805 -0.283082) (0.020867 -0.000738218 -0.00260585) (-0.0568863 -0.157224 -0.0815826)
282           (0.604625 0.234412 0.195615) (-0.0380138 -0.0893231 -0.00558845) (0.0710386 -0.090572 -0.0835563) (-0.238024 -0.556738 0.412123) (0.147627 -0.248169 -0.0786753) (0.0262728 -0.170969 -0.093836) (0.726546 -0.261889 -0.0581367) (0.275424 0.427077 -1.59656) (0.0757506 -0.282925 -1.78813) (-0.10405 0.0560245 0.135523) (0.151636 0.0921322 -0.22723) (-0.0274712 -0.326883 -0.115064) (0.307393 -0.194628 -0.22511) (0.121033 -0.0667987 0.129612) (0.130501 0.339706 0.326653) (0.268485 -0.730156 1.26771) (0.147452 -0.235932 0.500795) (-0.116776 0.0222907 0.259786) (0.695668 0.131042 -0.193991) (0.141416 -0.00862217 -0.193208) (0.94373 -0.139756 0.188137) (0.485854 0.477171 0.495958) (-0.143284 -0.000492214 -0.64341) (-0.093584 -0.199935 -0.216709) (0.485602 0.246909 -0.112732) (0.247869 -0.0472764 0.102568) (0.505629 -0.109638 -0.258049) (0.296182 -0.0618686 -0.2841) (-0.0015386 -0.0156894 -0.00176513) (-0.0538018 -0.15764 -0.0816478)
284           (0.615403 0.20533 0.164643) (-0.044173 -0.0935997 0.0138886) (0.0673619 -0.104874 -0.0889056) (-0.233629 -0.557854 0.408194) (0.147856 -0.248584 -0.077991) (0.0271325 -0.170948 -0.0933872) (0.733943 -0.267819 -0.0758658) (0.274709 0.423666 -1.59542) (0.0783822 -0.287037 -1.78669) (-0.107886 0.057966 0.136117) (0.157013 0.0901852 -0.226182) (-0.025452 -0.325955 -0.118506) (0.288834 -0.191902 -0.218785) (0.123275 -0.0602464 0.113879) (0.126097 0.334065 0.315217) (0.270037 -0.727472 1.25999) (0.148989 -0.234737 0.511716) (-0.118631 0.0246796 0.260611) (0.69273 0.132039 -0.197379) (0.147127 -0.00848589 -0.195915) (0.942196 -0.128653 0.201901) (0.495505 0.477536 0.496614) (-0.13413 0.00814488 -0.626614) (-0.0911728 -0.200771 -0.217477) (0.477317 0.247791 -0.121015) (0.239049 -0.0200618 0.0569357) (0.513377 -0.11538 -0.257789) (0.307873 -0.066776 -0.285428) (-0.0174835 -0.0316047 -0.00141505) (-0.0514748 -0.158477 -0.0822437)
286           (0.626032 0.177237 0.134439) (-0.0497719 -0.0975143 0.0264853) (0.0623793 -0.119092 -0.094491) (-0.22987 -0.558886 0.404759) (0.14725 -0.250679 -0.0762461) (0.0273824 -0.171237 -0.0926912) (0.73264 -0.273382 -0.0980961) (0.273935 0.41858 -1.5947) (0.079743 -0.289676 -1.78306) (-0.112412 0.0603125 0.134572) (0.160109 0.0890359 -0.227956) (-0.0238284 -0.325106 -0.121822) (0.273393 -0.188827 -0.217205) (0.124767 -0.0523343 0.098829) (0.122432 0.329011 0.304031) (0.27291 -0.724759 1.25336) (0.1512 -0.234659 0.521709) (-0.120576 0.0270058 0.261253) (0.689376 0.131118 -0.203371) (0.155597 -0.00947136 -0.190346) (0.940449 -0.115701 0.21594) (0.505856 0.476398 0.498975) (-0.127625 0.0158585 -0.607074) (-0.0891179 -0.201822 -0.218355) (0.467163 0.24755 -0.127207) (0.225431 0.00538991 0.00998086) (0.518769 -0.118969 -0.253487) (0.31635 -0.0724281 -0.286991) (-0.0292089 -0.0451109 -0.00222097) (-0.0500283 -0.15946 -0.0831095)
288           (0.637435 0.152195 0.106205) (-0.0526161 -0.104 0.0309169) (0.0573083 -0.13246 -0.100634) (-0.226777 -0.56046 0.401659) (0.14624 -0.252532 -0.0735364) (0.0274345 -0.171627 -0.0916874) (0.723737 -0.27822 -0.12143) (0.273236 0.413703 -1.59207) (0.0801145 -0.291212 -1.77714) (-0.117221 0.0625869 0.131795) (0.162234 0.0875851 -0.227396) (-0.0224447 -0.324342 -0.124645) (0.259983 -0.183793 -0.215935) (0.126549 -0.0447332 0.0827564) (0.11986 0.324624 0.294221) (0.276019 -0.722796 1.24803) (0.153995 -0.235787 0.531663) (-0.123194 0.0295497 0.261758) (0.684046 0.129337 -0.210299) (0.167353 -0.00962138 -0.176488) (0.938685 -0.102123 0.234486) (0.516893 0.472725 0.503734) (-0.12315 0.0225291 -0.589528) (-0.0870295 -0.20284 -0.21935) (0.456674 0.247079 -0.13165) (0.209447 0.0297684 -0.0365968) (0.522501 -0.119871 -0.245838) (0.322884 -0.0782787 -0.287886) (-0.0367082 -0.057456 -0.00378743) (-0.0488126 -0.160871 -0.084469)
290           (0.646771 0.133181 0.0823506) (-0.0536311 -0.116654 0.03037) (0.0524338 -0.144863 -0.107141) (-0.223304 -0.562538 0.398451) (0.146409 -0.255459 -0.070376) (0.0286841 -0.170947 -0.0907701) (0.714415 -0.282974 -0.146426) (0.272213 0.408311 -1.58864) (0.0810661 -0.29133 -1.76902) (-0.122077 0.0644015 0.128922) (0.164244 0.0863891 -0.226714) (-0.0201146 -0.323658 -0.1273) (0.248776 -0.179045 -0.213935) (0.126485 -0.0370546 0.0650172) (0.119108 0.321168 0.28651) (0.279239 -0.721339 1.24365) (0.157853 -0.237506 0.540904) (-0.125749 0.0319688 0.26182) (0.678661 0.128057 -0.217151) (0.183912 -0.00810625 -0.157669) (0.937774 -0.0887178 0.256877) (0.528501 0.466242 0.510614) (-0.120319 0.0277984 -0.573093) (-0.0845415 -0.203831 -0.220247) (0.447779 0.245883 -0.133825) (0.195555 0.0503692 -0.0761212) (0.525037 -0.117981 -0.235162) (0.328282 -0.083767 -0.287415) (-0.0412369 -0.0695221 -0.00587077) (-0.0477014 -0.162761 -0.0864464)
292           (0.658989 0.116986 0.0631242) (-0.0544032 -0.132765 0.0276687) (0.0465143 -0.157929 -0.113609) (-0.220495 -0.566068 0.393473) (0.146728 -0.25701 -0.0676381) (0.0303422 -0.170199 -0.089992) (0.705197 -0.288267 -0.170015) (0.269012 0.402835 -1.58437) (0.082224 -0.289643 -1.75785) (-0.126387 0.0648075 0.126044) (0.166497 0.0839654 -0.226705) (-0.0172846 -0.32288 -0.130807) (0.235632 -0.175973 -0.215537) (0.126497 -0.0302342 0.0467534) (0.120639 0.318033 0.27983) (0.282231 -0.719717 1.23972) (0.162123 -0.239048 0.549342) (-0.127421 0.0344065 0.262399) (0.671444 0.126724 -0.22461) (0.205852 -0.00515824 -0.136938) (0.936816 -0.0746429 0.282193) (0.539776 0.457925 0.519339) (-0.118527 0.031679 -0.559431) (-0.0811527 -0.205058 -0.221292) (0.438589 0.245273 -0.135593) (0.181036 0.0657631 -0.109962) (0.527282 -0.111379 -0.221397) (0.3343 -0.0877177 -0.285106) (-0.043313 -0.0824944 -0.00900272) (-0.046127 -0.164992 -0.0892624)
294           (0.675641 0.105853 0.0508479) (-0.0530079 -0.148517 0.0238914) (0.0386328 -0.168003 -0.120148) (-0.217965 -0.56884 0.387668) (0.143918 -0.260909 -0.0627886) (0.0290862 -0.172846 -0.0883844) (0.697591 -0.295219 -0.194242) (0.26501 0.395678 -1.57863) (0.0833399 -0.286842 -1.74508) (-0.132562 0.0638508 0.124667) (0.164438 0.0818675 -0.230963) (-0.0167054 -0.321282 -0.134684) (0.224946 -0.177966 -0.217673) (0.123478 -0.0231635 0.0280486) (0.121692 0.315283 0.272862) (0.284298 -0.718322 1.23614) (0.167317 -0.240528 0.557334) (-0.130167 0.0376851 0.263071) (0.660518 0.122283 -0.233409) (0.230014 -0.00014201 -0.117747) (0.936595 -0.0602551 0.308777) (0.550198 0.447274 0.529328) (-0.116278 0.035489 -0.548905) (-0.0765711 -0.206343 -0.22255) (0.429865 0.245814 -0.137525) (0.168648 0.0758643 -0.140155) (0.529721 -0.101039 -0.204796) (0.34203 -0.0898023 -0.281484) (-0.0428327 -0.0925362 -0.0133708) (-0.0435841 -0.166612 -0.0936427)
296           (0.679209 0.104613 0.0399606) (-0.0515294 -0.159506 0.0210687) (0.030804 -0.176607 -0.127281) (-0.215177 -0.571686 0.382888) (0.142021 -0.262843 -0.0559196) (0.0287746 -0.172834 -0.0863302) (0.693818 -0.300297 -0.217765) (0.26007 0.390008 -1.57065) (0.0837358 -0.282877 -1.73288) (-0.1369 0.0621758 0.127519) (0.159051 0.0839483 -0.233988) (-0.0157385 -0.319981 -0.137437) (0.219502 -0.181481 -0.224764) (0.1208 -0.0144787 0.0101335) (0.122891 0.31353 0.268344) (0.285565 -0.716806 1.23244) (0.170843 -0.241864 0.564537) (-0.132397 0.0393082 0.263176) (0.650652 0.119618 -0.244816) (0.255164 0.00585566 -0.102303) (0.938093 -0.0464659 0.336485) (0.559478 0.436496 0.540321) (-0.114282 0.0396101 -0.539252) (-0.0742541 -0.208566 -0.224225) (0.421797 0.246206 -0.140613) (0.156899 0.0820918 -0.16554) (0.533386 -0.087816 -0.186395) (0.350674 -0.0898333 -0.277071) (-0.0432803 -0.104246 -0.0194066) (-0.0428559 -0.167333 -0.0975233)
298           (0.694056 0.102323 0.0411036) (-0.047941 -0.174732 0.0192113) (0.0231861 -0.181244 -0.131766) (-0.212564 -0.571519 0.377277) (0.139342 -0.261779 -0.0491214) (0.0281839 -0.17214 -0.0843295) (0.692746 -0.303189 -0.234092) (0.255551 0.384999 -1.56345) (0.0851749 -0.277676 -1.71997) (-0.141168 0.0608157 0.132138) (0.156282 0.0872389 -0.23372) (-0.0157858 -0.318758 -0.139852) (0.216318 -0.185924 -0.228662) (0.11373 -0.003601 -0.00585935) (0.127446 0.313471 0.263863) (0.287492 -0.715064 1.22826) (0.17545 -0.242482 0.5709) (-0.136158 0.0414642 0.262697) (0.643661 0.117836 -0.256328) (0.280476 0.013256 -0.0937698) (0.941699 -0.033299 0.363348) (0.56767 0.426132 0.550702) (-0.112692 0.0418108 -0.529355) (-0.072446 -0.210049 -0.225299) (0.417706 0.246096 -0.145945) (0.14735 0.0818745 -0.182861) (0.537714 -0.0731016 -0.167632) (0.360479 -0.0893042 -0.272724) (-0.0438053 -0.115547 -0.0244473) (-0.0432931 -0.168387 -0.100866)
300           (0.699617 0.106925 0.0390356) (-0.045829 -0.181978 0.0223868) (0.0136503 -0.180171 -0.13532) (-0.211831 -0.571557 0.371098) (0.13825 -0.263189 -0.0414031) (0.0250535 -0.171915 -0.0819721) (0.690346 -0.313366 -0.2429) (0.248475 0.380445 -1.55541) (0.0854346 -0.271204 -1.70597) (-0.146897 0.059223 0.134992) (0.149942 0.0885703 -0.234785) (-0.0189453 -0.316831 -0.141526) (0.212835 -0.195929 -0.236348) (0.103606 0.00562403 -0.017102) (0.130714 0.311697 0.257468) (0.287595 -0.713322 1.22395) (0.177636 -0.242823 0.576863) (-0.141863 0.0433955 0.262355) (0.630254 0.11403 -0.267705) (0.301189 0.0211363 -0.0931404) (0.945301 -0.0202736 0.390163) (0.573996 0.416998 0.560457) (-0.110276 0.0433038 -0.523103) (-0.0724924 -0.211177 -0.226195) (0.409496 0.246621 -0.154349) (0.137501 0.0792434 -0.194618) (0.542535 -0.0562538 -0.150193) (0.370441 -0.0878275 -0.268552) (-0.0438955 -0.12692 -0.0289912) (-0.0451661 -0.169147 -0.103583)
