# Probe 0 (1.3 3.38 1.28)
# Probe 1 (1.2 3.28 1.18)
# Probe 2 (1.2 3.28 1.28)
# Probe 3 (1.2 3.28 1.38)
# Probe 4 (1.2 3.38 1.18)
# Probe 5 (1.2 3.38 1.28)
# Probe 6 (1.2 3.38 1.38)
# Probe 7 (1.2 3.48 1.18)
# Probe 8 (1.2 3.48 1.28)
# Probe 9 (1.2 3.48 1.38)
# Probe 10 (1.3 3.28 1.18)
# Probe 11 (1.3 3.28 1.28)
# Probe 12 (1.3 3.28 1.38)
# Probe 13 (1.3 3.38 1.18)
# Probe 14 (1.3 3.38 1.28)
# Probe 15 (1.3 3.38 1.38)
# Probe 16 (1.3 3.48 1.18)
# Probe 17 (1.3 3.48 1.28)
# Probe 18 (1.3 3.48 1.38)
# Probe 19 (1.4 3.28 1.18)
# Probe 20 (1.4 3.28 1.28)
# Probe 21 (1.4 3.28 1.38)
# Probe 22 (1.4 3.38 1.18)
# Probe 23 (1.4 3.38 1.28)
# Probe 24 (1.4 3.38 1.38)
# Probe 25 (1.4 3.48 1.18)
# Probe 26 (1.4 3.48 1.28)
# Probe 27 (1.4 3.48 1.38)
# Time        0             1             2             3             4             5             6             7             8             9             10            11            12            13            14            15            16            17            18            19            20            21            22            23            24            25            26            27           
0             (0 0 0)       (0 0 0)       (0 0 0)       (0 0 0)       (0 0 0)       (0 0 0)       (0 0 0)       (0 0 0)       (0 0 0)       (0 0 0)       (0 0 0)       (0 0 0)       (0 0 0)       (0 0 0)       (0 0 0)       (0 0 0)       (0 0 0)       (0 0 0)       (0 0 0)       (0 0 0)       (0 0 0)       (0 0 0)       (0 0 0)       (0 0 0)       (0 0 0)       (0 0 0)       (0 0 0)       (0 0 0)      
2             (-0.0548295 -0.338637 -0.0317813) (-0.0619867 -0.349921 -0.0392287) (-0.0608844 -0.352217 -0.036161) (-0.059057 -0.34408 -0.0433617) (-0.052906 -0.339127 -0.0322328) (-0.053769 -0.342744 -0.0312623) (-0.0535789 -0.33587 -0.0382703) (-0.052906 -0.339127 -0.0322328) (-0.053769 -0.342744 -0.0312623) (-0.0535789 -0.33587 -0.0382703) (-0.0577641 -0.344876 -0.0367999) (-0.0593543 -0.347437 -0.0355213) (-0.0594666 -0.3397 -0.0433083) (-0.0527482 -0.334915 -0.0313888) (-0.0548295 -0.338637 -0.0317813) (-0.0554279 -0.331988 -0.0390652) (-0.0527482 -0.334915 -0.0313888) (-0.0548295 -0.338637 -0.0317813) (-0.0554279 -0.331988 -0.0390652) (-0.0524175 -0.34073 -0.0395395) (-0.0569629 -0.343117 -0.0373888) (-0.0591215 -0.335589 -0.0449197) (-0.0517277 -0.331739 -0.033944) (-0.0552299 -0.3351 -0.0334891) (-0.0566621 -0.328474 -0.0406083) (-0.0517277 -0.331739 -0.033944) (-0.0552299 -0.3351 -0.0334891) (-0.0566621 -0.328474 -0.0406083)
4             (-0.2313 -0.373081 -0.0468308) (-0.196907 -0.357082 -0.0128487) (-0.218969 -0.389469 -0.0239709) (-0.236766 -0.39712 -0.0244647) (-0.198297 -0.344147 -0.00877789) (-0.22168 -0.376768 -0.0213274) (-0.239558 -0.384763 -0.0232479) (-0.198297 -0.344147 -0.00877789) (-0.22168 -0.376768 -0.0213274) (-0.239558 -0.384763 -0.0232479) (-0.204071 -0.352936 -0.0372387) (-0.228153 -0.385704 -0.0480303) (-0.247713 -0.39364 -0.0523693) (-0.205861 -0.340705 -0.0348011) (-0.2313 -0.373081 -0.0468308) (-0.251236 -0.38098 -0.0526119) (-0.205861 -0.340705 -0.0348011) (-0.2313 -0.373081 -0.0468308) (-0.251236 -0.38098 -0.0526119) (-0.208105 -0.350331 -0.065761) (-0.232784 -0.383079 -0.0758107) (-0.25351 -0.391388 -0.0842048) (-0.210522 -0.338662 -0.0648827) (-0.236709 -0.370459 -0.0760033) (-0.258037 -0.37826 -0.085894) (-0.210522 -0.338662 -0.0648827) (-0.236709 -0.370459 -0.0760033) (-0.258037 -0.37826 -0.085894)
6             (-0.336076 -0.41706 -0.12635) (-0.323655 -0.383097 0.0432187) (-0.295492 -0.416007 -0.0339344) (-0.24734 -0.443111 -0.0267388) (-0.34399 -0.364545 0.037314) (-0.317862 -0.396886 -0.0325675) (-0.270643 -0.425897 -0.0271415) (-0.34399 -0.364545 0.037314) (-0.317862 -0.396886 -0.0325675) (-0.270643 -0.425897 -0.0271415) (-0.345365 -0.403299 -0.0273862) (-0.31109 -0.438783 -0.116664) (-0.264131 -0.468913 -0.108675) (-0.369455 -0.381866 -0.0435735) (-0.336076 -0.41706 -0.12635) (-0.289149 -0.450656 -0.122405) (-0.369455 -0.381866 -0.0435735) (-0.336076 -0.41706 -0.12635) (-0.289149 -0.450656 -0.122405) (-0.362118 -0.427262 -0.0964199) (-0.324922 -0.464737 -0.204507) (-0.282148 -0.496102 -0.196056) (-0.389008 -0.402378 -0.126557) (-0.352036 -0.441272 -0.228582) (-0.308657 -0.478018 -0.225138) (-0.389008 -0.402378 -0.126557) (-0.352036 -0.441272 -0.228582) (-0.308657 -0.478018 -0.225138)
8             (-0.221438 -0.288671 -0.204435) (-0.208552 -0.238556 -0.0979503) (-0.191493 -0.233232 -0.0800201) (-0.16313 -0.216767 -0.0228807) (-0.204601 -0.264766 -0.146923) (-0.184367 -0.254029 -0.125385) (-0.153884 -0.234858 -0.0650187) (-0.204601 -0.264766 -0.146923) (-0.184367 -0.254029 -0.125385) (-0.153884 -0.234858 -0.0650187) (-0.255533 -0.271453 -0.195395) (-0.226082 -0.265323 -0.15957) (-0.192138 -0.249536 -0.0979158) (-0.253873 -0.300138 -0.248584) (-0.221438 -0.288671 -0.204435) (-0.184703 -0.270568 -0.13504) (-0.253873 -0.300138 -0.248584) (-0.221438 -0.288671 -0.204435) (-0.184703 -0.270568 -0.13504) (-0.294052 -0.297574 -0.28924) (-0.25133 -0.289909 -0.262386) (-0.211276 -0.272507 -0.208908) (-0.297791 -0.326718 -0.348308) (-0.251299 -0.315145 -0.310752) (-0.207294 -0.296296 -0.246729) (-0.297791 -0.326718 -0.348308) (-0.251299 -0.315145 -0.310752) (-0.207294 -0.296296 -0.246729)
10            (-0.151005 0.00601444 -0.0244216) (-0.304596 0.0438755 -0.0669813) (-0.243894 0.0675696 0.0408917) (-0.199658 0.101448 0.0338681) (-0.259248 0.00426714 -0.0335007) (-0.19591 0.0181322 0.0857794) (-0.142919 0.0418145 0.0818719) (-0.259248 0.00426714 -0.0335007) (-0.19591 0.0181322 0.0857794) (-0.142919 0.0418145 0.0818719) (-0.246626 0.0373663 -0.154665) (-0.175328 0.0703357 -0.0563504) (-0.107405 0.109487 -0.0447259) (-0.221739 -0.0154975 -0.138516) (-0.151005 0.00601444 -0.0244216) (-0.0831774 0.031632 -0.00495506) (-0.221739 -0.0154975 -0.138516) (-0.151005 0.00601444 -0.0244216) (-0.0831774 0.031632 -0.00495506) (-0.200425 0.0595247 -0.292988) (-0.118648 0.102482 -0.195305) (-0.0348606 0.147598 -0.169246) (-0.191358 -0.00147716 -0.298873) (-0.110516 0.0283281 -0.17945) (-0.0287231 0.0587589 -0.140791) (-0.191358 -0.00147716 -0.298873) (-0.110516 0.0283281 -0.17945) (-0.0287231 0.0587589 -0.140791)
12            (-0.00433292 -0.20435 -0.35763) (-0.110593 -0.0403258 -0.187698) (-0.108768 -0.0462275 -0.163209) (-0.108735 -0.070087 -0.177428) (-0.0904282 -0.0606914 -0.224943) (-0.11449 -0.0242318 -0.188427) (-0.122537 -0.0400451 -0.199238) (-0.0904282 -0.0606914 -0.224943) (-0.11449 -0.0242318 -0.188427) (-0.122537 -0.0400451 -0.199238) (-0.0231619 -0.0887932 -0.338719) (-0.0336984 -0.125314 -0.296149) (-0.0538373 -0.156846 -0.278727) (-0.00822724 -0.0926962 -0.357395) (-0.00433292 -0.20435 -0.35763) (0.00421298 -0.359142 -0.394384) (-0.00822724 -0.0926962 -0.357395) (-0.00433292 -0.20435 -0.35763) (0.00421298 -0.359142 -0.394384) (0.0198595 0.00862905 -0.461122) (0.0138463 -0.0240026 -0.356016) (0.0200653 -0.0818621 -0.340692) (0.0170745 0.0359351 -0.451626) (0.021619 -0.0577372 -0.392676) (0.0271503 -0.181465 -0.407196) (0.0170745 0.0359351 -0.451626) (0.021619 -0.0577372 -0.392676) (0.0271503 -0.181465 -0.407196)
14            (0.0304553 0.000320916 -0.595396) (-0.035767 0.0120027 -0.443789) (-0.0146731 0.0118234 -0.519419) (0.00987868 0.0176707 -0.537513) (0.00674478 0.0340424 -0.508049) (0.0216866 0.0192969 -0.558251) (0.0459721 0.0195723 -0.571058) (0.00674478 0.0340424 -0.508049) (0.0216866 0.0192969 -0.558251) (0.0459721 0.0195723 -0.571058) (0.00961183 0.00179123 -0.501695) (0.011376 -0.000327379 -0.561966) (0.0201194 0.00723663 -0.564842) (0.0353344 0.0283801 -0.543532) (0.0304553 0.000320916 -0.595396) (0.0348791 -0.00835083 -0.59815) (0.0353344 0.0283801 -0.543532) (0.0304553 0.000320916 -0.595396) (0.0348791 -0.00835083 -0.59815) (0.0430945 0.0565414 -0.539581) (0.0414471 0.0625877 -0.565157) (0.0451587 0.0771052 -0.56198) (0.0767414 0.0913103 -0.561733) (0.0551669 0.070256 -0.583006) (0.0441162 0.0660715 -0.579149) (0.0767414 0.0913103 -0.561733) (0.0551669 0.070256 -0.583006) (0.0441162 0.0660715 -0.579149)
16            (0.119514 0.0887255 -0.460162) (0.0350949 0.10761 -0.436177) (0.0543699 0.117135 -0.417643) (0.073842 0.129083 -0.399656) (0.0953937 0.0892426 -0.470676) (0.113356 0.0947303 -0.447395) (0.13212 0.105393 -0.425419) (0.0953937 0.0892426 -0.470676) (0.113356 0.0947303 -0.447395) (0.13212 0.105393 -0.425419) (0.0414646 0.0992423 -0.457205) (0.0577437 0.109908 -0.435573) (0.0761944 0.123583 -0.41301) (0.104867 0.0855099 -0.485927) (0.119514 0.0887255 -0.460162) (0.135403 0.098297 -0.433584) (0.104867 0.0855099 -0.485927) (0.119514 0.0887255 -0.460162) (0.135403 0.098297 -0.433584) (0.031926 0.111746 -0.472773) (0.0484578 0.124353 -0.449063) (0.0694821 0.140174 -0.425069) (0.102165 0.114068 -0.49198) (0.115112 0.116448 -0.464658) (0.131192 0.124458 -0.436569) (0.102165 0.114068 -0.49198) (0.115112 0.116448 -0.464658) (0.131192 0.124458 -0.436569)
18            (0.0771952 0.0545179 -0.378334) (-0.0503016 0.0528156 -0.364276) (-0.0292408 0.0760224 -0.341224) (0.00134179 0.101758 -0.333292) (0.0591587 0.0536784 -0.375431) (0.0774652 0.0690736 -0.356234) (0.101231 0.088283 -0.345943) (0.0591587 0.0536784 -0.375431) (0.0774652 0.0690736 -0.356234) (0.101231 0.088283 -0.345943) (-0.0460315 0.0366053 -0.405887) (-0.026953 0.0601944 -0.373434) (0.0021738 0.0873889 -0.362513) (0.060145 0.0378626 -0.406583) (0.0771952 0.0545179 -0.378334) (0.0997647 0.0759837 -0.365254) (0.060145 0.0378626 -0.406583) (0.0771952 0.0545179 -0.378334) (0.0997647 0.0759837 -0.365254) (-0.0460689 0.0364096 -0.443583) (-0.0286914 0.0592964 -0.405451) (-0.00101698 0.0875194 -0.391402) (0.0534636 0.0424218 -0.433345) (0.0698699 0.059335 -0.399149) (0.0923138 0.0811747 -0.383351) (0.0534636 0.0424218 -0.433345) (0.0698699 0.059335 -0.399149) (0.0923138 0.0811747 -0.383351)
20            (0.0628351 0.0414254 -0.401747) (-0.0406125 0.0327429 -0.389803) (-0.0355603 0.0519469 -0.376069) (-0.0176651 0.0758816 -0.369338) (0.0641104 0.033713 -0.393023) (0.0676629 0.047203 -0.375541) (0.0795976 0.0646946 -0.363816) (0.0641104 0.033713 -0.393023) (0.0676629 0.047203 -0.375541) (0.0795976 0.0646946 -0.363816) (-0.0406648 0.0311735 -0.429523) (-0.0347813 0.0478033 -0.407165) (-0.0171627 0.0700479 -0.398027) (0.0597459 0.0280198 -0.429446) (0.0628351 0.0414254 -0.401747) (0.0734706 0.0595191 -0.386899) (0.0597459 0.0280198 -0.429446) (0.0628351 0.0414254 -0.401747) (0.0734706 0.0595191 -0.386899) (-0.045072 0.0440387 -0.455023) (-0.0369343 0.0583092 -0.431594) (-0.0194865 0.077856 -0.420203) (0.049149 0.0381834 -0.455809) (0.0535288 0.0504661 -0.425431) (0.0640261 0.0676372 -0.407992) (0.049149 0.0381834 -0.455809) (0.0535288 0.0504661 -0.425431) (0.0640261 0.0676372 -0.407992)
22            (0.0772958 0.0508067 -0.477324) (-0.018122 0.0460418 -0.458831) (-0.023117 0.0594696 -0.45204) (-0.0167295 0.0780895 -0.444788) (0.0909432 0.0428992 -0.465008) (0.0870041 0.0500274 -0.452987) (0.0909634 0.0614864 -0.441881) (0.0909432 0.0428992 -0.465008) (0.0870041 0.0500274 -0.452987) (0.0909634 0.0614864 -0.441881) (-0.0221518 0.0485731 -0.488131) (-0.0234644 0.0611704 -0.474048) (-0.0160129 0.0785478 -0.463849) (0.0798067 0.0428149 -0.497168) (0.0772958 0.0508067 -0.477324) (0.0813429 0.0629486 -0.462863) (0.0798067 0.0428149 -0.497168) (0.0772958 0.0508067 -0.477324) (0.0813429 0.0629486 -0.462863) (-0.030065 0.0624898 -0.499705) (-0.0255543 0.0748114 -0.484832) (-0.0155119 0.0909785 -0.472645) (0.0626676 0.0569729 -0.51768) (0.0638115 0.0649747 -0.495873) (0.0694863 0.0767224 -0.478722) (0.0626676 0.0569729 -0.51768) (0.0638115 0.0649747 -0.495873) (0.0694863 0.0767224 -0.478722)
24            (0.0946583 0.0828463 -0.540089) (-0.00881639 0.0718382 -0.522339) (-0.00972105 0.0905899 -0.513105) (-0.00209933 0.111892 -0.506549) (0.101559 0.0684509 -0.533629) (0.101305 0.0782911 -0.524118) (0.107075 0.0915091 -0.514003) (0.101559 0.0684509 -0.533629) (0.101305 0.0782911 -0.524118) (0.107075 0.0915091 -0.514003) (-0.0113291 0.0734746 -0.530755) (-0.00900264 0.0929443 -0.519204) (0.000165428 0.114933 -0.510832) (0.0940864 0.0711059 -0.553692) (0.0946583 0.0828463 -0.540089) (0.100543 0.0977412 -0.52737) (0.0940864 0.0711059 -0.553692) (0.0946583 0.0828463 -0.540089) (0.100543 0.0977412 -0.52737) (-0.020882 0.0800572 -0.520616) (-0.012796 0.100316 -0.510279) (-0.000259439 0.12294 -0.500818) (0.0784476 0.0817529 -0.559442) (0.0825125 0.0948557 -0.545616) (0.0902557 0.110627 -0.531088) (0.0784476 0.0817529 -0.559442) (0.0825125 0.0948557 -0.545616) (0.0902557 0.110627 -0.531088)
26            (0.0745066 0.125718 -0.568525) (-0.0335903 0.107094 -0.543622) (-0.0332534 0.136223 -0.525413) (-0.0251842 0.164094 -0.511586) (0.0813021 0.104922 -0.577586) (0.081939 0.122318 -0.56432) (0.0880874 0.140608 -0.548692) (0.0813021 0.104922 -0.577586) (0.081939 0.122318 -0.56432) (0.0880874 0.140608 -0.548692) (-0.0398185 0.105568 -0.540096) (-0.0358801 0.13595 -0.519349) (-0.0255734 0.16601 -0.503302) (0.0727669 0.106041 -0.586362) (0.0745066 0.125718 -0.568525) (0.0810953 0.146409 -0.550427) (0.0727669 0.106041 -0.586362) (0.0745066 0.125718 -0.568525) (0.0810953 0.146409 -0.550427) (-0.054846 0.102189 -0.519234) (-0.044475 0.134145 -0.500259) (-0.0298168 0.166588 -0.482814) (0.0557774 0.108167 -0.579654) (0.0617372 0.129962 -0.561249) (0.0708572 0.152674 -0.541476) (0.0557774 0.108167 -0.579654) (0.0617372 0.129962 -0.561249) (0.0708572 0.152674 -0.541476)
28            (0.00491042 0.183754 -0.527656) (-0.108622 0.156214 -0.489827) (-0.106963 0.196672 -0.463333) (-0.0980305 0.23172 -0.448628) (0.00968521 0.157716 -0.558879) (0.010123 0.185149 -0.542693) (0.0154638 0.209793 -0.52687) (0.00968521 0.157716 -0.558879) (0.010123 0.185149 -0.542693) (0.0154638 0.209793 -0.52687) (-0.117791 0.146861 -0.463544) (-0.113277 0.190624 -0.435947) (-0.101526 0.230665 -0.419914) (0.00405188 0.152067 -0.546713) (0.00491042 0.183754 -0.527656) (0.0105929 0.213193 -0.510611) (0.00405188 0.152067 -0.546713) (0.00491042 0.183754 -0.527656) (0.0105929 0.213193 -0.510611) (-0.136251 0.129858 -0.428228) (-0.12719 0.176752 -0.399282) (-0.110835 0.221532 -0.381584) (-0.00859108 0.140117 -0.522905) (-0.00480853 0.1762 -0.501439) (0.00349375 0.21038 -0.483282) (-0.00859108 0.140117 -0.522905) (-0.00480853 0.1762 -0.501439) (0.00349375 0.21038 -0.483282)
30            (-0.0686417 0.230249 -0.456327) (-0.172966 0.201918 -0.420415) (-0.166141 0.243991 -0.384237) (-0.153312 0.278394 -0.363176) (-0.0645786 0.201049 -0.516412) (-0.0628964 0.232901 -0.48808) (-0.0569657 0.258533 -0.466529) (-0.0645786 0.201049 -0.516412) (-0.0628964 0.232901 -0.48808) (-0.0569657 0.258533 -0.466529) (-0.191376 0.189731 -0.384119) (-0.181375 0.237176 -0.346575) (-0.164561 0.278565 -0.322457) (-0.0714342 0.192989 -0.486629) (-0.0686417 0.230249 -0.456327) (-0.0615567 0.262496 -0.433426) (-0.0714342 0.192989 -0.486629) (-0.0686417 0.230249 -0.456327) (-0.0615567 0.262496 -0.433426) (-0.216579 0.167476 -0.349665) (-0.20402 0.219844 -0.309476) (-0.182957 0.267997 -0.281294) (-0.084197 0.173684 -0.451896) (-0.0787012 0.216528 -0.420114) (-0.0685185 0.255837 -0.39626) (-0.084197 0.173684 -0.451896) (-0.0787012 0.216528 -0.420114) (-0.0685185 0.255837 -0.39626)
32            (-0.116792 0.318458 -0.381974) (-0.19644 0.290821 -0.353093) (-0.185406 0.330451 -0.323562) (-0.169316 0.356319 -0.301647) (-0.113382 0.285871 -0.451046) (-0.110326 0.31527 -0.422116) (-0.103654 0.332499 -0.395382) (-0.113382 0.285871 -0.451046) (-0.110326 0.31527 -0.422116) (-0.103654 0.332499 -0.395382) (-0.216346 0.283483 -0.310215) (-0.203281 0.331051 -0.277293) (-0.183793 0.365185 -0.252541) (-0.121052 0.280066 -0.412791) (-0.116792 0.318458 -0.381974) (-0.108104 0.345601 -0.35438) (-0.121052 0.280066 -0.412791) (-0.116792 0.318458 -0.381974) (-0.108104 0.345601 -0.35438) (-0.23953 0.268092 -0.272312) (-0.225822 0.323138 -0.233644) (-0.203782 0.36464 -0.204094) (-0.132502 0.262129 -0.377937) (-0.127401 0.309212 -0.343519) (-0.116686 0.345726 -0.31324) (-0.132502 0.262129 -0.377937) (-0.127401 0.309212 -0.343519) (-0.116686 0.345726 -0.31324)
34            (-0.121074 0.381549 -0.290858) (-0.168013 0.354371 -0.270263) (-0.148659 0.387318 -0.257244) (-0.128147 0.401779 -0.237539) (-0.119746 0.353628 -0.361483) (-0.109502 0.374459 -0.341172) (-0.0987318 0.378301 -0.313492) (-0.119746 0.353628 -0.361483) (-0.109502 0.374459 -0.341172) (-0.0987318 0.378301 -0.313492) (-0.190727 0.349451 -0.214544) (-0.169338 0.390799 -0.199678) (-0.145512 0.414949 -0.180086) (-0.132556 0.34964 -0.311769) (-0.121074 0.381549 -0.290858) (-0.107355 0.397984 -0.263882) (-0.132556 0.34964 -0.311769) (-0.121074 0.381549 -0.290858) (-0.107355 0.397984 -0.263882) (-0.214928 0.341309 -0.168579) (-0.193202 0.38902 -0.145556) (-0.167 0.419434 -0.123289) (-0.146986 0.335712 -0.270984) (-0.13615 0.377188 -0.24354) (-0.120609 0.403585 -0.214592) (-0.146986 0.335712 -0.270984) (-0.13615 0.377188 -0.24354) (-0.120609 0.403585 -0.214592)
36            (-0.106042 0.406053 -0.226033) (-0.135425 0.383076 -0.217935) (-0.110119 0.406795 -0.214169) (-0.0838558 0.403332 -0.190852) (-0.110763 0.38396 -0.292314) (-0.0944437 0.392012 -0.276301) (-0.0788911 0.375431 -0.24516) (-0.110763 0.38396 -0.292314) (-0.0944437 0.392012 -0.276301) (-0.0788911 0.375431 -0.24516) (-0.156776 0.381133 -0.155853) (-0.129474 0.414763 -0.155918) (-0.100433 0.424828 -0.135479) (-0.124214 0.385385 -0.239159) (-0.106042 0.406053 -0.226033) (-0.0866659 0.405512 -0.196566) (-0.124214 0.385385 -0.239159) (-0.106042 0.406053 -0.226033) (-0.0866659 0.405512 -0.196566) (-0.178822 0.379831 -0.10462) (-0.150912 0.418947 -0.100071) (-0.120985 0.435604 -0.0803875) (-0.138573 0.380207 -0.19572) (-0.121007 0.409806 -0.178331) (-0.100281 0.419854 -0.149101) (-0.138573 0.380207 -0.19572) (-0.121007 0.409806 -0.178331) (-0.100281 0.419854 -0.149101)
38            (-0.0777561 0.400248 -0.192101) (-0.096155 0.380569 -0.212759) (-0.0688345 0.400376 -0.196992) (-0.0341798 0.381845 -0.16957) (-0.0846181 0.380318 -0.262458) (-0.064596 0.381744 -0.238402) (-0.0424607 0.349134 -0.204174) (-0.0846181 0.380318 -0.262458) (-0.064596 0.381744 -0.238402) (-0.0424607 0.349134 -0.204174) (-0.116896 0.379988 -0.153239) (-0.0887068 0.411575 -0.142688) (-0.0507193 0.410846 -0.117215) (-0.099976 0.384663 -0.213299) (-0.0777561 0.400248 -0.192101) (-0.0501841 0.387358 -0.157942) (-0.099976 0.384663 -0.213299) (-0.0777561 0.400248 -0.192101) (-0.0501841 0.387358 -0.157942) (-0.138183 0.383278 -0.0998031) (-0.109414 0.418608 -0.0909196) (-0.0725283 0.424351 -0.0684519) (-0.116587 0.386368 -0.170424) (-0.0943498 0.408577 -0.148805) (-0.0663154 0.40604 -0.116089) (-0.116587 0.386368 -0.170424) (-0.0943498 0.408577 -0.148805) (-0.0663154 0.40604 -0.116089)
40            (-0.0522117 0.379782 -0.189568) (-0.0614027 0.373058 -0.243225) (-0.0321341 0.385798 -0.209684) (0.0110799 0.348872 -0.177806) (-0.0572719 0.364924 -0.269836) (-0.0355455 0.359798 -0.235605) (-0.00882845 0.310858 -0.198481) (-0.0572719 0.364924 -0.269836) (-0.0355455 0.359798 -0.235605) (-0.00882845 0.310858 -0.198481) (-0.0849441 0.368655 -0.19106) (-0.0562678 0.398166 -0.157581) (-0.00542643 0.386031 -0.12489) (-0.0763966 0.365907 -0.224938) (-0.0522117 0.379782 -0.189568) (-0.0153047 0.356363 -0.149188) (-0.0763966 0.365907 -0.224938) (-0.0522117 0.379782 -0.189568) (-0.0153047 0.356363 -0.149188) (-0.106541 0.367609 -0.137673) (-0.0796981 0.400837 -0.109667) (-0.0303621 0.396624 -0.0806797) (-0.0958115 0.364423 -0.181416) (-0.0725426 0.384451 -0.148591) (-0.0346493 0.372944 -0.109565) (-0.0958115 0.364423 -0.181416) (-0.0725426 0.384451 -0.148591) (-0.0346493 0.372944 -0.109565)
42            (-0.0237931 0.350747 -0.203767) (-0.0290205 0.363654 -0.276654) (0.00687542 0.358185 -0.233163) (0.0523169 0.29461 -0.200037) (-0.0299009 0.345761 -0.290247) (-0.00673134 0.324849 -0.248661) (0.0154155 0.254028 -0.212049) (-0.0299009 0.345761 -0.290247) (-0.00673134 0.324849 -0.248661) (0.0154155 0.254028 -0.212049) (-0.0577058 0.357856 -0.23272) (-0.0201824 0.376933 -0.183816) (0.0426861 0.344152 -0.144217) (-0.0532001 0.345262 -0.251429) (-0.0237931 0.350747 -0.203767) (0.0178657 0.309345 -0.158158) (-0.0532001 0.345262 -0.251429) (-0.0237931 0.350747 -0.203767) (0.0178657 0.309345 -0.158158) (-0.0830516 0.347431 -0.188868) (-0.050238 0.37576 -0.141105) (0.0159719 0.358583 -0.101533) (-0.0773844 0.33375 -0.215145) (-0.0495081 0.351181 -0.166992) (-0.000789435 0.328701 -0.118521) (-0.0773844 0.33375 -0.215145) (-0.0495081 0.351181 -0.166992) (-0.000789435 0.328701 -0.118521)
44            (-0.0030176 0.300461 -0.219846) (-0.00445239 0.335994 -0.297978) (0.0287696 0.306275 -0.251804) (0.0559223 0.217251 -0.219507) (-0.0128843 0.30444 -0.307764) (0.000485437 0.262638 -0.265528) (-8.66313e-05 0.172004 -0.234552) (-0.0128843 0.30444 -0.307764) (0.000485437 0.262638 -0.265528) (-8.66313e-05 0.172004 -0.234552) (-0.029738 0.33813 -0.25911) (0.0128579 0.338512 -0.204323) (0.0671388 0.274166 -0.165052) (-0.0299836 0.313351 -0.27165) (-0.0030176 0.300461 -0.219846) (0.0212055 0.230892 -0.176972) (-0.0299836 0.313351 -0.27165) (-0.0030176 0.300461 -0.219846) (0.0212055 0.230892 -0.176972) (-0.0571432 0.324619 -0.225639) (-0.0159945 0.342147 -0.166161) (0.0546114 0.304114 -0.118884) (-0.0544236 0.30037 -0.244265) (-0.0239687 0.307436 -0.185737) (0.019355 0.264685 -0.130667) (-0.0544236 0.30037 -0.244265) (-0.0239687 0.307436 -0.185737) (0.019355 0.264685 -0.130667)
46            (-0.0166883 0.232137 -0.236247) (0.00286486 0.290703 -0.310679) (0.0189734 0.240296 -0.260112) (0.016089 0.13919 -0.22628) (-0.0214492 0.246105 -0.321582) (-0.0316418 0.187469 -0.280858) (-0.0641072 0.0920976 -0.256235) (-0.0214492 0.246105 -0.321582) (-0.0316418 0.187469 -0.280858) (-0.0641072 0.0920976 -0.256235) (-0.0101159 0.303775 -0.276243) (0.0220255 0.282311 -0.219042) (0.0437836 0.194697 -0.176246) (-0.0236272 0.266325 -0.286964) (-0.0166883 0.232137 -0.236247) (-0.0321997 0.142524 -0.19934) (-0.0236272 0.266325 -0.286964) (-0.0166883 0.232137 -0.236247) (-0.0321997 0.142524 -0.19934) (-0.0331776 0.2948 -0.246992) (0.00424437 0.299446 -0.181376) (0.0524669 0.239721 -0.129065) (-0.0396175 0.260011 -0.261919) (-0.0211442 0.252516 -0.200248) (-0.00970344 0.187885 -0.146742) (-0.0396175 0.260011 -0.261919) (-0.0211442 0.252516 -0.200248) (-0.00970344 0.187885 -0.146742)
48            (-0.0656314 0.169561 -0.251589) (-0.00857252 0.245569 -0.314899) (-0.0178298 0.188422 -0.258394) (-0.0513166 0.0885962 -0.221743) (-0.0559824 0.188085 -0.327813) (-0.0914225 0.127941 -0.289083) (-0.144904 0.0452126 -0.267041) (-0.0559824 0.188085 -0.327813) (-0.0914225 0.127941 -0.289083) (-0.144904 0.0452126 -0.267041) (-0.00663345 0.266411 -0.285904) (0.00107378 0.233584 -0.224625) (-0.0156794 0.138673 -0.177986) (-0.0424592 0.214483 -0.298583) (-0.0656314 0.169561 -0.251589) (-0.118495 0.0796785 -0.221418) (-0.0424592 0.214483 -0.298583) (-0.0656314 0.169561 -0.251589) (-0.118495 0.0796785 -0.221418) (-0.0197041 0.265666 -0.257404) (0.000832234 0.262995 -0.189229) (0.0126013 0.192912 -0.131557) (-0.043032 0.219832 -0.274281) (-0.0492444 0.202724 -0.216103) (-0.0803914 0.128888 -0.168908) (-0.043032 0.219832 -0.274281) (-0.0492444 0.202724 -0.216103) (-0.0803914 0.128888 -0.168908)
50            (-0.110867 0.14231 -0.266253) (-0.0252007 0.221784 -0.311018) (-0.0529423 0.171237 -0.253754) (-0.104204 0.0804553 -0.21568) (-0.090367 0.159046 -0.331215) (-0.139889 0.108277 -0.296377) (-0.200111 0.0400165 -0.276659) (-0.090367 0.159046 -0.331215) (-0.139889 0.108277 -0.296377) (-0.200111 0.0400165 -0.276659) (-0.0115514 0.240501 -0.285592) (-0.0235312 0.213211 -0.223454) (-0.0644327 0.126733 -0.177749) (-0.0665816 0.182552 -0.307687) (-0.110867 0.14231 -0.266253) (-0.181594 0.0654657 -0.242041) (-0.0665816 0.182552 -0.307687) (-0.110867 0.14231 -0.266253) (-0.181594 0.0654657 -0.242041) (-0.0148935 0.241049 -0.258481) (-0.0107641 0.243985 -0.189294) (-0.0235786 0.183868 -0.132015) (-0.0531431 0.192761 -0.28723) (-0.0814979 0.176591 -0.234781) (-0.141005 0.10946 -0.196833) (-0.0531431 0.192761 -0.28723) (-0.0814979 0.176591 -0.234781) (-0.141005 0.10946 -0.196833)
52            (-0.131187 0.12784 -0.288805) (-0.0287049 0.210169 -0.316713) (-0.0616763 0.174797 -0.250805) (-0.115753 0.0975912 -0.206373) (-0.104092 0.143387 -0.347923) (-0.158637 0.103266 -0.309636) (-0.222271 0.0441363 -0.289655) (-0.104092 0.143387 -0.347923) (-0.158637 0.103266 -0.309636) (-0.222271 0.0441363 -0.289655) (-0.0148601 0.218014 -0.300165) (-0.0343086 0.206489 -0.227211) (-0.076763 0.14208 -0.173089) (-0.0794129 0.156716 -0.335388) (-0.131187 0.12784 -0.288805) (-0.204911 0.0667616 -0.262846) (-0.0794129 0.156716 -0.335388) (-0.131187 0.12784 -0.288805) (-0.204911 0.0667616 -0.262846) (-0.0191058 0.209831 -0.28365) (-0.0249308 0.22451 -0.203862) (-0.0438995 0.185995 -0.139802) (-0.064883 0.160016 -0.328287) (-0.104227 0.150587 -0.270016) (-0.170337 0.0997149 -0.231159) (-0.064883 0.160016 -0.328287) (-0.104227 0.150587 -0.270016) (-0.170337 0.0997149 -0.231159)
54            (-0.146217 0.131294 -0.301736) (-0.0347084 0.208552 -0.305757) (-0.0646043 0.192302 -0.23602) (-0.110554 0.13492 -0.183414) (-0.11469 0.142333 -0.353784) (-0.16821 0.115792 -0.314864) (-0.231919 0.0685378 -0.29156) (-0.11469 0.142333 -0.353784) (-0.16821 0.115792 -0.314864) (-0.231919 0.0685378 -0.29156) (-0.0276515 0.203508 -0.296299) (-0.046644 0.209874 -0.218888) (-0.078627 0.171873 -0.155342) (-0.096219 0.144516 -0.350054) (-0.146217 0.131294 -0.301736) (-0.213991 0.0901139 -0.270073) (-0.096219 0.144516 -0.350054) (-0.146217 0.131294 -0.301736) (-0.213991 0.0901139 -0.270073) (-0.0375709 0.187116 -0.289619) (-0.0477237 0.212752 -0.205833) (-0.0625529 0.197165 -0.133128) (-0.0906275 0.139057 -0.35566) (-0.131358 0.141118 -0.295923) (-0.191097 0.112214 -0.252739) (-0.0906275 0.139057 -0.35566) (-0.131358 0.141118 -0.295923) (-0.191097 0.112214 -0.252739)
56            (-0.147515 0.155768 -0.309373) (-0.049004 0.218597 -0.304492) (-0.0688044 0.223168 -0.226523) (-0.0955047 0.188935 -0.162426) (-0.113908 0.157103 -0.361592) (-0.15777 0.146278 -0.311216) (-0.213158 0.111331 -0.276396) (-0.113908 0.157103 -0.361592) (-0.15777 0.146278 -0.311216) (-0.213158 0.111331 -0.276396) (-0.0555977 0.205158 -0.302386) (-0.069167 0.227303 -0.220309) (-0.084703 0.211689 -0.148061) (-0.108473 0.153096 -0.368178) (-0.147515 0.155768 -0.309373) (-0.19958 0.131961 -0.264885) (-0.108473 0.153096 -0.368178) (-0.147515 0.155768 -0.309373) (-0.19958 0.131961 -0.264885) (-0.0751874 0.190983 -0.302662) (-0.0855345 0.22408 -0.217241) (-0.0925963 0.222356 -0.140319) (-0.118967 0.148193 -0.385098) (-0.15182 0.161302 -0.317562) (-0.195654 0.148654 -0.264034) (-0.118967 0.148193 -0.385098) (-0.15182 0.161302 -0.317562) (-0.195654 0.148654 -0.264034)
58            (-0.164494 0.201329 -0.301636) (-0.0978017 0.242523 -0.305834) (-0.107414 0.260826 -0.221526) (-0.113443 0.243532 -0.14872) (-0.1304 0.189076 -0.363389) (-0.156745 0.191248 -0.297501) (-0.188766 0.168076 -0.245151) (-0.1304 0.189076 -0.363389) (-0.156745 0.191248 -0.297501) (-0.188766 0.168076 -0.245151) (-0.118302 0.235479 -0.303674) (-0.125856 0.264474 -0.218592) (-0.126 0.258545 -0.142394) (-0.14192 0.188746 -0.372788) (-0.164494 0.201329 -0.301636) (-0.190632 0.188597 -0.241778) (-0.14192 0.188746 -0.372788) (-0.164494 0.201329 -0.301636) (-0.190632 0.188597 -0.241778) (-0.144298 0.238048 -0.301258) (-0.151612 0.271358 -0.214792) (-0.14893 0.270832 -0.137704) (-0.16534 0.194768 -0.389122) (-0.185295 0.212821 -0.313272) (-0.206411 0.206627 -0.248762) (-0.16534 0.194768 -0.389122) (-0.185295 0.212821 -0.313272) (-0.206411 0.206627 -0.248762)
60            (-0.202042 0.273421 -0.286355) (-0.176676 0.296086 -0.296849) (-0.174898 0.31874 -0.213225) (-0.160457 0.305681 -0.140324) (-0.174935 0.249787 -0.356303) (-0.181661 0.257665 -0.282026) (-0.184294 0.238539 -0.218231) (-0.174935 0.249787 -0.356303) (-0.181661 0.257665 -0.282026) (-0.184294 0.238539 -0.218231) (-0.204198 0.305427 -0.289092) (-0.201167 0.332233 -0.207626) (-0.182866 0.32228 -0.135845) (-0.197507 0.259778 -0.361951) (-0.202042 0.273421 -0.286355) (-0.200283 0.259744 -0.219829) (-0.197507 0.259778 -0.361951) (-0.202042 0.273421 -0.286355) (-0.200283 0.259744 -0.219829) (-0.228936 0.325641 -0.27999) (-0.225032 0.351342 -0.200418) (-0.205053 0.339768 -0.131937) (-0.22311 0.277067 -0.371533) (-0.226918 0.291913 -0.295329) (-0.223381 0.279187 -0.228671) (-0.22311 0.277067 -0.371533) (-0.226918 0.291913 -0.295329) (-0.223381 0.279187 -0.228671)
62            (-0.237236 0.343185 -0.27716) (-0.26168 0.370411 -0.280973) (-0.23895 0.385405 -0.207911) (-0.196714 0.361771 -0.143718) (-0.23468 0.324445 -0.344398) (-0.218417 0.328213 -0.27354) (-0.190783 0.301919 -0.209529) (-0.23468 0.324445 -0.344398) (-0.218417 0.328213 -0.27354) (-0.190783 0.301919 -0.209529) (-0.283851 0.390834 -0.267713) (-0.257743 0.402427 -0.202084) (-0.211199 0.373749 -0.143171) (-0.255743 0.340564 -0.344583) (-0.237236 0.343185 -0.27716) (-0.20654 0.314662 -0.214628) (-0.255743 0.340564 -0.344583) (-0.237236 0.343185 -0.27716) (-0.20654 0.314662 -0.214628) (-0.297089 0.416788 -0.25601) (-0.267882 0.420164 -0.197655) (-0.219091 0.38295 -0.144839) (-0.272665 0.360352 -0.349563) (-0.253456 0.35772 -0.285642) (-0.222728 0.323314 -0.225945) (-0.272665 0.360352 -0.349563) (-0.253456 0.35772 -0.285642) (-0.222728 0.323314 -0.225945)
64            (-0.230286 0.368868 -0.276873) (-0.316109 0.431732 -0.26613) (-0.25665 0.423681 -0.211513) (-0.178576 0.378 -0.1617) (-0.269957 0.379979 -0.331063) (-0.221974 0.366191 -0.270768) (-0.163133 0.322716 -0.214117) (-0.269957 0.379979 -0.331063) (-0.221974 0.366191 -0.270768) (-0.163133 0.322716 -0.214117) (-0.323957 0.448947 -0.253563) (-0.258349 0.42842 -0.211481) (-0.176928 0.371092 -0.168835) (-0.280804 0.391952 -0.329483) (-0.230286 0.368868 -0.276873) (-0.171541 0.317441 -0.224457) (-0.280804 0.391952 -0.329483) (-0.230286 0.368868 -0.276873) (-0.171541 0.317441 -0.224457) (-0.31885 0.464063 -0.246838) (-0.249334 0.426714 -0.215392) (-0.16932 0.355827 -0.178503) (-0.284796 0.401504 -0.335421) (-0.235222 0.366034 -0.289572) (-0.182264 0.30564 -0.241757) (-0.284796 0.401504 -0.335421) (-0.235222 0.366034 -0.289572) (-0.182264 0.30564 -0.241757)
66            (-0.173228 0.330848 -0.286245) (-0.304091 0.441838 -0.265606) (-0.202193 0.401089 -0.231673) (-0.10049 0.333341 -0.190235) (-0.249106 0.384579 -0.324733) (-0.168573 0.345454 -0.277258) (-0.0924498 0.286207 -0.225851) (-0.249106 0.384579 -0.324733) (-0.168573 0.345454 -0.277258) (-0.0924498 0.286207 -0.225851) (-0.292898 0.440515 -0.256647) (-0.190356 0.382141 -0.236244) (-0.0962347 0.30478 -0.198982) (-0.249027 0.381692 -0.324143) (-0.173228 0.330848 -0.286245) (-0.107215 0.267731 -0.23869) (-0.249027 0.381692 -0.324143) (-0.173228 0.330848 -0.286245) (-0.107215 0.267731 -0.23869) (-0.271427 0.430418 -0.256011) (-0.176104 0.354286 -0.244616) (-0.0999762 0.271226 -0.20863) (-0.246988 0.372674 -0.334263) (-0.183677 0.312013 -0.304481) (-0.135756 0.250087 -0.261658) (-0.246988 0.372674 -0.334263) (-0.183677 0.312013 -0.304481) (-0.135756 0.250087 -0.261658)
68            (-0.109697 0.259831 -0.278787) (-0.235791 0.382616 -0.260731) (-0.110075 0.318248 -0.237666) (-0.00949894 0.243824 -0.193468) (-0.187315 0.326796 -0.307822) (-0.0929085 0.274203 -0.268643) (-0.0186027 0.214367 -0.217286) (-0.187315 0.326796 -0.307822) (-0.0929085 0.274203 -0.268643) (-0.0186027 0.214367 -0.217286) (-0.21909 0.363023 -0.255984) (-0.108119 0.289213 -0.241804) (-0.030934 0.219031 -0.198128) (-0.189051 0.314845 -0.311667) (-0.109697 0.259831 -0.278787) (-0.0527606 0.208184 -0.229469) (-0.189051 0.314845 -0.311667) (-0.109697 0.259831 -0.278787) (-0.0527606 0.208184 -0.229469) (-0.205009 0.335135 -0.259509) (-0.121135 0.25864 -0.25089) (-0.0736253 0.19949 -0.20944) (-0.198316 0.300581 -0.330562) (-0.141256 0.249566 -0.303508) (-0.103291 0.211235 -0.259521) (-0.198316 0.300581 -0.330562) (-0.141256 0.249566 -0.303508) (-0.103291 0.211235 -0.259521)
70            (-0.0620981 0.218542 -0.268284) (-0.143907 0.297671 -0.275749) (-0.0277134 0.234564 -0.242514) (0.0460228 0.17132 -0.194049) (-0.111673 0.259938 -0.304185) (-0.0287007 0.211011 -0.260276) (0.021758 0.159336 -0.208399) (-0.111673 0.259938 -0.304185) (-0.0287007 0.211011 -0.260276) (0.021758 0.159336 -0.208399) (-0.148199 0.277751 -0.275154) (-0.0562027 0.222706 -0.243506) (-0.00114429 0.176076 -0.194617) (-0.129676 0.255617 -0.312608) (-0.0620981 0.218542 -0.268284) (-0.0187112 0.184326 -0.216963) (-0.129676 0.255617 -0.312608) (-0.0620981 0.218542 -0.268284) (-0.0187112 0.184326 -0.216963) (-0.169013 0.256834 -0.28555) (-0.106914 0.215501 -0.256804) (-0.0704057 0.186206 -0.212072) (-0.16019 0.252835 -0.340704) (-0.108569 0.229247 -0.296869) (-0.0702478 0.209927 -0.248374) (-0.16019 0.252835 -0.340704) (-0.108569 0.229247 -0.296869) (-0.0702478 0.209927 -0.248374)
72            (-0.0378613 0.204592 -0.248766) (-0.0747171 0.237024 -0.270742) (0.0119319 0.184271 -0.230651) (0.0436552 0.127291 -0.18832) (-0.0611136 0.215031 -0.280805) (-0.0067795 0.171019 -0.237841) (0.0103922 0.12129 -0.194118) (-0.0611136 0.215031 -0.280805) (-0.0067795 0.171019 -0.237841) (0.0103922 0.12129 -0.194118) (-0.104816 0.235605 -0.2775) (-0.0342666 0.201118 -0.234915) (-0.000599216 0.165707 -0.190073) (-0.0892468 0.230396 -0.29555) (-0.0378613 0.204592 -0.248766) (-0.010182 0.174439 -0.203525) (-0.0892468 0.230396 -0.29555) (-0.0378613 0.204592 -0.248766) (-0.010182 0.174439 -0.203525) (-0.15238 0.233081 -0.30225) (-0.098906 0.215598 -0.258903) (-0.0657911 0.197881 -0.21555) (-0.126436 0.239842 -0.33306) (-0.0779491 0.22883 -0.28104) (-0.0421514 0.213204 -0.234448) (-0.126436 0.239842 -0.33306) (-0.0779491 0.22883 -0.28104) (-0.0421514 0.213204 -0.234448)
74            (-0.0322532 0.208844 -0.237655) (-0.0467395 0.218213 -0.259369) (0.00650458 0.176484 -0.22124) (0.0122271 0.130235 -0.187406) (-0.0469402 0.20075 -0.259455) (-0.0177304 0.164038 -0.223487) (-0.0141001 0.120669 -0.189829) (-0.0469402 0.20075 -0.259455) (-0.0177304 0.164038 -0.223487) (-0.0141001 0.120669 -0.189829) (-0.0880409 0.233827 -0.273374) (-0.0364147 0.212507 -0.230788) (-0.0158877 0.183244 -0.195318) (-0.0703156 0.227805 -0.277328) (-0.0322532 0.208844 -0.237655) (-0.0116366 0.181017 -0.202468) (-0.0703156 0.227805 -0.277328) (-0.0322532 0.208844 -0.237655) (-0.0116366 0.181017 -0.202468) (-0.139171 0.235544 -0.308485) (-0.0906364 0.227739 -0.262128) (-0.0597665 0.212546 -0.224505) (-0.0997852 0.23715 -0.316542) (-0.0555095 0.231197 -0.270256) (-0.0219942 0.215675 -0.23093) (-0.0997852 0.23715 -0.316542) (-0.0555095 0.231197 -0.270256) (-0.0219942 0.215675 -0.23093)
76            (-0.0351299 0.22272 -0.233161) (-0.0528719 0.225648 -0.251538) (-0.0145448 0.194179 -0.218711) (-0.00919114 0.156706 -0.192785) (-0.0529712 0.210858 -0.245598) (-0.0312938 0.180061 -0.216846) (-0.0248647 0.139281 -0.19006) (-0.0529712 0.210858 -0.245598) (-0.0312938 0.180061 -0.216846) (-0.0248647 0.139281 -0.19006) (-0.0947269 0.243302 -0.268872) (-0.0504082 0.229209 -0.233146) (-0.0289691 0.204723 -0.206002) (-0.0694302 0.237694 -0.263938) (-0.0351299 0.22272 -0.233161) (-0.0127333 0.19571 -0.205305) (-0.0694302 0.237694 -0.263938) (-0.0351299 0.22272 -0.233161) (-0.0127333 0.19571 -0.205305) (-0.141924 0.238249 -0.309106) (-0.0942047 0.23412 -0.270237) (-0.0606685 0.219643 -0.24004) (-0.092146 0.241114 -0.303749) (-0.0487266 0.237299 -0.268095) (-0.013781 0.221436 -0.236069) (-0.092146 0.241114 -0.303749) (-0.0487266 0.237299 -0.268095) (-0.013781 0.221436 -0.236069)
78            (-0.0509907 0.238913 -0.246155) (-0.0807882 0.241122 -0.256472) (-0.0429568 0.220284 -0.227583) (-0.0280802 0.186592 -0.206153) (-0.0719611 0.232529 -0.247344) (-0.0465643 0.207522 -0.221611) (-0.032209 0.168114 -0.198087) (-0.0719611 0.232529 -0.247344) (-0.0465643 0.207522 -0.221611) (-0.032209 0.168114 -0.198087) (-0.12333 0.248025 -0.281902) (-0.0785307 0.239432 -0.252677) (-0.0497252 0.217974 -0.230163) (-0.0883428 0.25024 -0.272243) (-0.0509907 0.238913 -0.246155) (-0.0226064 0.21361 -0.222009) (-0.0883428 0.25024 -0.272243) (-0.0509907 0.238913 -0.246155) (-0.0226064 0.21361 -0.222009) (-0.168676 0.231076 -0.331316) (-0.12057 0.228198 -0.302264) (-0.0826347 0.214672 -0.277527) (-0.111902 0.243991 -0.320094) (-0.0662884 0.24138 -0.29184) (-0.0273713 0.226442 -0.263936) (-0.111902 0.243991 -0.320094) (-0.0662884 0.24138 -0.29184) (-0.0273713 0.226442 -0.263936)
80            (-0.0815318 0.247416 -0.285544) (-0.121563 0.251614 -0.281917) (-0.0788091 0.238475 -0.255195) (-0.0516841 0.210002 -0.234704) (-0.102413 0.253122 -0.271624) (-0.0682125 0.234442 -0.245765) (-0.0426037 0.199434 -0.223008) (-0.102413 0.253122 -0.271624) (-0.0682125 0.234442 -0.245765) (-0.0426037 0.199434 -0.223008) (-0.165674 0.240989 -0.319775) (-0.118765 0.235589 -0.296381) (-0.0820034 0.218145 -0.275587) (-0.12537 0.254938 -0.30999) (-0.0815318 0.247416 -0.285544) (-0.0441999 0.226386 -0.261835) (-0.12537 0.254938 -0.30999) (-0.0815318 0.247416 -0.285544) (-0.0441999 0.226386 -0.261835) (-0.212942 0.209029 -0.380844) (-0.16708 0.205918 -0.362561) (-0.127159 0.193686 -0.341645) (-0.157868 0.23464 -0.373888) (-0.108648 0.234022 -0.350176) (-0.0636397 0.222858 -0.322669) (-0.157868 0.23464 -0.373888) (-0.108648 0.234022 -0.350176) (-0.0636397 0.222858 -0.322669)
82            (-0.118357 0.245613 -0.34105) (-0.15616 0.251109 -0.320906) (-0.112954 0.241512 -0.29226) (-0.0791617 0.217644 -0.271015) (-0.129166 0.261913 -0.317395) (-0.0905459 0.249258 -0.286156) (-0.0573668 0.220476 -0.261642) (-0.129166 0.261913 -0.317395) (-0.0905459 0.249258 -0.286156) (-0.0573668 0.220476 -0.261642) (-0.205764 0.225773 -0.368209) (-0.162284 0.219963 -0.344961) (-0.123697 0.204202 -0.324657) (-0.163917 0.249568 -0.371726) (-0.118357 0.245613 -0.34105) (-0.0757902 0.229612 -0.314592) (-0.163917 0.249568 -0.371726) (-0.118357 0.245613 -0.34105) (-0.0757902 0.229612 -0.314592) (-0.259233 0.181282 -0.436531) (-0.22211 0.174001 -0.421117) (-0.187177 0.159284 -0.403782) (-0.212412 0.215667 -0.454586) (-0.165963 0.215653 -0.425134) (-0.11965 0.207412 -0.395521) (-0.212412 0.215667 -0.454586) (-0.165963 0.215653 -0.425134) (-0.11965 0.207412 -0.395521)
84            (-0.16247 0.238384 -0.397587) (-0.1919 0.244645 -0.345446) (-0.147974 0.235036 -0.320173) (-0.110109 0.212929 -0.300199) (-0.16268 0.265741 -0.35525) (-0.119541 0.25494 -0.323238) (-0.0797685 0.229451 -0.297508) (-0.16268 0.265741 -0.35525) (-0.119541 0.25494 -0.323238) (-0.0797685 0.229451 -0.297508) (-0.244985 0.209076 -0.40018) (-0.205245 0.201078 -0.383682) (-0.167726 0.184207 -0.366707) (-0.20917 0.242524 -0.427374) (-0.16247 0.238384 -0.397587) (-0.116092 0.224107 -0.36984) (-0.20917 0.242524 -0.427374) (-0.16247 0.238384 -0.397587) (-0.116092 0.224107 -0.36984) (-0.29757 0.158675 -0.471827) (-0.268413 0.147844 -0.464541) (-0.239788 0.12937 -0.452395) (-0.267889 0.198054 -0.530745) (-0.226004 0.195599 -0.504904) (-0.181722 0.186129 -0.47639) (-0.267889 0.198054 -0.530745) (-0.226004 0.195599 -0.504904) (-0.181722 0.186129 -0.47639)
86            (-0.199475 0.246489 -0.437006) (-0.226237 0.254189 -0.355965) (-0.180217 0.243776 -0.33128) (-0.13847 0.221135 -0.312178) (-0.193539 0.279987 -0.384526) (-0.146591 0.270107 -0.349634) (-0.101312 0.245518 -0.321588) (-0.193539 0.279987 -0.384526) (-0.146591 0.270107 -0.349634) (-0.101312 0.245518 -0.321588) (-0.279973 0.215364 -0.413823) (-0.241395 0.204744 -0.398394) (-0.20353 0.185276 -0.383525) (-0.246809 0.251918 -0.469867) (-0.199475 0.246489 -0.437006) (-0.150079 0.231269 -0.407191) (-0.246809 0.251918 -0.469867) (-0.199475 0.246489 -0.437006) (-0.150079 0.231269 -0.407191) (-0.330427 0.16576 -0.483679) (-0.303727 0.151885 -0.47588) (-0.276342 0.130396 -0.465768) (-0.309981 0.20456 -0.582845) (-0.269939 0.198808 -0.553176) (-0.225588 0.186073 -0.523977) (-0.309981 0.20456 -0.582845) (-0.269939 0.198808 -0.553176) (-0.225588 0.186073 -0.523977)
88            (-0.215665 0.262194 -0.450646) (-0.252868 0.270756 -0.351031) (-0.199761 0.260488 -0.32409) (-0.150513 0.238388 -0.305907) (-0.214459 0.297339 -0.39887) (-0.161199 0.288198 -0.359162) (-0.108953 0.264202 -0.329528) (-0.214459 0.297339 -0.39887) (-0.161199 0.288198 -0.359162) (-0.108953 0.264202 -0.329528) (-0.3037 0.232228 -0.407866) (-0.259701 0.221385 -0.390735) (-0.215942 0.202149 -0.377396) (-0.26791 0.267994 -0.487931) (-0.215665 0.262194 -0.450646) (-0.160177 0.246507 -0.419471) (-0.26791 0.267994 -0.487931) (-0.215665 0.262194 -0.450646) (-0.160177 0.246507 -0.419471) (-0.351192 0.184956 -0.474273) (-0.319523 0.171472 -0.464824) (-0.286557 0.151158 -0.456452) (-0.329875 0.222474 -0.59987) (-0.28486 0.216274 -0.565258) (-0.234307 0.202721 -0.534758) (-0.329875 0.222474 -0.59987) (-0.28486 0.216274 -0.565258) (-0.234307 0.202721 -0.534758)
90            (-0.206093 0.279499 -0.439308) (-0.265714 0.28877 -0.337252) (-0.200074 0.277472 -0.307498) (-0.13947 0.256094 -0.287144) (-0.217167 0.311627 -0.397713) (-0.155166 0.301897 -0.35185) (-0.0959769 0.277537 -0.319373) (-0.217167 0.311627 -0.397713) (-0.155166 0.301897 -0.35185) (-0.0959769 0.277537 -0.319373) (-0.314227 0.252979 -0.392323) (-0.257869 0.241758 -0.372389) (-0.202477 0.224205 -0.356793) (-0.267445 0.285943 -0.483021) (-0.206093 0.279499 -0.439308) (-0.142605 0.263329 -0.404888) (-0.267445 0.285943 -0.483021) (-0.206093 0.279499 -0.439308) (-0.142605 0.263329 -0.404888) (-0.361696 0.208231 -0.458018) (-0.317694 0.195138 -0.447096) (-0.272708 0.177451 -0.436971) (-0.326783 0.245771 -0.589312) (-0.27138 0.239554 -0.548324) (-0.210829 0.226317 -0.513895) (-0.326783 0.245771 -0.589312) (-0.27138 0.239554 -0.548324) (-0.210829 0.226317 -0.513895)
92            (-0.18065 0.286172 -0.414076) (-0.263732 0.29678 -0.316984) (-0.184365 0.282974 -0.291548) (-0.112025 0.261178 -0.268844) (-0.205191 0.316076 -0.380298) (-0.134783 0.303841 -0.335431) (-0.0706532 0.277314 -0.301303) (-0.205191 0.316076 -0.380298) (-0.134783 0.303841 -0.335431) (-0.0706532 0.277314 -0.301303) (-0.308963 0.263555 -0.371289) (-0.239273 0.251389 -0.352798) (-0.171516 0.235104 -0.333618) (-0.250702 0.294208 -0.459091) (-0.18065 0.286172 -0.414076) (-0.11109 0.268591 -0.377375) (-0.250702 0.294208 -0.459091) (-0.18065 0.286172 -0.414076) (-0.11109 0.268591 -0.377375) (-0.356047 0.221032 -0.439585) (-0.298802 0.208411 -0.428759) (-0.24075 0.193372 -0.414876) (-0.306291 0.259151 -0.560342) (-0.240899 0.252745 -0.516407) (-0.172019 0.239902 -0.478862) (-0.306291 0.259151 -0.560342) (-0.240899 0.252745 -0.516407) (-0.172019 0.239902 -0.478862)
94            (-0.146961 0.282183 -0.390784) (-0.243158 0.293083 -0.302281) (-0.152718 0.276554 -0.284761) (-0.0743659 0.251133 -0.260586) (-0.180878 0.310754 -0.359689) (-0.104678 0.294233 -0.321816) (-0.0407992 0.26231 -0.287143) (-0.180878 0.310754 -0.359689) (-0.104678 0.294233 -0.321816) (-0.0407992 0.26231 -0.287143) (-0.285617 0.2626 -0.355777) (-0.205748 0.250647 -0.340878) (-0.131199 0.23377 -0.317702) (-0.22263 0.292358 -0.431771) (-0.146961 0.282183 -0.390784) (-0.0766069 0.261242 -0.352425) (-0.22263 0.292358 -0.431771) (-0.146961 0.282183 -0.390784) (-0.0766069 0.261242 -0.352425) (-0.332771 0.222105 -0.426354) (-0.265597 0.211763 -0.415782) (-0.199769 0.198554 -0.396512) (-0.275692 0.261056 -0.528744) (-0.203962 0.25465 -0.486088) (-0.132272 0.241237 -0.445647) (-0.275692 0.261056 -0.528744) (-0.203962 0.25465 -0.486088) (-0.132272 0.241237 -0.445647)
96            (-0.118765 0.271195 -0.371565) (-0.208429 0.281843 -0.293264) (-0.116162 0.26158 -0.281117) (-0.0439736 0.227832 -0.25669) (-0.152997 0.299255 -0.338695) (-0.0788481 0.276146 -0.309501) (-0.0241492 0.234784 -0.276191) (-0.152997 0.299255 -0.338695) (-0.0788481 0.276146 -0.309501) (-0.0241492 0.234784 -0.276191) (-0.250294 0.255118 -0.345436) (-0.168207 0.243219 -0.331929) (-0.0971636 0.222297 -0.305954) (-0.19306 0.284621 -0.405995) (-0.118765 0.271195 -0.371565) (-0.0555947 0.244035 -0.333579) (-0.19306 0.284621 -0.405995) (-0.118765 0.271195 -0.371565) (-0.0555947 0.244035 -0.333579) (-0.298652 0.216787 -0.417087) (-0.228571 0.208957 -0.404062) (-0.16381 0.195323 -0.379684) (-0.245455 0.255975 -0.500909) (-0.174085 0.249147 -0.461953) (-0.10708 0.233188 -0.420205) (-0.245455 0.255975 -0.500909) (-0.174085 0.249147 -0.461953) (-0.10708 0.233188 -0.420205)
98            (-0.109941 0.257539 -0.355715) (-0.173544 0.269826 -0.284396) (-0.0936993 0.242393 -0.274501) (-0.0396452 0.198236 -0.252329) (-0.135071 0.286141 -0.319841) (-0.073537 0.254446 -0.297368) (-0.0348674 0.202879 -0.267909) (-0.135071 0.286141 -0.319841) (-0.073537 0.254446 -0.297368) (-0.0348674 0.202879 -0.267909) (-0.215778 0.24876 -0.333355) (-0.142621 0.233187 -0.319862) (-0.0851261 0.20469 -0.294658) (-0.174293 0.276333 -0.384016) (-0.109941 0.257539 -0.355715) (-0.0601555 0.222391 -0.321133) (-0.174293 0.276333 -0.384016) (-0.109941 0.257539 -0.355715) (-0.0601555 0.222391 -0.321133) (-0.264772 0.212858 -0.404031) (-0.200737 0.204167 -0.388117) (-0.145606 0.186386 -0.362029) (-0.226618 0.249625 -0.478731) (-0.162988 0.240391 -0.444099) (-0.106757 0.219621 -0.404065) (-0.226618 0.249625 -0.478731) (-0.162988 0.240391 -0.444099) (-0.106757 0.219621 -0.404065)
100           (-0.128354 0.248345 -0.345647) (-0.159665 0.26431 -0.272732) (-0.101207 0.229104 -0.266214) (-0.0665023 0.177678 -0.25036) (-0.142507 0.279227 -0.305655) (-0.098043 0.240104 -0.28893) (-0.0726641 0.181495 -0.266219) (-0.142507 0.279227 -0.305655) (-0.098043 0.240104 -0.28893) (-0.0726641 0.181495 -0.266219) (-0.198869 0.248572 -0.316348) (-0.142 0.226919 -0.30571) (-0.100654 0.191069 -0.286078) (-0.178748 0.272901 -0.367822) (-0.128354 0.248345 -0.345647) (-0.0909317 0.206708 -0.317695) (-0.178748 0.272901 -0.367822) (-0.128354 0.248345 -0.345647) (-0.0909317 0.206708 -0.317695) (-0.24388 0.214416 -0.383847) (-0.192046 0.201892 -0.368641) (-0.149906 0.178245 -0.34569) (-0.228508 0.24621 -0.463408) (-0.176614 0.233251 -0.433988) (-0.131946 0.207444 -0.399136) (-0.228508 0.24621 -0.463408) (-0.176614 0.233251 -0.433988) (-0.131946 0.207444 -0.399136)
102           (-0.157315 0.244443 -0.341859) (-0.163422 0.262374 -0.261282) (-0.124279 0.223027 -0.261905) (-0.100761 0.169495 -0.254556) (-0.164431 0.277509 -0.297946) (-0.133314 0.23509 -0.289038) (-0.113513 0.174553 -0.274578) (-0.164431 0.277509 -0.297946) (-0.133314 0.23509 -0.289038) (-0.113513 0.174553 -0.274578) (-0.194732 0.251234 -0.29602) (-0.154003 0.224628 -0.291768) (-0.124275 0.184701 -0.280421) (-0.195164 0.272768 -0.356487) (-0.157315 0.244443 -0.341859) (-0.127586 0.199806 -0.322358) (-0.195164 0.272768 -0.356487) (-0.157315 0.244443 -0.341859) (-0.127586 0.199806 -0.322358) (-0.230814 0.220404 -0.354532) (-0.192021 0.203582 -0.343311) (-0.160799 0.17527 -0.326624) (-0.239459 0.24628 -0.449709) (-0.199272 0.230029 -0.426728) (-0.163861 0.200805 -0.399522) (-0.239459 0.24628 -0.449709) (-0.199272 0.230029 -0.426728) (-0.163861 0.200805 -0.399522)
104           (-0.181704 0.248098 -0.332495) (-0.171586 0.266903 -0.246621) (-0.14423 0.225314 -0.254834) (-0.125421 0.171246 -0.254214) (-0.187358 0.282031 -0.288332) (-0.164205 0.23721 -0.287158) (-0.146426 0.176016 -0.279782) (-0.187358 0.282031 -0.288332) (-0.164205 0.23721 -0.287158) (-0.146426 0.176016 -0.279782) (-0.192381 0.261465 -0.269539) (-0.162321 0.231273 -0.2728) (-0.138783 0.1893 -0.267898) (-0.210672 0.279934 -0.339777) (-0.181704 0.248098 -0.332495) (-0.156714 0.201598 -0.320047) (-0.210672 0.279934 -0.339777) (-0.181704 0.248098 -0.332495) (-0.156714 0.201598 -0.320047) (-0.216531 0.236608 -0.314416) (-0.18693 0.21607 -0.308894) (-0.162186 0.18492 -0.297198) (-0.246845 0.255731 -0.42548) (-0.215869 0.23576 -0.408261) (-0.187149 0.203603 -0.387335) (-0.246845 0.255731 -0.42548) (-0.215869 0.23576 -0.408261) (-0.187149 0.203603 -0.387335)
106           (-0.187303 0.265467 -0.313599) (-0.169131 0.283825 -0.236875) (-0.147634 0.242862 -0.248468) (-0.130674 0.189473 -0.252338) (-0.196456 0.296753 -0.278765) (-0.178033 0.251403 -0.281318) (-0.1619 0.190255 -0.279172) (-0.196456 0.296753 -0.278765) (-0.178033 0.251403 -0.281318) (-0.1619 0.190255 -0.279172) (-0.179026 0.284525 -0.246129) (-0.154386 0.254653 -0.253288) (-0.133381 0.2135 -0.25255) (-0.210683 0.298437 -0.31758) (-0.187303 0.265467 -0.313599) (-0.165559 0.218573 -0.305808) (-0.210683 0.298437 -0.31758) (-0.187303 0.265467 -0.313599) (-0.165559 0.218573 -0.305808) (-0.191333 0.267077 -0.27406) (-0.166197 0.246977 -0.271654) (-0.14368 0.216952 -0.262999) (-0.236673 0.278588 -0.38808) (-0.211379 0.257368 -0.37247) (-0.186587 0.224419 -0.354893) (-0.236673 0.278588 -0.38808) (-0.211379 0.257368 -0.37247) (-0.186587 0.224419 -0.354893)
108           (-0.168083 0.298826 -0.287761) (-0.149848 0.311967 -0.230848) (-0.131518 0.273605 -0.24635) (-0.116453 0.22246 -0.254963) (-0.184207 0.322579 -0.266281) (-0.169284 0.278094 -0.271944) (-0.156271 0.217637 -0.274086) (-0.184207 0.322579 -0.266281) (-0.169284 0.278094 -0.271944) (-0.156271 0.217637 -0.274086) (-0.150318 0.319266 -0.228412) (-0.128381 0.292865 -0.240159) (-0.108922 0.255444 -0.244874) (-0.188016 0.330376 -0.289244) (-0.168083 0.298826 -0.287761) (-0.149297 0.253505 -0.283805) (-0.188016 0.330376 -0.289244) (-0.168083 0.298826 -0.287761) (-0.149297 0.253505 -0.283805) (-0.153602 0.309837 -0.240743) (-0.130426 0.293944 -0.242882) (-0.108648 0.269001 -0.239751) (-0.202704 0.317523 -0.339068) (-0.180116 0.298382 -0.32392) (-0.157298 0.267975 -0.308759) (-0.202704 0.317523 -0.339068) (-0.180116 0.298382 -0.32392) (-0.157298 0.267975 -0.308759)
110           (-0.12951 0.340744 -0.270144) (-0.11547 0.345206 -0.230037) (-0.100372 0.310468 -0.251095) (-0.0880493 0.263474 -0.266316) (-0.151834 0.355367 -0.257203) (-0.141087 0.312675 -0.267696) (-0.132642 0.254475 -0.275454) (-0.151834 0.355367 -0.257203) (-0.141087 0.312675 -0.267696) (-0.132642 0.254475 -0.275454) (-0.108548 0.357733 -0.219577) (-0.0894159 0.335532 -0.238254) (-0.0723679 0.303115 -0.251124) (-0.145499 0.369944 -0.266061) (-0.12951 0.340744 -0.270144) (-0.114876 0.29863 -0.272803) (-0.145499 0.369944 -0.266061) (-0.12951 0.340744 -0.270144) (-0.114876 0.29863 -0.272803) (-0.106457 0.355755 -0.22038) (-0.0855942 0.344309 -0.230928) (-0.0657447 0.324872 -0.23726) (-0.150407 0.366244 -0.295852) (-0.131185 0.349872 -0.28578) (-0.111643 0.323609 -0.27742) (-0.150407 0.366244 -0.295852) (-0.131185 0.349872 -0.28578) (-0.111643 0.323609 -0.27742)
112           (-0.0823546 0.378208 -0.264795) (-0.0723807 0.373407 -0.23267) (-0.0624303 0.344732 -0.258672) (-0.0549618 0.304906 -0.280207) (-0.106881 0.38495 -0.255915) (-0.101678 0.346639 -0.273022) (-0.099136 0.293917 -0.287139) (-0.106881 0.38495 -0.255915) (-0.101678 0.346639 -0.273022) (-0.099136 0.293917 -0.287139) (-0.0610156 0.387469 -0.215108) (-0.0463065 0.37119 -0.239778) (-0.0339035 0.345603 -0.260132) (-0.0931639 0.403488 -0.251637) (-0.0823546 0.378208 -0.264795) (-0.0735115 0.341233 -0.276046) (-0.0931639 0.403488 -0.251637) (-0.0823546 0.378208 -0.264795) (-0.0735115 0.341233 -0.276046) (-0.0564123 0.390195 -0.205712) (-0.0388943 0.384102 -0.224337) (-0.0230703 0.370689 -0.239656) (-0.0910352 0.407917 -0.261894) (-0.0764414 0.394493 -0.263559) (-0.0623108 0.372484 -0.266131) (-0.0910352 0.407917 -0.261894) (-0.0764414 0.394493 -0.263559) (-0.0623108 0.372484 -0.266131)
114           (-0.039741 0.400014 -0.251303) (-0.0319458 0.385852 -0.216262) (-0.0269159 0.366523 -0.248767) (-0.0246113 0.338245 -0.276633) (-0.0650135 0.400694 -0.243517) (-0.064204 0.370716 -0.268831) (-0.0663154 0.328386 -0.289799) (-0.0650135 0.400694 -0.243517) (-0.064204 0.370716 -0.268831) (-0.0663154 0.328386 -0.289799) (-0.0180687 0.396998 -0.191701) (-0.00764664 0.389057 -0.223652) (-0.000529507 0.373957 -0.25053) (-0.0466343 0.418183 -0.226978) (-0.039741 0.400014 -0.251303) (-0.0357733 0.372243 -0.271057) (-0.0466343 0.418183 -0.226978) (-0.039741 0.400014 -0.251303) (-0.0357733 0.372243 -0.271057) (-0.0120588 0.400208 -0.174803) (0.00231859 0.401109 -0.202336) (0.0131855 0.396513 -0.225128) (-0.0393834 0.426263 -0.221182) (-0.0279923 0.418054 -0.238337) (-0.0189205 0.402895 -0.252015) (-0.0393834 0.426263 -0.221182) (-0.0279923 0.418054 -0.238337) (-0.0189205 0.402895 -0.252015)
116           (-0.00405317 0.413594 -0.22922) (0.00390997 0.391353 -0.185155) (0.00560118 0.382183 -0.222063) (0.00270064 0.367375 -0.255001) (-0.0267428 0.411089 -0.221114) (-0.0292028 0.39182 -0.252094) (-0.0352537 0.363333 -0.279246) (-0.0267428 0.411089 -0.221114) (-0.0292028 0.39182 -0.252094) (-0.0352537 0.363333 -0.279246) (0.016543 0.396346 -0.15866) (0.0243251 0.396973 -0.19484) (0.0261721 0.394048 -0.22604) (-0.00806919 0.422841 -0.19821) (-0.00405317 0.413594 -0.22922) (-0.0044247 0.398006 -0.25524) (-0.00806919 0.422841 -0.19821) (-0.00405317 0.413594 -0.22922) (-0.0044247 0.398006 -0.25524) (0.0213594 0.396666 -0.140552) (0.0341608 0.404111 -0.172874) (0.0397417 0.409845 -0.200077) (0.00063556 0.429079 -0.184592) (0.00978727 0.427211 -0.211036) (0.0140366 0.421554 -0.232311) (0.00063556 0.429079 -0.184592) (0.00978727 0.427211 -0.211036) (0.0140366 0.421554 -0.232311)
118           (0.0215739 0.420573 -0.197458) (0.0283011 0.39168 -0.142931) (0.0316512 0.39 -0.18181) (0.0253448 0.38694 -0.21747) (0.00234138 0.41637 -0.185905) (0.000229095 0.406272 -0.220322) (-0.00844031 0.39072 -0.251351) (0.00234138 0.41637 -0.185905) (0.000229095 0.406272 -0.220322) (-0.00844031 0.39072 -0.251351) (0.035995 0.391677 -0.120966) (0.0460464 0.39832 -0.158238) (0.0451348 0.405303 -0.191145) (0.0167169 0.422277 -0.163509) (0.0215739 0.420573 -0.197458) (0.0186933 0.416065 -0.226405) (0.0167169 0.422277 -0.163509) (0.0215739 0.420573 -0.197458) (0.0186933 0.416065 -0.226405) (0.0369243 0.389533 -0.107982) (0.0525 0.401619 -0.141183) (0.0562355 0.415528 -0.169595) (0.0225502 0.425277 -0.150432) (0.0329176 0.429123 -0.180622) (0.0345933 0.432438 -0.204956) (0.0225502 0.425277 -0.150432) (0.0329176 0.429123 -0.180622) (0.0345933 0.432438 -0.204956)
120           (0.0377016 0.421053 -0.165299) (0.0404587 0.385709 -0.106914) (0.0500699 0.389658 -0.142361) (0.0431611 0.39751 -0.178225) (0.0209902 0.413162 -0.150171) (0.0228739 0.411582 -0.183122) (0.0132245 0.408853 -0.215779) (0.0209902 0.413162 -0.150171) (0.0228739 0.411582 -0.183122) (0.0132245 0.408853 -0.215779) (0.0423921 0.383444 -0.093686) (0.0588968 0.394466 -0.126545) (0.0579652 0.410356 -0.158774) (0.0286043 0.415823 -0.133972) (0.0377016 0.421053 -0.165299) (0.0344415 0.427109 -0.194674) (0.0286043 0.415823 -0.133972) (0.0377016 0.421053 -0.165299) (0.0344415 0.427109 -0.194674) (0.0387693 0.381656 -0.0883854) (0.0607341 0.397082 -0.116961) (0.0652991 0.418167 -0.144121) (0.0292374 0.418 -0.126597) (0.0437486 0.427297 -0.154261) (0.0454774 0.438951 -0.178793) (0.0292374 0.418 -0.126597) (0.0437486 0.427297 -0.154261) (0.0454774 0.438951 -0.178793)
122           (0.0442764 0.422137 -0.141557) (0.0428919 0.381386 -0.0848572) (0.059466 0.389613 -0.114183) (0.0536871 0.406854 -0.14726) (0.0287227 0.408959 -0.123396) (0.0362726 0.414466 -0.151571) (0.0275812 0.423363 -0.182496) (0.0287227 0.408959 -0.123396) (0.0362726 0.414466 -0.151571) (0.0275812 0.423363 -0.182496) (0.0406629 0.379369 -0.0809497) (0.062902 0.394353 -0.107211) (0.0633264 0.418289 -0.135899) (0.0304012 0.410793 -0.115523) (0.0442764 0.422137 -0.141557) (0.0418505 0.437833 -0.168641) (0.0304012 0.410793 -0.115523) (0.0442764 0.422137 -0.141557) (0.0418505 0.437833 -0.168641) (0.0342485 0.380215 -0.0827021) (0.0606381 0.399323 -0.104914) (0.0667446 0.427198 -0.128326) (0.0267193 0.414577 -0.114653) (0.0452594 0.429139 -0.137098) (0.0481584 0.448721 -0.159182) (0.0267193 0.414577 -0.114653) (0.0452594 0.429139 -0.137098) (0.0481584 0.448721 -0.159182)
124           (0.0450424 0.427351 -0.129136) (0.044145 0.379518 -0.0796611) (0.0631291 0.392927 -0.101647) (0.0577391 0.419196 -0.128946) (0.0319844 0.404654 -0.11036) (0.0427367 0.41726 -0.132073) (0.0345911 0.436936 -0.158302) (0.0319844 0.404654 -0.11036) (0.0427367 0.41726 -0.132073) (0.0345911 0.436936 -0.158302) (0.0397506 0.381102 -0.0828698) (0.0624151 0.40172 -0.101691) (0.0628573 0.433694 -0.124392) (0.0293292 0.40911 -0.109833) (0.0450424 0.427351 -0.129136) (0.0430379 0.452281 -0.151219) (0.0293292 0.40911 -0.109833) (0.0450424 0.427351 -0.129136) (0.0430379 0.452281 -0.151219) (0.0321061 0.387128 -0.088356) (0.0575944 0.412066 -0.103883) (0.0634531 0.44681 -0.121724) (0.0226493 0.417204 -0.113211) (0.0420216 0.43833 -0.129564) (0.0453082 0.465551 -0.146932) (0.0226493 0.417204 -0.113211) (0.0420216 0.43833 -0.129564) (0.0453082 0.465551 -0.146932)
126           (0.0413224 0.438754 -0.127324) (0.0467746 0.381146 -0.0883179) (0.061637 0.402335 -0.103364) (0.0546857 0.438006 -0.123249) (0.0337933 0.402469 -0.110949) (0.0429692 0.423209 -0.125823) (0.034162 0.452955 -0.145312) (0.0337933 0.402469 -0.110949) (0.0429692 0.423209 -0.125823) (0.034162 0.452955 -0.145312) (0.0412039 0.389132 -0.0946114) (0.058646 0.417951 -0.106745) (0.0571509 0.458271 -0.122525) (0.02815 0.412353 -0.114775) (0.0413224 0.438754 -0.127324) (0.0384628 0.472347 -0.142884) (0.02815 0.412353 -0.114775) (0.0413224 0.438754 -0.127324) (0.0384628 0.472347 -0.142884) (0.0332219 0.401179 -0.100022) (0.0532703 0.434423 -0.109805) (0.0569504 0.47609 -0.121677) (0.0195907 0.42576 -0.119112) (0.0360751 0.454828 -0.129635) (0.0384064 0.489095 -0.141246) (0.0195907 0.42576 -0.119112) (0.0360751 0.454828 -0.129635) (0.0384064 0.489095 -0.141246)
128           (0.0374316 0.460736 -0.128274) (0.0521446 0.390722 -0.0945259) (0.0582692 0.422639 -0.108325) (0.0483056 0.467753 -0.122801) (0.0367842 0.409319 -0.112961) (0.0400644 0.439389 -0.125715) (0.029426 0.477993 -0.139643) (0.0367842 0.409319 -0.112961) (0.0400644 0.439389 -0.125715) (0.029426 0.477993 -0.139643) (0.0467866 0.405702 -0.100474) (0.0556792 0.444907 -0.111732) (0.05082 0.492829 -0.122874) (0.0303547 0.42545 -0.117516) (0.0374316 0.460736 -0.128274) (0.0323803 0.501303 -0.138862) (0.0303547 0.42545 -0.117516) (0.0374316 0.460736 -0.128274) (0.0323803 0.501303 -0.138862) (0.0397555 0.422713 -0.104739) (0.051884 0.465606 -0.113716) (0.0517793 0.512618 -0.121678) (0.0218596 0.443239 -0.121196) (0.0324666 0.48049 -0.130156) (0.0321977 0.51958 -0.137476) (0.0218596 0.443239 -0.121196) (0.0324666 0.48049 -0.130156) (0.0321977 0.51958 -0.137476)
130           (0.0351202 0.483372 -0.127302) (0.0561878 0.400419 -0.0966821) (0.0544754 0.44543 -0.110291) (0.0422107 0.500053 -0.121728) (0.0395822 0.417458 -0.11305) (0.036722 0.458454 -0.124847) (0.0245147 0.505322 -0.135382) (0.0395822 0.417458 -0.11305) (0.036722 0.458454 -0.124847) (0.0245147 0.505322 -0.135382) (0.0519804 0.420605 -0.101745) (0.053875 0.471652 -0.113008) (0.0462807 0.526219 -0.121659) (0.0337283 0.438233 -0.117437) (0.0351202 0.483372 -0.127302) (0.0280227 0.529616 -0.134898) (0.0337283 0.438233 -0.117437) (0.0351202 0.483372 -0.127302) (0.0280227 0.529616 -0.134898) (0.0466063 0.440578 -0.10533) (0.0525511 0.493573 -0.114012) (0.049072 0.544017 -0.119743) (0.0262509 0.45838 -0.12059) (0.0316904 0.504044 -0.128399) (0.0287593 0.545957 -0.132971) (0.0262509 0.45838 -0.12059) (0.0316904 0.504044 -0.128399) (0.0287593 0.545957 -0.132971)
132           (0.0350828 0.499838 -0.123924) (0.0585305 0.406127 -0.0941147) (0.0520311 0.463944 -0.108423) (0.0388177 0.525937 -0.118459) (0.0419906 0.422747 -0.109809) (0.0351169 0.474277 -0.1217) (0.0223536 0.527114 -0.130441) (0.0419906 0.422747 -0.109809) (0.0351169 0.474277 -0.1217) (0.0223536 0.527114 -0.130441) (0.0559353 0.429208 -0.0984773) (0.0536527 0.491041 -0.11072) (0.0444749 0.549594 -0.118187) (0.0373537 0.445959 -0.113887) (0.0350828 0.499838 -0.123924) (0.0267723 0.549046 -0.129834) (0.0373537 0.445959 -0.113887) (0.0350828 0.499838 -0.123924) (0.0267723 0.549046 -0.129834) (0.0526104 0.450513 -0.102154) (0.054693 0.511997 -0.111311) (0.048714 0.563006 -0.115647) (0.0313551 0.466724 -0.117112) (0.0333039 0.51916 -0.12452) (0.028303 0.561039 -0.127186) (0.0313551 0.466724 -0.117112) (0.0333039 0.51916 -0.12452) (0.028303 0.561039 -0.127186)
134           (0.0370879 0.505895 -0.117474) (0.0598109 0.403753 -0.086598) (0.0512649 0.472614 -0.102412) (0.0383375 0.540319 -0.11183) (0.0441594 0.420738 -0.102414) (0.0354819 0.481231 -0.115346) (0.023175 0.538279 -0.123081) (0.0441594 0.420738 -0.102414) (0.0354819 0.481231 -0.115346) (0.023175 0.538279 -0.123081) (0.0589651 0.428258 -0.0907486) (0.0549916 0.499134 -0.104671) (0.0454189 0.560086 -0.111395) (0.0409877 0.444893 -0.106429) (0.0370879 0.505895 -0.117474) (0.0285253 0.556422 -0.122204) (0.0409877 0.444893 -0.106429) (0.0370879 0.505895 -0.117474) (0.0285253 0.556422 -0.122204) (0.0578309 0.450481 -0.0949876) (0.058221 0.518857 -0.105249) (0.0508428 0.569132 -0.108358) (0.0366798 0.465808 -0.110109) (0.0369255 0.523479 -0.117833) (0.0307324 0.563992 -0.118833) (0.0366798 0.465808 -0.110109) (0.0369255 0.523479 -0.117833) (0.0307324 0.563992 -0.118833)
136           (0.04309 0.497325 -0.105739) (0.0632325 0.386736 -0.0720191) (0.0545182 0.464934 -0.090329) (0.0425639 0.539017 -0.0994577) (0.0489409 0.404889 -0.0884762) (0.0400403 0.473038 -0.103345) (0.0287 0.534944 -0.110351) (0.0489409 0.404889 -0.0884762) (0.0400403 0.473038 -0.103345) (0.0287 0.534944 -0.110351) (0.0639798 0.412692 -0.0766447) (0.0601271 0.49158 -0.0929852) (0.0509171 0.556202 -0.0991031) (0.0470373 0.42994 -0.0929812) (0.04309 0.497325 -0.105739) (0.0348743 0.550359 -0.109417) (0.0470373 0.42994 -0.0929812) (0.04309 0.497325 -0.105739) (0.0348743 0.550359 -0.109417) (0.0649916 0.436692 -0.0820531) (0.0654135 0.511562 -0.0940466) (0.057474 0.56291 -0.0959464) (0.044379 0.451856 -0.0976455) (0.0444673 0.514562 -0.106319) (0.0377597 0.555378 -0.105675) (0.044379 0.451856 -0.0976455) (0.0444673 0.514562 -0.106319) (0.0377597 0.555378 -0.105675)
138           (0.0495704 0.470751 -0.0900468) (0.0658111 0.352038 -0.0539198) (0.0586432 0.43617 -0.0739092) (0.0485701 0.51946 -0.0834774) (0.0529181 0.371385 -0.0705374) (0.0453706 0.444755 -0.0869195) (0.0356535 0.514556 -0.0940595) (0.0529181 0.371385 -0.0705374) (0.0453706 0.444755 -0.0869195) (0.0356535 0.514556 -0.0940595) (0.0675172 0.379851 -0.0590939) (0.065597 0.465036 -0.0773625) (0.0580778 0.537774 -0.0837079) (0.0519619 0.397962 -0.075578) (0.0495704 0.470751 -0.0900468) (0.0426681 0.530687 -0.0936651) (0.0519619 0.397962 -0.075578) (0.0495704 0.470751 -0.0900468) (0.0426681 0.530687 -0.0936651) (0.0702429 0.406925 -0.066029) (0.0725924 0.48804 -0.079604) (0.0657472 0.545972 -0.0812692) (0.0508634 0.422367 -0.0817281) (0.0524092 0.490392 -0.0916614) (0.046397 0.53683 -0.0904947) (0.0508634 0.422367 -0.0817281) (0.0524092 0.490392 -0.0916614) (0.046397 0.53683 -0.0904947)
140           (0.0520657 0.428262 -0.0724039) (0.0644894 0.304914 -0.0342485) (0.0594661 0.388625 -0.0560346) (0.0518839 0.480635 -0.0666164) (0.0530258 0.32501 -0.0498353) (0.0473757 0.398806 -0.0684935) (0.0397321 0.47688 -0.0766981) (0.0530258 0.32501 -0.0498353) (0.0473757 0.398806 -0.0684935) (0.0397321 0.47688 -0.0766981) (0.0661701 0.334326 -0.0395555) (0.0668599 0.421262 -0.0601688) (0.0622277 0.503811 -0.06758) (0.0523127 0.353241 -0.0551504) (0.0520657 0.428262 -0.0724039) (0.0474351 0.497343 -0.0771426) (0.0523127 0.353241 -0.0551504) (0.0520657 0.428262 -0.0724039) (0.0474351 0.497343 -0.0771426) (0.0697402 0.365052 -0.0477794) (0.0749422 0.449633 -0.0638981) (0.070972 0.517402 -0.0664393) (0.0522293 0.381125 -0.0628611) (0.0559891 0.452811 -0.0755788) (0.0521517 0.508416 -0.0752981) (0.0522293 0.381125 -0.0628611) (0.0559891 0.452811 -0.0755788) (0.0521517 0.508416 -0.0752981)
142           (0.0498428 0.386185 -0.0576063) (0.0602969 0.264758 -0.0205769) (0.056584 0.342389 -0.0427039) (0.0508779 0.439201 -0.0547065) (0.0497191 0.284514 -0.0340679) (0.0454539 0.354148 -0.0537211) (0.0394959 0.437629 -0.0636469) (0.0497191 0.284514 -0.0340679) (0.0454539 0.354148 -0.0537211) (0.0394959 0.437629 -0.0636469) (0.0614223 0.2933 -0.0243036) (0.063436 0.377347 -0.0465452) (0.0614324 0.468648 -0.0558339) (0.0487965 0.312517 -0.0380541) (0.0498428 0.386185 -0.0576063) (0.0474351 0.464024 -0.0645391) (0.0487965 0.312517 -0.0380541) (0.0498428 0.386185 -0.0576063) (0.0474351 0.464024 -0.0645391) (0.06514 0.32579 -0.0324301) (0.0718537 0.410703 -0.0511212) (0.0711022 0.489744 -0.0556995) (0.049213 0.342567 -0.0460611) (0.0542991 0.415659 -0.0618736) (0.0531418 0.48216 -0.0639068) (0.049213 0.342567 -0.0460611) (0.0542991 0.415659 -0.0618736) (0.0531418 0.48216 -0.0639068)
144           (0.0478169 0.356595 -0.0462128) (0.0558917 0.241132 -0.0148272) (0.0543585 0.313018 -0.0346455) (0.0515095 0.409598 -0.0466289) (0.0459698 0.259328 -0.0254283) (0.0440536 0.324498 -0.0433762) (0.0407709 0.408898 -0.0536789) (0.0459698 0.259328 -0.0254283) (0.0440536 0.324498 -0.0433762) (0.0407709 0.408898 -0.0536789) (0.0563622 0.266896 -0.015923) (0.0602945 0.347262 -0.0370479) (0.0616183 0.442384 -0.0471815) (0.0446974 0.285277 -0.027078) (0.0478169 0.356595 -0.0462128) (0.0484321 0.439044 -0.0544135) (0.0446974 0.285277 -0.027078) (0.0478169 0.356595 -0.0462128) (0.0484321 0.439044 -0.0544135) (0.0597989 0.298768 -0.0224999) (0.0684525 0.382551 -0.0414077) (0.0715192 0.468715 -0.0474789) (0.0452919 0.31532 -0.0338501) (0.0523458 0.388472 -0.0506353) (0.0545826 0.462533 -0.0545795) (0.0452919 0.31532 -0.0338501) (0.0523458 0.388472 -0.0506353) (0.0545826 0.462533 -0.0545795)
146           (0.0475964 0.333084 -0.0392427) (0.0548647 0.225167 -0.0182577) (0.0544333 0.2924 -0.0328887) (0.0528908 0.385438 -0.0433047) (0.045088 0.240971 -0.0256352) (0.0445913 0.301984 -0.0389313) (0.0426796 0.383994 -0.0479556) (0.045088 0.240971 -0.0256352) (0.0445913 0.301984 -0.0389313) (0.0426796 0.383994 -0.0479556) (0.0549565 0.247998 -0.0153326) (0.0593229 0.324746 -0.0322227) (0.0620187 0.419678 -0.0419384) (0.0436637 0.264564 -0.0237404) (0.0475964 0.333084 -0.0392427) (0.0496131 0.416426 -0.0473198) (0.0436637 0.264564 -0.0237404) (0.0475964 0.333084 -0.0392427) (0.0496131 0.416426 -0.0473198) (0.0580118 0.278147 -0.0184122) (0.0667769 0.359914 -0.0345601) (0.0715799 0.449029 -0.0413236) (0.0443205 0.293513 -0.0274412) (0.0518068 0.36557 -0.0421388) (0.0557082 0.443453 -0.0470633) (0.0443205 0.293513 -0.0274412) (0.0518068 0.36557 -0.0421388) (0.0557082 0.443453 -0.0470633)
148           (0.049312 0.309479 -0.0378137) (0.0556299 0.212683 -0.02756) (0.0566943 0.273661 -0.037557) (0.0565744 0.359103 -0.0455158) (0.0458902 0.225807 -0.0318599) (0.0471167 0.280884 -0.0409301) (0.0466932 0.356403 -0.0475871) (0.0458902 0.225807 -0.0318599) (0.0471167 0.280884 -0.0409301) (0.0466932 0.356403 -0.0475871) (0.0549513 0.232051 -0.0206457) (0.0603792 0.302449 -0.0330074) (0.0644716 0.392656 -0.041212) (0.0440884 0.246475 -0.0262173) (0.049312 0.309479 -0.0378137) (0.0527474 0.389225 -0.0445439) (0.0440884 0.246475 -0.0262173) (0.049312 0.309479 -0.0378137) (0.0527474 0.389225 -0.0445439) (0.0570074 0.258514 -0.0193141) (0.0665903 0.334846 -0.0319697) (0.0731059 0.422716 -0.0384391) (0.044276 0.272388 -0.0258663) (0.0527406 0.340031 -0.0377824) (0.0582403 0.417595 -0.0426035) (0.044276 0.272388 -0.0258663) (0.0527406 0.340031 -0.0377824) (0.0582403 0.417595 -0.0426035)
150           (0.0507175 0.288735 -0.0433623) (0.0581243 0.204799 -0.0414959) (0.0590477 0.25783 -0.0486181) (0.0594032 0.3319 -0.0543008) (0.0478444 0.215585 -0.0438735) (0.0491903 0.262801 -0.0498621) (0.0493927 0.327619 -0.0541538) (0.0478444 0.215585 -0.0438735) (0.0491903 0.262801 -0.0498621) (0.0493927 0.327619 -0.0541538) (0.0570896 0.220591 -0.0308227) (0.0615806 0.282848 -0.0402005) (0.0658836 0.364198 -0.0466218) (0.0460385 0.233264 -0.0348481) (0.0507175 0.288735 -0.0433623) (0.0545254 0.360448 -0.0482681) (0.0460385 0.233264 -0.0348481) (0.0507175 0.288735 -0.0433623) (0.0545254 0.360448 -0.0482681) (0.0580243 0.241996 -0.0247217) (0.0660535 0.310646 -0.0350428) (0.0730666 0.393137 -0.0407593) (0.0456131 0.254797 -0.0300117) (0.0529642 0.315676 -0.0396214) (0.0589818 0.388572 -0.0436668) (0.0456131 0.254797 -0.0300117) (0.0529642 0.315676 -0.0396214) (0.0589818 0.388572 -0.0436668)
152           (0.0522098 0.269142 -0.0520904) (0.060604 0.196818 -0.056155) (0.0614874 0.241822 -0.0612788) (0.0622945 0.301019 -0.0645975) (0.0500099 0.20502 -0.0575186) (0.0513721 0.244252 -0.0608389) (0.0519866 0.29485 -0.062523) (0.0500099 0.20502 -0.0575186) (0.0513721 0.244252 -0.0608389) (0.0519866 0.29485 -0.062523) (0.0590829 0.210442 -0.0432315) (0.0629179 0.264504 -0.0502136) (0.0674724 0.333055 -0.0544556) (0.0478986 0.221343 -0.0466354) (0.0522098 0.269142 -0.0520904) (0.056358 0.328832 -0.0545881) (0.0478986 0.221343 -0.0466354) (0.0522098 0.269142 -0.0520904) (0.056358 0.328832 -0.0545881) (0.0583706 0.22695 -0.0328614) (0.0651804 0.287367 -0.0413506) (0.0726062 0.360058 -0.0457149) (0.0462272 0.2389 -0.0377379) (0.052831 0.292445 -0.0449851) (0.0593355 0.356256 -0.047471) (0.0462272 0.2389 -0.0377379) (0.052831 0.292445 -0.0449851) (0.0593355 0.356256 -0.047471)
154           (0.0514363 0.244819 -0.06556) (0.0618605 0.186499 -0.0748354) (0.061359 0.218501 -0.0776561) (0.0615239 0.258104 -0.0786417) (0.050978 0.191435 -0.0741261) (0.0509898 0.217981 -0.0747743) (0.0507898 0.249539 -0.0740359) (0.050978 0.191435 -0.0741261) (0.0509898 0.217981 -0.0747743) (0.0507898 0.249539 -0.0740359) (0.0603689 0.200398 -0.0613125) (0.062179 0.242225 -0.0657188) (0.0659847 0.293617 -0.0674468) (0.0489106 0.208848 -0.0630236) (0.0514363 0.244819 -0.06556) (0.0548199 0.287695 -0.0654967) (0.0489106 0.208848 -0.0630236) (0.0514363 0.244819 -0.06556) (0.0548199 0.287695 -0.0654967) (0.0583776 0.213575 -0.0474502) (0.0624299 0.262686 -0.0535216) (0.0692204 0.321649 -0.0557303) (0.0461511 0.224046 -0.0512396) (0.0505185 0.266901 -0.0556996) (0.0564931 0.317272 -0.0559643) (0.0461511 0.224046 -0.0512396) (0.0505185 0.266901 -0.0556996) (0.0564931 0.317272 -0.0559643)
156           (0.0512213 0.213626 -0.0761899) (0.0619945 0.167652 -0.0893104) (0.0614958 0.186402 -0.0884671) (0.0616015 0.205854 -0.0855648) (0.051019 0.16799 -0.0863992) (0.0506022 0.181344 -0.083239) (0.0498421 0.193733 -0.0788237) (0.051019 0.16799 -0.0863992) (0.0506022 0.181344 -0.083239) (0.0498421 0.193733 -0.0788237) (0.060875 0.185557 -0.0781824) (0.0626199 0.215238 -0.0789018) (0.0665733 0.2476 -0.0766679) (0.0490187 0.189871 -0.0776332) (0.0512213 0.213626 -0.0761899) (0.054406 0.238041 -0.0722672) (0.0490187 0.189871 -0.0776332) (0.0512213 0.213626 -0.0761899) (0.054406 0.238041 -0.0722672) (0.0583113 0.199177 -0.0641128) (0.0619402 0.23746 -0.0663904) (0.068977 0.279917 -0.0649263) (0.0456034 0.206547 -0.0658537) (0.049677 0.238697 -0.0662404) (0.055853 0.272997 -0.0628805) (0.0456034 0.206547 -0.0658537) (0.049677 0.238697 -0.0662404) (0.055853 0.272997 -0.0628805)
158           (0.0529862 0.161893 -0.0790559) (0.0644949 0.13156 -0.0955925) (0.0638547 0.133818 -0.0895818) (0.0632255 0.133587 -0.0827344) (0.0540047 0.127329 -0.0901652) (0.0528978 0.125303 -0.0827745) (0.0508802 0.120138 -0.0752593) (0.0540047 0.127329 -0.0901652) (0.0528978 0.125303 -0.0827745) (0.0508802 0.120138 -0.0752593) (0.0627895 0.155008 -0.0889634) (0.0645254 0.167783 -0.0843388) (0.0682122 0.178853 -0.0775185) (0.0513041 0.154373 -0.085248) (0.0529862 0.161893 -0.0790559) (0.0553083 0.166511 -0.0712525) (0.0513041 0.154373 -0.085248) (0.0529862 0.161893 -0.0790559) (0.0553083 0.166511 -0.0712525) (0.0593365 0.173432 -0.077459) (0.0627421 0.195547 -0.0743722) (0.0700323 0.21739 -0.0680097) (0.0469447 0.176238 -0.07603) (0.0506228 0.192731 -0.0713838) (0.0566632 0.207462 -0.0636607) (0.0469447 0.176238 -0.07603) (0.0506228 0.192731 -0.0713838) (0.0566632 0.207462 -0.0636607)
160           (0.051623 0.108091 -0.0718821) (0.0653279 0.0940742 -0.0896022) (0.0640991 0.0825766 -0.0799042) (0.0614625 0.0678181 -0.0702757) (0.0546595 0.0856761 -0.0836193) (0.0524427 0.071671 -0.0739297) (0.0481936 0.0548261 -0.06482) (0.0546595 0.0856761 -0.0836193) (0.0524427 0.071671 -0.0739297) (0.0481936 0.0548261 -0.06482) (0.0624869 0.120962 -0.087521) (0.0640239 0.117956 -0.0781698) (0.0660936 0.110461 -0.0673899) (0.0508737 0.115117 -0.0817324) (0.051623 0.108091 -0.0718821) (0.0518018 0.0965293 -0.0612975) (0.0508737 0.115117 -0.0817324) (0.051623 0.108091 -0.0718821) (0.0518018 0.0965293 -0.0612975) (0.05802 0.145468 -0.0812106) (0.0617437 0.151581 -0.0727181) (0.0684107 0.153231 -0.0614528) (0.0454065 0.14275 -0.0766511) (0.0487542 0.143957 -0.0672476) (0.0535688 0.140122 -0.0556218) (0.0454065 0.14275 -0.0766511) (0.0487542 0.143957 -0.0672476) (0.0535688 0.140122 -0.0556218)
162           (0.0518821 0.0571154 -0.0568907) (0.0688594 0.0584708 -0.0763872) (0.0664135 0.0391161 -0.0646294) (0.0612212 0.0175306 -0.0542797) (0.0570464 0.0471414 -0.0716785) (0.0530605 0.0272826 -0.061445) (0.0463297 0.00605277 -0.0525757) (0.0570464 0.0471414 -0.0716785) (0.0530605 0.0272826 -0.061445) (0.0463297 0.00605277 -0.0525757) (0.0651589 0.0834027 -0.0741972) (0.0657253 0.06916 -0.0614245) (0.0651344 0.050235 -0.0489485) (0.0528104 0.0735344 -0.0685213) (0.0518821 0.0571154 -0.0568907) (0.0492099 0.0367487 -0.0458835) (0.0528104 0.0735344 -0.0685213) (0.0518821 0.0571154 -0.0568907) (0.0492099 0.0367487 -0.0458835) (0.0598933 0.110727 -0.0703245) (0.0635362 0.103317 -0.0570039) (0.0682961 0.0896115 -0.0426383) (0.0466891 0.102957 -0.0643126) (0.0491345 0.0920454 -0.0515081) (0.051574 0.0750953 -0.0381783) (0.0466891 0.102957 -0.0643126) (0.0491345 0.0920454 -0.0515081) (0.051574 0.0750953 -0.0381783)
164           (0.0534101 0.01606 -0.0423988) (0.0725355 0.0302393 -0.0606044) (0.0693481 0.00714918 -0.0511051) (0.061656 -0.0162302 -0.0422666) (0.0579002 0.0175478 -0.0585479) (0.0529 -0.0045304 -0.0510099) (0.0443232 -0.0260156 -0.0440799) (0.0579002 0.0175478 -0.0585479) (0.0529 -0.0045304 -0.0510099) (0.0443232 -0.0260156 -0.0440799) (0.0706561 0.0493018 -0.05471) (0.0700135 0.0285573 -0.0439276) (0.066033 0.00492711 -0.0329767) (0.0558914 0.0374574 -0.0509638) (0.0534101 0.01606 -0.0423988) (0.0477435 -0.00711248 -0.033767) (0.0558914 0.0374574 -0.0509638) (0.0534101 0.01606 -0.0423988) (0.0477435 -0.00711248 -0.033767) (0.0668271 0.0743981 -0.0496014) (0.0693172 0.05767 -0.0366104) (0.0704771 0.0355368 -0.0227738) (0.0517644 0.063821 -0.0441423) (0.0526118 0.0449437 -0.0333024) (0.0514971 0.0214888 -0.0218198) (0.0517644 0.063821 -0.0441423) (0.0526118 0.0449437 -0.0333024) (0.0514971 0.0214888 -0.0218198)
166           (0.0507576 -0.0120831 -0.0327244) (0.0706715 0.0113614 -0.0500738) (0.0677029 -0.0126301 -0.0420863) (0.0592318 -0.0349353 -0.0348011) (0.0535666 -0.00181998 -0.050702) (0.0482263 -0.0235254 -0.0448129) (0.0398965 -0.0428561 -0.0397528) (0.0535666 -0.00181998 -0.050702) (0.0482263 -0.0235254 -0.0448129) (0.0398965 -0.0428561 -0.0397528) (0.0717774 0.0237258 -0.0388065) (0.0704968 2.64649e-05 -0.031233) (0.0646845 -0.0242665 -0.0227252) (0.0542364 0.0109369 -0.0379079) (0.0507576 -0.0120831 -0.0327244) (0.0436566 -0.0344686 -0.0273733) (0.0542364 0.0109369 -0.0379079) (0.0507576 -0.0120831 -0.0327244) (0.0436566 -0.0344686 -0.0273733) (0.0717767 0.0435429 -0.0291002) (0.073008 0.0214182 -0.0199776) (0.0710421 -0.00391982 -0.00899178) (0.0539704 0.0313165 -0.025988) (0.0532127 0.00823589 -0.0195736) (0.0494649 -0.0168693 -0.0119587) (0.0539704 0.0313165 -0.025988) (0.0532127 0.00823589 -0.0195736) (0.0494649 -0.0168693 -0.0119587)
168           (0.0428131 -0.028658 -0.0274385) (0.061416 0.000239975 -0.0433802) (0.0606448 -0.0225715 -0.0364593) (0.0549918 -0.0426397 -0.0298854) (0.0429898 -0.0125411 -0.0469355) (0.0400508 -0.0318236 -0.0417063) (0.0347102 -0.0490299 -0.0375029) (0.0429898 -0.0125411 -0.0469355) (0.0400508 -0.0318236 -0.0417063) (0.0347102 -0.0490299 -0.0375029) (0.0652671 0.00608344 -0.0272336) (0.0650072 -0.0181592 -0.0225717) (0.0596492 -0.0405033 -0.0168069) (0.0455683 -0.0066414 -0.0297943) (0.0428131 -0.028658 -0.0274385) (0.0377657 -0.0482342 -0.0249593) (0.0455683 -0.0066414 -0.0297943) (0.0428131 -0.028658 -0.0274385) (0.0377657 -0.0482342 -0.0249593) (0.0698588 0.0191984 -0.0125126) (0.0712218 -0.00561387 -0.00776071) (0.0676708 -0.0310635 -0.000719709) (0.0492658 0.00633713 -0.0126397) (0.0484304 -0.0179632 -0.0105946) (0.0439613 -0.041098 -0.00827935) (0.0492658 0.00633713 -0.0126397) (0.0484304 -0.0179632 -0.0105946) (0.0439613 -0.041098 -0.00827935)
170           (0.0313536 -0.0340289 -0.025838) (0.0450675 -0.00376313 -0.0384931) (0.0491649 -0.0240435 -0.0330685) (0.0482192 -0.0422504 -0.0272298) (0.0275289 -0.0146978 -0.0457866) (0.0287299 -0.0314663 -0.041318) (0.0276821 -0.0472683 -0.0380995) (0.0275289 -0.0146978 -0.0457866) (0.0287299 -0.0314663 -0.041318) (0.0276821 -0.0472683 -0.0380995) (0.0511911 -0.00339899 -0.0175816) (0.0537665 -0.0261529 -0.0167286) (0.0525638 -0.0460235 -0.0132456) (0.0306819 -0.0145134 -0.0251573) (0.0313536 -0.0340289 -0.025838) (0.0306285 -0.0515129 -0.0258051) (0.0306819 -0.0145134 -0.0251573) (0.0313536 -0.0340289 -0.025838) (0.0306285 -0.0515129 -0.0258051) (0.060058 0.00292432 0.00198239) (0.062078 -0.0222953 0.00124166) (0.0604859 -0.0444632 0.00347648) (0.037798 -0.00863025 -0.0032748) (0.0378435 -0.0313454 -0.00740705) (0.037194 -0.0510925 -0.010162) (0.037798 -0.00863025 -0.0032748) (0.0378435 -0.0313454 -0.00740705) (0.037194 -0.0510925 -0.010162)
172           (0.0168258 -0.032772 -0.026903) (0.020384 -0.00382814 -0.0324606) (0.0317533 -0.0216022 -0.0309588) (0.0374142 -0.0382722 -0.0270853) (0.00657391 -0.0116653 -0.0452348) (0.0132743 -0.0268072 -0.0435421) (0.0173776 -0.0421075 -0.042191) (0.00657391 -0.0116653 -0.0452348) (0.0132743 -0.0268072 -0.0435421) (0.0173776 -0.0421075 -0.042191) (0.0289159 -0.0075431 -0.00699928) (0.0375596 -0.027943 -0.0118967) (0.0425278 -0.0458024 -0.0118147) (0.0109843 -0.0149103 -0.0214828) (0.0168258 -0.032772 -0.026903) (0.0214808 -0.0494223 -0.0301964) (0.0109843 -0.0149103 -0.0214828) (0.0168258 -0.032772 -0.026903) (0.0214808 -0.0494223 -0.0301964) (0.0419561 -0.00687203 0.0166064) (0.0477991 -0.0300835 0.00821454) (0.0516768 -0.0491145 0.00542469) (0.020486 -0.0145775 0.00324216) (0.025187 -0.0350358 -0.00813987) (0.0300271 -0.0529337 -0.016011) (0.020486 -0.0145775 0.00324216) (0.025187 -0.0350358 -0.00813987) (0.0300271 -0.0529337 -0.016011)
174           (-0.000666094 -0.0288033 -0.0300325) (-0.0109198 -0.00269827 -0.0233691) (0.00839989 -0.0190579 -0.0283031) (0.0217599 -0.0345191 -0.0282781) (-0.0191666 -0.0066981 -0.0441599) (-0.00660209 -0.0215069 -0.0475802) (0.00303203 -0.0369285 -0.0494564) (-0.0191666 -0.0066981 -0.0441599) (-0.00660209 -0.0215069 -0.0475802) (0.00303203 -0.0369285 -0.0494564) (0.00110228 -0.00836905 0.00541754) (0.0167391 -0.0273237 -0.00643836) (0.028841 -0.0437474 -0.0114297) (-0.0120402 -0.0112811 -0.0178389) (-0.000666094 -0.0288033 -0.0300325) (0.00939134 -0.0455582 -0.0378758) (-0.0120402 -0.0112811 -0.0178389) (-0.000666094 -0.0288033 -0.0300325) (0.00939134 -0.0455582 -0.0378758) (0.0180001 -0.0105902 0.0302629) (0.0298892 -0.0319448 0.0154432) (0.0403824 -0.0489894 0.00671045) (0.000949833 -0.0135088 0.0077809) (0.0110151 -0.0331256 -0.0115802) (0.0211403 -0.0505694 -0.0252878) (0.000949833 -0.0135088 0.0077809) (0.0110151 -0.0331256 -0.0115802) (0.0211403 -0.0505694 -0.0252878)
176           (-0.0192549 -0.0219315 -0.0320618) (-0.0448909 0.00138194 -0.00989658) (-0.0182213 -0.0159908 -0.0216029) (0.00290718 -0.0313596 -0.0274497) (-0.0467665 0.000486224 -0.0406598) (-0.0288557 -0.0155249 -0.0507913) (-0.0138522 -0.0319124 -0.0573067) (-0.0467665 0.000486224 -0.0406598) (-0.0288557 -0.0155249 -0.0507913) (-0.0138522 -0.0319124 -0.0573067) (-0.0288668 -0.00321945 0.0227713) (-0.00605384 -0.0236196 0.0032717) (0.0130845 -0.040004 -0.00836011) (-0.0357588 -0.00293768 -0.01187) (-0.0192549 -0.0219315 -0.0320618) (-0.00436847 -0.0397465 -0.0455283) (-0.0357588 -0.00293768 -0.01187) (-0.0192549 -0.0219315 -0.0320618) (-0.00436847 -0.0397465 -0.0455283) (-0.00766607 -0.00434713 0.0490545) (0.0107981 -0.0274333 0.0271965) (0.0276702 -0.0444126 0.01171) (-0.0185286 -0.00421316 0.0154418) (-0.00332659 -0.0253574 -0.0132624) (0.0108819 -0.0435052 -0.0333583) (-0.0185286 -0.00421316 0.0154418) (-0.00332659 -0.0253574 -0.0132624) (0.0108819 -0.0435052 -0.0333583)
178           (-0.0385242 -0.00982762 -0.0273426) (-0.080253 0.012729 0.00702495) (-0.0469684 -0.00821973 -0.00825082) (-0.0190316 -0.0256745 -0.0194408) (-0.075281 0.0122805 -0.0330036) (-0.0522939 -0.00620294 -0.0489041) (-0.0328363 -0.0244605 -0.0603942) (-0.075281 0.0122805 -0.0330036) (-0.0522939 -0.00620294 -0.0489041) (-0.0328363 -0.0244605 -0.0603942) (-0.0608888 0.0120716 0.0409476) (-0.0318482 -0.0125026 0.0202098) (-0.00582503 -0.0313384 0.00329714) (-0.0594306 0.0117585 -0.0011565) (-0.0385242 -0.00982762 -0.0273426) (-0.0202004 -0.0292292 -0.045842) (-0.0594306 0.0117585 -0.0011565) (-0.0385242 -0.00982762 -0.0273426) (-0.0202004 -0.0292292 -0.045842) (-0.0381952 0.0139822 0.0668651) (-0.0125281 -0.0130483 0.0466985) (0.0106791 -0.032384 0.0272885) (-0.0387835 0.0128323 0.027369) (-0.0190416 -0.0104266 -0.00546053) (-0.00219009 -0.0293693 -0.0297243) (-0.0387835 0.0128323 0.027369) (-0.0190416 -0.0104266 -0.00546053) (-0.00219009 -0.0293693 -0.0297243)
180           (-0.0579961 0.011443 -0.0081206) (-0.118551 0.0368194 0.023362) (-0.0760794 0.0101183 0.0133186) (-0.0415015 -0.0116677 -3.85768e-06) (-0.103798 0.0321593 -0.0204036) (-0.0745402 0.0106036 -0.0356741) (-0.0509399 -0.0100279 -0.050399) (-0.103798 0.0321593 -0.0204036) (-0.0745402 0.0106036 -0.0356741) (-0.0509399 -0.0100279 -0.050399) (-0.0985955 0.0423139 0.0568306) (-0.0604496 0.0116544 0.045294) (-0.0277502 -0.0120959 0.0287941) (-0.0856802 0.0362675 0.0137862) (-0.0579961 0.011443 -0.0081206) (-0.0361045 -0.00995481 -0.0287307) (-0.0856802 0.0362675 0.0137862) (-0.0579961 0.011443 -0.0081206) (-0.0361045 -0.00995481 -0.0287307) (-0.0776774 0.0488873 0.0801277) (-0.0429377 0.0154367 0.073337) (-0.0122378 -0.00844177 0.0584671) (-0.0658617 0.0408538 0.0407042) (-0.0389246 0.014841 0.0197496) (-0.0179339 -0.00545332 -0.00333298) (-0.0658617 0.0408538 0.0407042) (-0.0389246 0.014841 0.0197496) (-0.0179339 -0.00545332 -0.00333298)
182           (-0.0806726 0.0437027 0.0243157) (-0.1583 0.0739667 0.0352606) (-0.107283 0.0431797 0.0402239) (-0.0637058 0.0148952 0.0330124) (-0.132699 0.0617645 -0.0029978) (-0.0948221 0.0373371 -0.00742749) (-0.0647209 0.0139383 -0.0188279) (-0.132699 0.0617645 -0.0029978) (-0.0948221 0.0373371 -0.00742749) (-0.0647209 0.0139383 -0.0188279) (-0.142049 0.0863449 0.065219) (-0.0947312 0.0515464 0.0715872) (-0.0532102 0.0210795 0.065449) (-0.118406 0.0716422 0.0290013) (-0.0806726 0.0437027 0.0243157) (-0.0507111 0.0194883 0.0122893) (-0.118406 0.0716422 0.0290013) (-0.0806726 0.0437027 0.0243157) (-0.0507111 0.0194883 0.0122893) (-0.125825 0.0983767 0.0829824) (-0.0830301 0.0612575 0.0959856) (-0.0436678 0.0296355 0.0948369) (-0.104776 0.08037 0.0491776) (-0.069779 0.0524062 0.0516378) (-0.0383766 0.0279087 0.0439043) (-0.104776 0.08037 0.0491776) (-0.069779 0.0524062 0.0516378) (-0.0383766 0.0279087 0.0439043)
184           (-0.117228 0.089576 0.0488237) (-0.203004 0.122721 0.0401267) (-0.145078 0.0906638 0.0596797) (-0.0934835 0.0563119 0.0638198) (-0.169877 0.10285 0.00877888) (-0.122996 0.0768108 0.0216696) (-0.0830586 0.0493998 0.0219012) (-0.169877 0.10285 0.00877888) (-0.122996 0.0768108 0.0216696) (-0.0830586 0.0493998 0.0219012) (-0.190452 0.140136 0.0646888) (-0.137069 0.10514 0.0849128) (-0.088538 0.0689367 0.0912713) (-0.161295 0.117629 0.0339533) (-0.117228 0.089576 0.0488237) (-0.0774246 0.0609324 0.0514617) (-0.161295 0.117629 0.0339533) (-0.117228 0.089576 0.0488237) (-0.0774246 0.0609324 0.0514617) (-0.17745 0.155843 0.0762282) (-0.12936 0.118959 0.100784) (-0.0846538 0.0820293 0.110835) (-0.153569 0.129646 0.0444777) (-0.113003 0.101301 0.0656734) (-0.074709 0.0730795 0.072968) (-0.153569 0.129646 0.0444777) (-0.113003 0.101301 0.0656734) (-0.074709 0.0730795 0.072968)
186           (-0.156688 0.139318 0.0494658) (-0.24988 0.176228 0.0373515) (-0.185816 0.144874 0.064013) (-0.127809 0.106274 0.0754849) (-0.212523 0.150253 0.00719665) (-0.159322 0.124572 0.0319039) (-0.11136 0.09358 0.0427543) (-0.212523 0.150253 0.00719665) (-0.159322 0.124572 0.0319039) (-0.11136 0.09358 0.0427543) (-0.238734 0.195858 0.0569236) (-0.179036 0.161473 0.0818407) (-0.12466 0.121334 0.0933858) (-0.206659 0.167509 0.0243525) (-0.156688 0.139318 0.0494658) (-0.110397 0.107258 0.0617308) (-0.206659 0.167509 0.0243525) (-0.156688 0.139318 0.0494658) (-0.110397 0.107258 0.0617308) (-0.225484 0.211437 0.0628827) (-0.17059 0.174279 0.0889805) (-0.120325 0.133396 0.101388) (-0.199567 0.179485 0.0258111) (-0.153166 0.149783 0.0539029) (-0.109353 0.117717 0.0680831) (-0.199567 0.179485 0.0258111) (-0.153166 0.149783 0.0539029) (-0.109353 0.117717 0.0680831)
188           (-0.185405 0.180019 0.0302313) (-0.292563 0.226093 0.030789) (-0.221235 0.193986 0.0559502) (-0.155588 0.1509 0.0684102) (-0.250947 0.196893 -0.00156494) (-0.190337 0.169312 0.0248298) (-0.134886 0.133739 0.0396448) (-0.250947 0.196893 -0.00156494) (-0.190337 0.169312 0.0248298) (-0.134886 0.133739 0.0396448) (-0.279472 0.243217 0.0421512) (-0.211898 0.206779 0.0639735) (-0.150051 0.161841 0.0746545) (-0.24271 0.211501 0.00520319) (-0.185405 0.180019 0.0302313) (-0.132613 0.142909 0.04443) (-0.24271 0.211501 0.00520319) (-0.185405 0.180019 0.0302313) (-0.132613 0.142909 0.04443) (-0.262589 0.253009 0.0397398) (-0.198835 0.211807 0.0608028) (-0.14128 0.165522 0.0704565) (-0.231323 0.217433 -0.00366872) (-0.177252 0.182605 0.0218923) (-0.127836 0.144955 0.0355973) (-0.231323 0.217433 -0.00366872) (-0.177252 0.182605 0.0218923) (-0.127836 0.144955 0.0355973)
190           (-0.196462 0.195679 -0.00422004) (-0.327579 0.260784 0.0137774) (-0.245734 0.223915 0.0362573) (-0.169584 0.174818 0.0467288) (-0.279176 0.22803 -0.0236427) (-0.207269 0.194618 0.00144501) (-0.142707 0.153167 0.0157198) (-0.279176 0.22803 -0.0236427) (-0.207269 0.194618 0.00144501) (-0.142707 0.153167 0.0157198) (-0.308904 0.270263 0.0178296) (-0.23026 0.227071 0.0348821) (-0.158474 0.17521 0.0420462) (-0.264732 0.234668 -0.0261897) (-0.196462 0.195679 -0.00422004) (-0.135656 0.152085 0.00769812) (-0.264732 0.234668 -0.0261897) (-0.196462 0.195679 -0.00422004) (-0.135656 0.152085 0.00769812) (-0.28363 0.268436 0.00751776) (-0.20869 0.218954 0.0215928) (-0.142797 0.165454 0.0264667) (-0.245535 0.229484 -0.044819) (-0.181264 0.186395 -0.0245363) (-0.125831 0.142629 -0.0148463) (-0.245535 0.229484 -0.044819) (-0.181264 0.186395 -0.0245363) (-0.125831 0.142629 -0.0148463)
192           (-0.191963 0.183274 -0.0515) (-0.34888 0.271478 -0.0115772) (-0.256115 0.227037 0.00617386) (-0.170078 0.170679 0.0131243) (-0.292328 0.233691 -0.0564931) (-0.210487 0.193419 -0.0354025) (-0.13587 0.144952 -0.0237209) (-0.292328 0.233691 -0.0564931) (-0.210487 0.193419 -0.0354025) (-0.13587 0.144952 -0.0237209) (-0.320542 0.270039 -0.015893) (-0.230741 0.217507 -0.00383921) (-0.150736 0.157716 -0.000995618) (-0.268409 0.228963 -0.0685028) (-0.191963 0.183274 -0.0515) (-0.123773 0.133234 -0.0433305) (-0.268409 0.228963 -0.0685028) (-0.191963 0.183274 -0.0515) (-0.123773 0.133234 -0.0433305) (-0.284166 0.254731 -0.0323068) (-0.199335 0.195599 -0.024966) (-0.128477 0.135501 -0.0252916) (-0.239118 0.211228 -0.0947986) (-0.170365 0.16377 -0.0814254) (-0.112875 0.117709 -0.0770993) (-0.239118 0.211228 -0.0947986) (-0.170365 0.16377 -0.0814254) (-0.112875 0.117709 -0.0770993)
194           (-0.171578 0.153398 -0.101163) (-0.35252 0.260851 -0.0389446) (-0.249415 0.208584 -0.0270341) (-0.154221 0.144741 -0.0241701) (-0.283931 0.215983 -0.0918843) (-0.195764 0.170607 -0.076956) (-0.116144 0.118877 -0.0689749) (-0.283931 0.215983 -0.0918843) (-0.195764 0.170607 -0.076956) (-0.116144 0.118877 -0.0689749) (-0.313089 0.248284 -0.0489292) (-0.215123 0.18866 -0.0439424) (-0.129246 0.123297 -0.0456559) (-0.251813 0.20214 -0.111508) (-0.171578 0.153398 -0.101163) (-0.102894 0.103334 -0.0967639) (-0.251813 0.20214 -0.111508) (-0.171578 0.153398 -0.101163) (-0.102894 0.103334 -0.0967639) (-0.266625 0.221044 -0.0687904) (-0.177568 0.157749 -0.0707943) (-0.107041 0.0980636 -0.0759764) (-0.218514 0.179233 -0.145116) (-0.150746 0.133615 -0.139467) (-0.097726 0.0928501 -0.138323) (-0.218514 0.179233 -0.145116) (-0.150746 0.133615 -0.139467) (-0.097726 0.0928501 -0.138323)
196           (-0.141987 0.120115 -0.153402) (-0.333341 0.23104 -0.0665664) (-0.223309 0.172471 -0.0637311) (-0.122847 0.105472 -0.0646674) (-0.25452 0.18417 -0.1308) (-0.163394 0.136189 -0.122958) (-0.0846179 0.0856286 -0.117639) (-0.25452 0.18417 -0.1308) (-0.163394 0.136189 -0.122958) (-0.0846179 0.0856286 -0.117639) (-0.285996 0.209177 -0.0816291) (-0.18388 0.14537 -0.0861941) (-0.0986922 0.0818486 -0.0912207) (-0.220336 0.166881 -0.156931) (-0.141987 0.120115 -0.153402) (-0.0798732 0.0766433 -0.150669) (-0.220336 0.166881 -0.156931) (-0.141987 0.120115 -0.153402) (-0.0798732 0.0766433 -0.150669) (-0.23629 0.176947 -0.107226) (-0.150025 0.116868 -0.118403) (-0.0880798 0.0678693 -0.126296) (-0.192775 0.148248 -0.197615) (-0.1335 0.111688 -0.197298) (-0.0923823 0.0830829 -0.196193) (-0.192775 0.148248 -0.197615) (-0.1335 0.111688 -0.197298) (-0.0923823 0.0830829 -0.196193)
198           (-0.122291 0.103677 -0.204546) (-0.300519 0.193225 -0.0973816) (-0.186019 0.132119 -0.103767) (-0.0876494 0.0704546 -0.108785) (-0.216716 0.152651 -0.171954) (-0.130185 0.108465 -0.170592) (-0.0637573 0.0674239 -0.167839) (-0.216716 0.152651 -0.171954) (-0.130185 0.108465 -0.170592) (-0.0637573 0.0674239 -0.167839) (-0.251755 0.168838 -0.118527) (-0.152198 0.109463 -0.131404) (-0.0772385 0.0586421 -0.138986) (-0.189962 0.140592 -0.203125) (-0.122291 0.103677 -0.204546) (-0.0767217 0.0740352 -0.202254) (-0.189962 0.140592 -0.203125) (-0.122291 0.103677 -0.204546) (-0.0767217 0.0740352 -0.202254) (-0.208595 0.142624 -0.150843) (-0.133887 0.0961395 -0.167812) (-0.0880713 0.0646503 -0.176246) (-0.177982 0.134777 -0.248575) (-0.133474 0.11213 -0.250159) (-0.108248 0.0967052 -0.247007) (-0.177982 0.134777 -0.248575) (-0.133474 0.11213 -0.250159) (-0.108248 0.0967052 -0.247007)
200           (-0.127755 0.113345 -0.252128) (-0.263194 0.161365 -0.136729) (-0.154117 0.107078 -0.148168) (-0.0729141 0.0599136 -0.155927) (-0.187237 0.135375 -0.219328) (-0.11718 0.103303 -0.219036) (-0.0742957 0.0768174 -0.217462) (-0.187237 0.135375 -0.219328) (-0.11718 0.103303 -0.219036) (-0.0742957 0.0768174 -0.217462) (-0.222242 0.14437 -0.162702) (-0.136682 0.0988918 -0.178174) (-0.0841513 0.0661847 -0.185762) (-0.176429 0.135711 -0.252675) (-0.127755 0.113345 -0.252128) (-0.102993 0.0970763 -0.248596) (-0.176429 0.135711 -0.252675) (-0.127755 0.113345 -0.252128) (-0.102993 0.0970763 -0.248596) (-0.195002 0.13157 -0.197782) (-0.139832 0.102761 -0.213873) (-0.113492 0.086154 -0.219946) (-0.18351 0.142606 -0.297911) (-0.154882 0.131775 -0.295119) (-0.143046 0.124412 -0.289205) (-0.18351 0.142606 -0.297911) (-0.154882 0.131775 -0.295119) (-0.143046 0.124412 -0.289205)
202           (-0.153888 0.140412 -0.293142) (-0.235445 0.152154 -0.183686) (-0.145076 0.112812 -0.196251) (-0.0923471 0.0821921 -0.203695) (-0.178735 0.14375 -0.265659) (-0.131559 0.125065 -0.264057) (-0.111375 0.108991 -0.261821) (-0.178735 0.14375 -0.265659) (-0.131559 0.125065 -0.264057) (-0.111375 0.108991 -0.261821) (-0.210161 0.144988 -0.210454) (-0.146998 0.116154 -0.22323) (-0.118212 0.0968922 -0.228334) (-0.184081 0.152081 -0.296842) (-0.153888 0.140412 -0.293142) (-0.144084 0.130527 -0.288299) (-0.184081 0.152081 -0.296842) (-0.153888 0.140412 -0.293142) (-0.144084 0.130527 -0.288299) (-0.201439 0.141984 -0.243265) (-0.165007 0.125971 -0.253937) (-0.152614 0.116053 -0.257079) (-0.203734 0.162159 -0.340565) (-0.186333 0.157048 -0.333862) (-0.182324 0.152033 -0.326513) (-0.203734 0.162159 -0.340565) (-0.186333 0.157048 -0.333862) (-0.182324 0.152033 -0.326513)
204           (-0.183167 0.166858 -0.329285) (-0.224453 0.160883 -0.231539) (-0.158542 0.135579 -0.240096) (-0.129928 0.114845 -0.244966) (-0.187255 0.16454 -0.306202) (-0.158244 0.153863 -0.301854) (-0.151102 0.141714 -0.298817) (-0.187255 0.16454 -0.306202) (-0.158244 0.153863 -0.301854) (-0.151102 0.141714 -0.298817) (-0.214789 0.159526 -0.255518) (-0.172126 0.141797 -0.262258) (-0.158457 0.127751 -0.264831) (-0.201372 0.173968 -0.336094) (-0.183167 0.166858 -0.329285) (-0.180809 0.158196 -0.323917) (-0.201372 0.173968 -0.336094) (-0.183167 0.166858 -0.329285) (-0.180809 0.158196 -0.323917) (-0.219252 0.159269 -0.284944) (-0.195574 0.148979 -0.289289) (-0.191018 0.140605 -0.290575) (-0.22501 0.181035 -0.381565) (-0.214323 0.177142 -0.371591) (-0.214178 0.171558 -0.363503) (-0.22501 0.181035 -0.381565) (-0.214323 0.177142 -0.371591) (-0.214178 0.171558 -0.363503)
206           (-0.20668 0.183982 -0.360833) (-0.229806 0.175456 -0.272402) (-0.183757 0.158292 -0.276351) (-0.169001 0.140945 -0.278888) (-0.203067 0.184064 -0.338841) (-0.184443 0.176055 -0.33301) (-0.182518 0.164075 -0.329585) (-0.203067 0.184064 -0.338841) (-0.184443 0.176055 -0.33301) (-0.182518 0.164075 -0.329585) (-0.230334 0.175323 -0.293978) (-0.20127 0.162326 -0.295833) (-0.195333 0.149157 -0.296877) (-0.218654 0.190652 -0.369433) (-0.20668 0.183982 -0.360833) (-0.206771 0.174118 -0.3552) (-0.218654 0.190652 -0.369433) (-0.20668 0.183982 -0.360833) (-0.206771 0.174118 -0.3552) (-0.241185 0.173809 -0.322976) (-0.225074 0.164789 -0.322695) (-0.224327 0.155461 -0.322589) (-0.239827 0.192427 -0.418351) (-0.232466 0.18714 -0.405848) (-0.23308 0.179367 -0.397012) (-0.239827 0.192427 -0.418351) (-0.232466 0.18714 -0.405848) (-0.23308 0.179367 -0.397012)
208           (-0.212743 0.190328 -0.385944) (-0.238388 0.189918 -0.306604) (-0.205079 0.175044 -0.306914) (-0.196691 0.157257 -0.307686) (-0.211235 0.197625 -0.365379) (-0.196896 0.188542 -0.358502) (-0.194719 0.174319 -0.35447) (-0.211235 0.197625 -0.365379) (-0.196896 0.188542 -0.358502) (-0.194719 0.174319 -0.35447) (-0.243692 0.188192 -0.327912) (-0.222219 0.175276 -0.325987) (-0.219125 0.160301 -0.325526) (-0.223216 0.199393 -0.396567) (-0.212743 0.190328 -0.385944) (-0.210919 0.177354 -0.379436) (-0.223216 0.199393 -0.396567) (-0.212743 0.190328 -0.385944) (-0.210919 0.177354 -0.379436) (-0.256145 0.183205 -0.359435) (-0.243527 0.172393 -0.354958) (-0.243303 0.160143 -0.352989) (-0.236916 0.194407 -0.44598) (-0.228909 0.18576 -0.430284) (-0.226363 0.174257 -0.420005) (-0.236916 0.194407 -0.44598) (-0.228909 0.18576 -0.430284) (-0.226363 0.174257 -0.420005)
210           (-0.195676 0.183074 -0.394946) (-0.241264 0.197827 -0.330647) (-0.214116 0.181874 -0.329221) (-0.20673 0.16162 -0.32807) (-0.204822 0.200545 -0.379787) (-0.189355 0.188305 -0.372612) (-0.182145 0.170295 -0.367479) (-0.204822 0.200545 -0.379787) (-0.189355 0.188305 -0.372612) (-0.182145 0.170295 -0.367479) (-0.246431 0.192794 -0.351768) (-0.22789 0.177826 -0.347284) (-0.223653 0.159585 -0.344773) (-0.209319 0.195551 -0.406857) (-0.195676 0.183074 -0.394946) (-0.187476 0.16597 -0.387011) (-0.209319 0.195551 -0.406857) (-0.195676 0.183074 -0.394946) (-0.187476 0.16597 -0.387011) (-0.255757 0.183535 -0.384497) (-0.243482 0.16978 -0.376242) (-0.240557 0.153686 -0.371816) (-0.211317 0.182612 -0.448135) (-0.198254 0.170733 -0.430149) (-0.188112 0.155058 -0.418022) (-0.211317 0.182612 -0.448135) (-0.198254 0.170733 -0.430149) (-0.188112 0.155058 -0.418022)
212           (-0.159701 0.162169 -0.384748) (-0.234253 0.195597 -0.34279) (-0.207219 0.176774 -0.340134) (-0.195331 0.15286 -0.33732) (-0.185021 0.190804 -0.379451) (-0.163901 0.174315 -0.372243) (-0.147832 0.151545 -0.366181) (-0.185021 0.190804 -0.379451) (-0.163901 0.174315 -0.372243) (-0.147832 0.151545 -0.366181) (-0.235434 0.186772 -0.36076) (-0.214517 0.168483 -0.354463) (-0.204065 0.14623 -0.350149) (-0.180772 0.178907 -0.396714) (-0.159701 0.162169 -0.384748) (-0.141396 0.140066 -0.375903) (-0.180772 0.178907 -0.396714) (-0.159701 0.162169 -0.384748) (-0.141396 0.140066 -0.375903) (-0.237393 0.173457 -0.389272) (-0.220551 0.156124 -0.378321) (-0.210065 0.135939 -0.371679) (-0.170598 0.158651 -0.421907) (-0.14858 0.1429 -0.404048) (-0.127393 0.122313 -0.39107) (-0.170598 0.158651 -0.421907) (-0.14858 0.1429 -0.404048) (-0.127393 0.122313 -0.39107)
214           (-0.119789 0.134311 -0.358275) (-0.215987 0.185838 -0.340786) (-0.184369 0.16317 -0.338591) (-0.163972 0.134962 -0.334451) (-0.159354 0.173007 -0.363601) (-0.131645 0.15161 -0.357435) (-0.107856 0.123694 -0.349946) (-0.159354 0.173007 -0.363601) (-0.131645 0.15161 -0.357435) (-0.107856 0.123694 -0.349946) (-0.211456 0.174113 -0.351005) (-0.183784 0.151972 -0.345622) (-0.163285 0.125427 -0.340023) (-0.14852 0.155705 -0.367627) (-0.119789 0.134311 -0.358275) (-0.0932092 0.107039 -0.348429) (-0.14852 0.155705 -0.367627) (-0.119789 0.134311 -0.358275) (-0.0932092 0.107039 -0.348429) (-0.204576 0.158764 -0.368668) (-0.17926 0.138005 -0.358828) (-0.15763 0.113804 -0.350788) (-0.130038 0.130788 -0.374538) (-0.0999267 0.110963 -0.361319) (-0.0704547 0.0854219 -0.34807) (-0.130038 0.130788 -0.374538) (-0.0999267 0.110963 -0.361319) (-0.0704547 0.0854219 -0.34807)
216           (-0.0958225 0.105957 -0.319022) (-0.195399 0.170145 -0.326531) (-0.158093 0.143267 -0.325499) (-0.129998 0.110824 -0.319946) (-0.142271 0.15133 -0.334473) (-0.110914 0.125116 -0.328684) (-0.0845475 0.0923818 -0.317871) (-0.142271 0.15133 -0.334473) (-0.110914 0.125116 -0.328684) (-0.0845475 0.0923818 -0.317871) (-0.186019 0.157221 -0.326953) (-0.151138 0.130937 -0.324501) (-0.121803 0.100044 -0.317953) (-0.128208 0.131909 -0.325529) (-0.0958225 0.105957 -0.319022) (-0.0670803 0.0740257 -0.30613) (-0.128208 0.131909 -0.325529) (-0.0958225 0.105957 -0.319022) (-0.0670803 0.0740257 -0.30613) (-0.172567 0.142328 -0.332446) (-0.13906 0.117761 -0.327048) (-0.107941 0.0893373 -0.318612) (-0.105688 0.106598 -0.318157) (-0.0725309 0.0826624 -0.310533) (-0.041696 0.0529393 -0.294989) (-0.105688 0.106598 -0.318157) (-0.0725309 0.0826624 -0.310533) (-0.041696 0.0529393 -0.294989)
218           (-0.0944115 0.081434 -0.276861) (-0.181737 0.1521 -0.306185) (-0.141505 0.121406 -0.304726) (-0.110186 0.0850651 -0.296311) (-0.141286 0.129281 -0.299818) (-0.109694 0.0987492 -0.292033) (-0.0843665 0.061239 -0.276303) (-0.141286 0.129281 -0.299818) (-0.109694 0.0987492 -0.292033) (-0.0843665 0.061239 -0.276303) (-0.170371 0.140698 -0.299516) (-0.131659 0.110494 -0.298446) (-0.0986044 0.0757137 -0.289521) (-0.126591 0.111673 -0.283799) (-0.0944115 0.081434 -0.276861) (-0.0673088 0.0448708 -0.259369) (-0.126591 0.111673 -0.283799) (-0.0944115 0.081434 -0.276861) (-0.0673088 0.0448708 -0.259369) (-0.154355 0.129327 -0.297304) (-0.116563 0.100875 -0.295489) (-0.081501 0.0688888 -0.285732) (-0.102317 0.090803 -0.271349) (-0.0700239 0.0627363 -0.265048) (-0.0414727 0.0289559 -0.245993) (-0.102317 0.090803 -0.271349) (-0.0700239 0.0627363 -0.265048) (-0.0414727 0.0289559 -0.245993)
220           (-0.10279 0.0574823 -0.242478) (-0.175728 0.129869 -0.284673) (-0.135569 0.0954667 -0.281515) (-0.104659 0.0554805 -0.269746) (-0.14875 0.105268 -0.267936) (-0.1183 0.0703954 -0.256952) (-0.0948134 0.028259 -0.237287) (-0.14875 0.105268 -0.267936) (-0.1183 0.0703954 -0.256952) (-0.0948134 0.028259 -0.237287) (-0.163843 0.121817 -0.275355) (-0.125096 0.0882281 -0.274356) (-0.0925726 0.0504551 -0.262865) (-0.133427 0.0920609 -0.251088) (-0.10279 0.0574823 -0.242478) (-0.0777011 0.016422 -0.221983) (-0.133427 0.0920609 -0.251088) (-0.10279 0.0574823 -0.242478) (-0.0777011 0.016422 -0.221983) (-0.146768 0.116268 -0.271871) (-0.109028 0.0851401 -0.272129) (-0.0746632 0.0515311 -0.261243) (-0.106662 0.0793881 -0.24122) (-0.0761152 0.0474459 -0.234555) (-0.0495335 0.0100759 -0.21465) (-0.106662 0.0793881 -0.24122) (-0.0761152 0.0474459 -0.234555) (-0.0495335 0.0100759 -0.21465)
222           (-0.113091 0.0350931 -0.223328) (-0.174642 0.104436 -0.26873) (-0.1371 0.0671805 -0.262897) (-0.108226 0.0247452 -0.248434) (-0.159084 0.0791733 -0.246164) (-0.130415 0.0404552 -0.231997) (-0.108059 -0.00541064 -0.21065) (-0.159084 0.0791733 -0.246164) (-0.130415 0.0404552 -0.231997) (-0.108059 -0.00541064 -0.21065) (-0.163345 0.101588 -0.262334) (-0.127043 0.066139 -0.259792) (-0.0965019 0.0272218 -0.246818) (-0.142306 0.0728528 -0.234472) (-0.113091 0.0350931 -0.223328) (-0.088488 -0.00892968 -0.202964) (-0.142306 0.0728528 -0.234472) (-0.113091 0.0350931 -0.223328) (-0.088488 -0.00892968 -0.202964) (-0.147277 0.103553 -0.263635) (-0.112121 0.0719723 -0.263775) (-0.0799387 0.0391879 -0.253228) (-0.113491 0.0717073 -0.232553) (-0.0840103 0.0380413 -0.223811) (-0.0572999 -0.000840783 -0.206702) (-0.113491 0.0717073 -0.232553) (-0.0840103 0.0380413 -0.223811) (-0.0572999 -0.000840783 -0.206702)
224           (-0.119791 0.0209857 -0.223578) (-0.174411 0.0798776 -0.262693) (-0.140236 0.0411595 -0.25514) (-0.113602 -0.00250785 -0.240232) (-0.166444 0.0561985 -0.240087) (-0.138978 0.0148101 -0.223025) (-0.116611 -0.0334296 -0.20257) (-0.166444 0.0561985 -0.240087) (-0.138978 0.0148101 -0.223025) (-0.116611 -0.0334296 -0.20257) (-0.165085 0.0834675 -0.262737) (-0.13203 0.0481698 -0.25951) (-0.103672 0.00999056 -0.247775) (-0.14849 0.0594171 -0.237507) (-0.119791 0.0209857 -0.223578) (-0.0944478 -0.0234684 -0.20597) (-0.14849 0.0594171 -0.237507) (-0.119791 0.0209857 -0.223578) (-0.0944478 -0.0234684 -0.20597) (-0.153024 0.0930285 -0.271202) (-0.121728 0.0631581 -0.272036) (-0.0927359 0.0331619 -0.264542) (-0.120723 0.0709184 -0.245742) (-0.0913803 0.0392465 -0.234603) (-0.0632571 0.00335163 -0.221444) (-0.120723 0.0709184 -0.245742) (-0.0913803 0.0392465 -0.234603) (-0.0632571 0.00335163 -0.221444)
226           (-0.120436 0.0122166 -0.242699) (-0.173039 0.0558368 -0.267282) (-0.141307 0.017077 -0.260243) (-0.115691 -0.0254388 -0.247177) (-0.167819 0.0367273 -0.2491) (-0.139536 -0.00599771 -0.231653) (-0.115807 -0.0530461 -0.214518) (-0.167819 0.0367273 -0.2491) (-0.139536 -0.00599771 -0.231653) (-0.115807 -0.0530461 -0.214518) (-0.166974 0.0646709 -0.275075) (-0.136786 0.0315471 -0.273243) (-0.110254 -0.00301358 -0.264965) (-0.150454 0.0487576 -0.256977) (-0.120436 0.0122166 -0.242699) (-0.0932523 -0.0278748 -0.229025) (-0.150454 0.0487576 -0.256977) (-0.120436 0.0122166 -0.242699) (-0.0932523 -0.0278748 -0.229025) (-0.160816 0.0795136 -0.290723) (-0.133877 0.0530187 -0.293319) (-0.109391 0.0278772 -0.290123) (-0.128205 0.0696577 -0.275109) (-0.0982122 0.042551 -0.263748) (-0.0685739 0.0135843 -0.253928) (-0.128205 0.0696577 -0.275109) (-0.0982122 0.042551 -0.263748) (-0.0685739 0.0135843 -0.253928)
228           (-0.118506 0.0106966 -0.270478) (-0.163995 0.0363296 -0.274067) (-0.136013 -0.00130006 -0.269851) (-0.114222 -0.0401326 -0.259339) (-0.160367 0.0226712 -0.267658) (-0.133345 -0.0194313 -0.250563) (-0.110622 -0.0630341 -0.236608) (-0.160367 0.0226712 -0.267658) (-0.133345 -0.0194313 -0.250563) (-0.110622 -0.0630341 -0.236608) (-0.163592 0.0503041 -0.286275) (-0.137988 0.0195803 -0.288093) (-0.116198 -0.0106859 -0.283105) (-0.147236 0.0442436 -0.283796) (-0.118506 0.0106966 -0.270478) (-0.0926388 -0.0243239 -0.259488) (-0.147236 0.0442436 -0.283796) (-0.118506 0.0106966 -0.270478) (-0.0926388 -0.0243239 -0.259488) (-0.166241 0.0686849 -0.303338) (-0.145001 0.0445406 -0.310345) (-0.127518 0.0229111 -0.310646) (-0.135758 0.0721426 -0.306262) (-0.108475 0.048279 -0.297045) (-0.0822931 0.0243376 -0.289753) (-0.135758 0.0721426 -0.306262) (-0.108475 0.048279 -0.297045) (-0.0822931 0.0243376 -0.289753)
230           (-0.123237 0.0170308 -0.298143) (-0.158798 0.0265717 -0.278832) (-0.135414 -0.00789634 -0.277318) (-0.118674 -0.0423843 -0.268513) (-0.154844 0.0199555 -0.289012) (-0.130316 -0.01913 -0.27435) (-0.109548 -0.0588131 -0.261231) (-0.154844 0.0199555 -0.289012) (-0.130316 -0.01913 -0.27435) (-0.109548 -0.0588131 -0.261231) (-0.164695 0.0431039 -0.291084) (-0.144454 0.0153281 -0.296101) (-0.129339 -0.0107478 -0.292741) (-0.148891 0.0467595 -0.30832) (-0.123237 0.0170308 -0.298143) (-0.101069 -0.0129368 -0.287629) (-0.148891 0.0467595 -0.30832) (-0.123237 0.0170308 -0.298143) (-0.101069 -0.0129368 -0.287629) (-0.174604 0.0625351 -0.306875) (-0.158703 0.0406614 -0.316741) (-0.147905 0.0217463 -0.318378) (-0.148805 0.0755615 -0.331747) (-0.126359 0.0539326 -0.325769) (-0.106845 0.0334651 -0.319328) (-0.148805 0.0755615 -0.331747) (-0.126359 0.0539326 -0.325769) (-0.106845 0.0334651 -0.319328)
232           (-0.134171 0.022495 -0.315993) (-0.157652 0.0229347 -0.272864) (-0.139664 -0.00859081 -0.274659) (-0.128745 -0.0387757 -0.267019) (-0.153176 0.0235268 -0.303321) (-0.131943 -0.0123636 -0.292483) (-0.115079 -0.0471173 -0.278293) (-0.153176 0.0235268 -0.303321) (-0.131943 -0.0123636 -0.292483) (-0.115079 -0.0471173 -0.278293) (-0.167931 0.038838 -0.281782) (-0.153011 0.0132497 -0.28984) (-0.14467 -0.00995389 -0.287574) (-0.15485 0.0497228 -0.32221) (-0.134171 0.022495 -0.315993) (-0.118162 -0.00352912 -0.305275) (-0.15485 0.0497228 -0.32221) (-0.134171 0.022495 -0.315993) (-0.118162 -0.00352912 -0.305275) (-0.181837 0.0578208 -0.295538) (-0.169977 0.0379072 -0.307486) (-0.164698 0.021423 -0.309792) (-0.162446 0.0759512 -0.345471) (-0.145276 0.0549183 -0.342857) (-0.133398 0.0361747 -0.336502) (-0.162446 0.0759512 -0.345471) (-0.145276 0.0549183 -0.342857) (-0.133398 0.0361747 -0.336502)
234           (-0.148067 0.0281313 -0.320788) (-0.160497 0.0244758 -0.254403) (-0.147477 -0.0048083 -0.258928) (-0.142559 -0.0315521 -0.253218) (-0.157128 0.0302058 -0.306144) (-0.140772 -0.00287629 -0.299026) (-0.130066 -0.0332866 -0.284412) (-0.157128 0.0302058 -0.306144) (-0.140772 -0.00287629 -0.299026) (-0.130066 -0.0332866 -0.284412) (-0.171478 0.0397512 -0.260018) (-0.160989 0.0157949 -0.270542) (-0.158134 -0.00506508 -0.269685) (-0.162495 0.0542785 -0.323304) (-0.148067 0.0281313 -0.320788) (-0.139453 0.00443894 -0.310843) (-0.162495 0.0542785 -0.323304) (-0.148067 0.0281313 -0.320788) (-0.139453 0.00443894 -0.310843) (-0.18593 0.0584623 -0.274284) (-0.177211 0.0400839 -0.287187) (-0.17594 0.0257465 -0.290346) (-0.172677 0.0788779 -0.348233) (-0.160919 0.0580282 -0.348002) (-0.15563 0.0402459 -0.341966) (-0.172677 0.0788779 -0.348233) (-0.160919 0.0580282 -0.348002) (-0.15563 0.0402459 -0.341966)
236           (-0.158736 0.031166 -0.315317) (-0.162957 0.0261768 -0.228043) (-0.152711 -0.00135368 -0.233847) (-0.151797 -0.0254685 -0.231013) (-0.161864 0.0346277 -0.299357) (-0.150455 0.00390136 -0.295074) (-0.145587 -0.0232927 -0.28173) (-0.161864 0.0346277 -0.299357) (-0.150455 0.00390136 -0.295074) (-0.145587 -0.0232927 -0.28173) (-0.17273 0.040388 -0.232576) (-0.16438 0.0177161 -0.244197) (-0.164626 -0.000978691 -0.245293) (-0.167923 0.0566621 -0.314944) (-0.158736 0.031166 -0.315317) (-0.156104 0.00937675 -0.307186) (-0.167923 0.0566621 -0.314944) (-0.158736 0.031166 -0.315317) (-0.156104 0.00937675 -0.307186) (-0.18654 0.0580906 -0.249922) (-0.179099 0.0407997 -0.262691) (-0.179811 0.0280556 -0.267058) (-0.17827 0.08004 -0.342447) (-0.170718 0.0595151 -0.343792) (-0.170047 0.0427319 -0.338698) (-0.17827 0.08004 -0.342447) (-0.170718 0.0595151 -0.343792) (-0.170047 0.0427319 -0.338698)
238           (-0.162694 0.0340075 -0.309393) (-0.163961 0.0290535 -0.20602) (-0.152957 0.00229902 -0.211645) (-0.152963 -0.0202323 -0.211215) (-0.163546 0.0383399 -0.291755) (-0.155536 0.00859404 -0.288883) (-0.154492 -0.0168803 -0.277727) (-0.163546 0.0383399 -0.291755) (-0.155536 0.00859404 -0.288883) (-0.154492 -0.0168803 -0.277727) (-0.172412 0.0423367 -0.213209) (-0.16315 0.0202821 -0.22382) (-0.163842 0.00296461 -0.226761) (-0.1688 0.0593502 -0.307965) (-0.162694 0.0340075 -0.309393) (-0.163655 0.0132692 -0.3031) (-0.1688 0.0593502 -0.307965) (-0.162694 0.0340075 -0.309393) (-0.163655 0.0132692 -0.3031) (-0.185771 0.0594651 -0.235561) (-0.177444 0.042681 -0.246481) (-0.178 0.030786 -0.251559) (-0.178598 0.0821887 -0.33897) (-0.173482 0.0617884 -0.34036) (-0.175272 0.0455971 -0.335987) (-0.178598 0.0821887 -0.33897) (-0.173482 0.0617884 -0.34036) (-0.175272 0.0455971 -0.335987)
240           (-0.159545 0.0349553 -0.303576) (-0.16209 0.0304365 -0.192058) (-0.147785 0.00365226 -0.195623) (-0.146298 -0.0181997 -0.196252) (-0.15995 0.0397152 -0.285195) (-0.15326 0.0100881 -0.28181) (-0.153935 -0.0144957 -0.272822) (-0.15995 0.0397152 -0.285195) (-0.15326 0.0100881 -0.28181) (-0.153935 -0.0144957 -0.272822) (-0.169676 0.0430414 -0.203591) (-0.15773 0.0209576 -0.2111) (-0.157073 0.00415343 -0.215181) (-0.164625 0.0603786 -0.303103) (-0.159545 0.0349553 -0.303576) (-0.161988 0.0147279 -0.298852) (-0.164625 0.0603786 -0.303103) (-0.159545 0.0349553 -0.303576) (-0.161988 0.0147279 -0.298852) (-0.182914 0.0601892 -0.230372) (-0.172616 0.0433145 -0.238084) (-0.171818 0.0316675 -0.243661) (-0.174331 0.0833788 -0.336721) (-0.17003 0.0628917 -0.336703) (-0.172647 0.0470089 -0.333047) (-0.174331 0.0833788 -0.336721) (-0.17003 0.0628917 -0.336703) (-0.172647 0.0470089 -0.333047)
242           (-0.150575 0.0347181 -0.300219) (-0.156534 0.0317012 -0.188703) (-0.138335 0.00413794 -0.18936) (-0.134542 -0.0180067 -0.189454) (-0.151318 0.0398695 -0.282845) (-0.144205 0.0100416 -0.277028) (-0.14513 -0.0142589 -0.26855) (-0.151318 0.0398695 -0.282845) (-0.144205 0.0100416 -0.277028) (-0.14513 -0.0142589 -0.26855) (-0.163682 0.0434674 -0.204157) (-0.148916 0.0207569 -0.208301) (-0.146284 0.00378636 -0.211907) (-0.156079 0.0602682 -0.302434) (-0.150575 0.0347181 -0.300219) (-0.153024 0.0147168 -0.29582) (-0.156079 0.0602682 -0.302434) (-0.150575 0.0347181 -0.300219) (-0.153024 0.0147168 -0.29582) (-0.177117 0.0603304 -0.233697) (-0.164916 0.0430433 -0.238354) (-0.162508 0.0312988 -0.243626) (-0.166282 0.0834321 -0.337164) (-0.161588 0.0628621 -0.334655) (-0.163909 0.0471646 -0.331087) (-0.166282 0.0834321 -0.337164) (-0.161588 0.0628621 -0.334655) (-0.163909 0.0471646 -0.331087)
244           (-0.139831 0.0332781 -0.298555) (-0.147856 0.0316417 -0.189727) (-0.127708 0.0030191 -0.189044) (-0.122814 -0.0198747 -0.187991) (-0.140354 0.0381863 -0.282191) (-0.132927 0.00815763 -0.273842) (-0.13391 -0.0161455 -0.264638) (-0.140354 0.0381863 -0.282191) (-0.132927 0.00815763 -0.273842) (-0.13391 -0.0161455 -0.264638) (-0.155463 0.0432431 -0.209052) (-0.139384 0.0197136 -0.211115) (-0.135836 0.00233206 -0.213416) (-0.145744 0.0589166 -0.303871) (-0.139831 0.0332781 -0.298555) (-0.142159 0.0134257 -0.293298) (-0.145744 0.0589166 -0.303871) (-0.139831 0.0332781 -0.298555) (-0.142159 0.0134257 -0.293298) (-0.170076 0.0604136 -0.240868) (-0.156906 0.0425758 -0.24348) (-0.153644 0.030641 -0.247755) (-0.156967 0.0828387 -0.339315) (-0.151743 0.0621911 -0.333866) (-0.153684 0.0466413 -0.329467) (-0.156967 0.0828387 -0.339315) (-0.151743 0.0621911 -0.333866) (-0.153684 0.0466413 -0.329467)
246           (-0.128267 0.0312264 -0.299784) (-0.136974 0.0294136 -0.197034) (-0.116228 0.000675875 -0.194923) (-0.110918 -0.0224919 -0.192585) (-0.12846 0.0346464 -0.284305) (-0.120879 0.00501076 -0.274085) (-0.121694 -0.0189753 -0.263651) (-0.12846 0.0346464 -0.284305) (-0.120879 0.00501076 -0.274085) (-0.121694 -0.0189753 -0.263651) (-0.145675 0.0417664 -0.217986) (-0.12915 0.0182211 -0.218934) (-0.125073 0.000722229 -0.219808) (-0.134536 0.0564484 -0.306948) (-0.128267 0.0312264 -0.299784) (-0.13023 0.0117509 -0.293322) (-0.134536 0.0564484 -0.306948) (-0.128267 0.0312264 -0.299784) (-0.13023 0.0117509 -0.293322) (-0.16163 0.0601689 -0.250201) (-0.147927 0.0422625 -0.252267) (-0.144009 0.0302645 -0.255447) (-0.146596 0.0817206 -0.342128) (-0.140788 0.0613319 -0.335221) (-0.142171 0.0460286 -0.329767) (-0.146596 0.0817206 -0.342128) (-0.140788 0.0613319 -0.335221) (-0.142171 0.0460286 -0.329767)
248           (-0.117001 0.0301934 -0.298644) (-0.124124 0.0279743 -0.204116) (-0.104845 -0.000238445 -0.19988) (-0.100164 -0.023184 -0.196173) (-0.116699 0.0315211 -0.285692) (-0.10985 0.00243651 -0.273416) (-0.110915 -0.0209067 -0.26136) (-0.116699 0.0315211 -0.285692) (-0.10985 0.00243651 -0.273416) (-0.110915 -0.0209067 -0.26136) (-0.133942 0.0416531 -0.224977) (-0.118515 0.0185327 -0.224158) (-0.11488 0.00123942 -0.22358) (-0.122783 0.0548909 -0.307808) (-0.117001 0.0301934 -0.298644) (-0.119211 0.0113223 -0.290876) (-0.122783 0.0548909 -0.307808) (-0.117001 0.0301934 -0.298644) (-0.119211 0.0113223 -0.290876) (-0.151001 0.0613832 -0.256432) (-0.137913 0.043702 -0.257053) (-0.1342 0.0318157 -0.259028) (-0.135033 0.081621 -0.341704) (-0.129455 0.0616 -0.333052) (-0.130938 0.0466867 -0.326516) (-0.135033 0.081621 -0.341704) (-0.129455 0.0616 -0.333052) (-0.130938 0.0466867 -0.326516)
250           (-0.102852 0.0276549 -0.293044) (-0.107096 0.0254318 -0.204719) (-0.0895143 -0.00205808 -0.199766) (-0.085906 -0.0239303 -0.194861) (-0.102797 0.0267463 -0.282175) (-0.0968278 -0.00172371 -0.269362) (-0.0984818 -0.0236984 -0.255992) (-0.102797 0.0267463 -0.282175) (-0.0968278 -0.00172371 -0.269362) (-0.0984818 -0.0236984 -0.255992) (-0.11726 0.0405328 -0.224242) (-0.102856 0.017729 -0.222871) (-0.0997232 0.000910617 -0.22123) (-0.108066 0.0518691 -0.302763) (-0.102852 0.0276549 -0.293044) (-0.105327 0.00950869 -0.284128) (-0.108066 0.0518691 -0.302763) (-0.102852 0.0276549 -0.293044) (-0.105327 0.00950869 -0.284128) (-0.134637 0.0615016 -0.254428) (-0.121962 0.0437677 -0.254689) (-0.118421 0.0319771 -0.255666) (-0.11977 0.0801786 -0.334842) (-0.114469 0.0603914 -0.325807) (-0.116163 0.0459269 -0.318434) (-0.11977 0.0801786 -0.334842) (-0.114469 0.0603914 -0.325807) (-0.116163 0.0459269 -0.318434)
252           (-0.0879802 0.0204036 -0.281252) (-0.0881801 0.0188491 -0.19578) (-0.0724474 -0.00859677 -0.191344) (-0.0701734 -0.0297733 -0.185861) (-0.0882979 0.0179296 -0.272172) (-0.0837612 -0.0104285 -0.260011) (-0.086386 -0.0312389 -0.246087) (-0.0882979 0.0179296 -0.272172) (-0.0837612 -0.0104285 -0.260011) (-0.086386 -0.0312389 -0.246087) (-0.0974559 0.0350384 -0.213295) (-0.0843816 0.0118183 -0.212207) (-0.0824124 -0.00485229 -0.210087) (-0.0918653 0.0446539 -0.29031) (-0.0879802 0.0204036 -0.281252) (-0.091633 0.00285002 -0.271936) (-0.0918653 0.0446539 -0.29031) (-0.0879802 0.0204036 -0.281252) (-0.091633 0.00285002 -0.271936) (-0.114294 0.0572641 -0.242315) (-0.102586 0.0387944 -0.242565) (-0.10003 0.0268037 -0.243065) (-0.102517 0.0746539 -0.320141) (-0.0984568 0.054673 -0.311686) (-0.101353 0.0405159 -0.304168) (-0.102517 0.0746539 -0.320141) (-0.0984568 0.054673 -0.311686) (-0.101353 0.0405159 -0.304168)
254           (-0.0720297 0.0119922 -0.266634) (-0.0688865 0.0121884 -0.180683) (-0.0546888 -0.0153557 -0.1786) (-0.0534542 -0.0362385 -0.173028) (-0.0736889 0.00883697 -0.258414) (-0.0702715 -0.0197626 -0.247952) (-0.0734216 -0.0397863 -0.233955) (-0.0736889 0.00883697 -0.258414) (-0.0702715 -0.0197626 -0.247952) (-0.0734216 -0.0397863 -0.233955) (-0.0761625 0.0284654 -0.194939) (-0.064094 0.00489684 -0.19621) (-0.0629683 -0.0117719 -0.193933) (-0.0748778 0.0364596 -0.273356) (-0.0720297 0.0119922 -0.266634) (-0.0763411 -0.0051562 -0.257423) (-0.0748778 0.0364596 -0.273356) (-0.0720297 0.0119922 -0.266634) (-0.0763411 -0.0051562 -0.257423) (-0.0914941 0.0510631 -0.222055) (-0.0806683 0.0320235 -0.224633) (-0.0790352 0.0198783 -0.225406) (-0.0838273 0.0675185 -0.300345) (-0.0808732 0.0472716 -0.294534) (-0.0847367 0.0333039 -0.287525) (-0.0838273 0.0675185 -0.300345) (-0.0808732 0.0472716 -0.294534) (-0.0847367 0.0333039 -0.287525)
256           (-0.0567775 0.00585058 -0.248712) (-0.0523263 0.00832476 -0.16224) (-0.0389648 -0.0193607 -0.162226) (-0.0382876 -0.0401509 -0.157191) (-0.06087 0.00198755 -0.242453) (-0.0580482 -0.0267573 -0.233398) (-0.0614125 -0.0461335 -0.219774) (-0.06087 0.00198755 -0.242453) (-0.0580482 -0.0267573 -0.233398) (-0.0614125 -0.0461335 -0.219774) (-0.0560569 0.0242465 -0.172161) (-0.0446865 0.000369505 -0.17566) (-0.0446381 -0.0164408 -0.174455) (-0.0586136 0.0304696 -0.253045) (-0.0567775 0.00585058 -0.248712) (-0.0618784 -0.0111693 -0.240207) (-0.0586136 0.0304696 -0.253045) (-0.0567775 0.00585058 -0.248712) (-0.0618784 -0.0111693 -0.240207) (-0.0687697 0.0463599 -0.196636) (-0.0589256 0.0267653 -0.201466) (-0.0587044 0.0145579 -0.203408) (-0.0651282 0.0622701 -0.276739) (-0.0636096 0.0417551 -0.273747) (-0.0688705 0.0279499 -0.267962) (-0.0651282 0.0622701 -0.276739) (-0.0636096 0.0417551 -0.273747) (-0.0688705 0.0279499 -0.267962)
258           (-0.0400011 0.00320396 -0.22991) (-0.0379058 0.00979175 -0.142319) (-0.0239082 -0.0183948 -0.144071) (-0.0227738 -0.03966 -0.139801) (-0.0480167 -0.000407924 -0.226661) (-0.0451119 -0.0294444 -0.218151) (-0.0482302 -0.048668 -0.204958) (-0.0480167 -0.000407924 -0.226661) (-0.0451119 -0.0294444 -0.218151) (-0.0482302 -0.048668 -0.204958) (-0.0368283 0.024557 -0.147635) (-0.0247413 -1.0655e-05 -0.152757) (-0.0250324 -0.0174868 -0.153176) (-0.0413722 0.0282633 -0.232517) (-0.0400011 0.00320396 -0.22991) (-0.0456119 -0.0141153 -0.222234) (-0.0413722 0.0282633 -0.232517) (-0.0400011 0.00320396 -0.22991) (-0.0456119 -0.0141153 -0.222234) (-0.0458964 0.0449399 -0.169721) (-0.0358498 0.0245199 -0.176061) (-0.0362659 0.0118214 -0.179327) (-0.0447694 0.0597756 -0.253012) (-0.0443014 0.0388243 -0.251851) (-0.0506191 0.0248474 -0.24741) (-0.0447694 0.0597756 -0.253012) (-0.0443014 0.0388243 -0.251851) (-0.0506191 0.0248474 -0.24741)
260           (-0.0214525 0.00125945 -0.207897) (-0.0265962 0.0134265 -0.118856) (-0.0096852 -0.0154781 -0.121973) (-0.00685674 -0.0375456 -0.118887) (-0.0343986 -0.000806419 -0.208164) (-0.0308072 -0.030353 -0.200328) (-0.033349 -0.0497945 -0.18791) (-0.0343986 -0.000806419 -0.208164) (-0.0308072 -0.030353 -0.200328) (-0.033349 -0.0497945 -0.18791) (-0.0197882 0.026273 -0.120179) (-0.00518888 0.000686017 -0.126195) (-0.00459696 -0.0177983 -0.128164) (-0.0228263 0.0270673 -0.209154) (-0.0214525 0.00125945 -0.207897) (-0.0273212 -0.0164565 -0.201508) (-0.0228263 0.0270673 -0.209154) (-0.0214525 0.00125945 -0.207897) (-0.0273212 -0.0164565 -0.201508) (-0.0241664 0.0436332 -0.139632) (-0.0122685 0.0219484 -0.146103) (-0.0124594 0.00835448 -0.150962) (-0.0226026 0.0571999 -0.225705) (-0.022665 0.0356564 -0.225756) (-0.0299194 0.0214176 -0.22313) (-0.0226026 0.0571999 -0.225705) (-0.022665 0.0356564 -0.225756) (-0.0299194 0.0214176 -0.22313)
262           (-0.00152537 0.000205219 -0.184243) (-0.0191245 0.0193209 -0.0936679) (0.00324129 -0.0107619 -0.0983016) (0.00932204 -0.033965 -0.0962241) (-0.020878 0.000980578 -0.187743) (-0.0155795 -0.0297709 -0.180929) (-0.0167686 -0.0500399 -0.169211) (-0.020878 0.000980578 -0.187743) (-0.0155795 -0.0297709 -0.180929) (-0.0167686 -0.0500399 -0.169211) (-0.00658024 0.0299749 -0.092027) (0.0131545 0.00299071 -0.0988925) (0.0162863 -0.0169574 -0.101858) (-0.0042711 0.0272796 -0.184074) (-0.00152537 0.000205219 -0.184243) (-0.00683919 -0.0184499 -0.178984) (-0.0042711 0.0272796 -0.184074) (-0.00152537 0.000205219 -0.184243) (-0.00683919 -0.0184499 -0.178984) (-0.00564163 0.0437292 -0.109465) (0.0104891 0.0200711 -0.115368) (0.0123942 0.00472775 -0.120886) (-4.32063e-05 0.0550557 -0.196798) (0.000635961 0.032372 -0.1978) (-0.00662584 0.0173142 -0.196644) (-4.32063e-05 0.0550557 -0.196798) (0.000635961 0.032372 -0.1978) (-0.00662584 0.0173142 -0.196644)
264           (0.0180274 -0.00141722 -0.159764) (-0.0175117 0.026303 -0.0675661) (0.0124211 -0.00579009 -0.0741497) (0.022766 -0.0310243 -0.0733211) (-0.00917439 0.00355514 -0.164765) (-0.00116936 -0.0294333 -0.160115) (-0.000571863 -0.0514728 -0.14936) (-0.00917439 0.00355514 -0.164765) (-0.00116936 -0.0294333 -0.160115) (-0.000571863 -0.0514728 -0.14936) (0.000836368 0.0349714 -0.0646462) (0.0269525 0.0056656 -0.0728588) (0.0339325 -0.0168735 -0.0768091) (0.0128318 0.027871 -0.157522) (0.0180274 -0.00141722 -0.159764) (0.0137592 -0.0219988 -0.155826) (0.0128318 0.027871 -0.157522) (0.0180274 -0.00141722 -0.159764) (0.0137592 -0.0219988 -0.155826) (0.00779247 0.0449674 -0.0810976) (0.0294981 0.0181815 -0.0860453) (0.0345814 -0.000230655 -0.0916193) (0.0218098 0.0524373 -0.167109) (0.0242493 0.027695 -0.169122) (0.0173777 0.0109989 -0.169323) (0.0218098 0.0524373 -0.167109) (0.0242493 0.027695 -0.169122) (0.0173777 0.0109989 -0.169323)
266           (0.0361866 -0.00232678 -0.138741) (-0.0198844 0.0335067 -0.0444345) (0.01817 -0.000889977 -0.0524388) (0.0336917 -0.0286306 -0.0528817) (0.000333872 0.00694786 -0.142327) (0.011965 -0.0287452 -0.140453) (0.014988 -0.0533155 -0.130627) (0.000333872 0.00694786 -0.142327) (0.011965 -0.0287452 -0.140453) (0.014988 -0.0533155 -0.130627) (0.00384782 0.0407061 -0.0420796) (0.0369829 0.00901972 -0.0516609) (0.0492365 -0.016255 -0.056541) (0.0275747 0.0297437 -0.133842) (0.0361866 -0.00232678 -0.138741) (0.033997 -0.0256377 -0.135717) (0.0275747 0.0297437 -0.133842) (0.0361866 -0.00232678 -0.138741) (0.033997 -0.0256377 -0.135717) (0.0164931 0.0479714 -0.0588887) (0.0443041 0.018525 -0.0644299) (0.0540183 -0.0032035 -0.0695475) (0.0410478 0.0504154 -0.142097) (0.0464276 0.0230508 -0.145811) (0.0414123 0.00382382 -0.146379) (0.0410478 0.0504154 -0.142097) (0.0464276 0.0230508 -0.145811) (0.0414123 0.00382382 -0.146379)
268           (0.051081 -0.00609799 -0.117846) (-0.0243538 0.0378758 -0.0218026) (0.0206824 0.000579005 -0.029861) (0.0412856 -0.0302004 -0.0322386) (0.00687097 0.00851012 -0.118359) (0.0223318 -0.0306422 -0.119507) (0.0275303 -0.0582255 -0.11142) (0.00687097 0.00851012 -0.118359) (0.0223318 -0.0306422 -0.119507) (0.0275303 -0.0582255 -0.11142) (0.00460446 0.043388 -0.0211064) (0.044168 0.00903904 -0.03093) (0.0612647 -0.0191503 -0.0371522) (0.0388877 0.0291349 -0.110269) (0.051081 -0.00609799 -0.117846) (0.0508531 -0.0323803 -0.11641) (0.0388877 0.0291349 -0.110269) (0.051081 -0.00609799 -0.117846) (0.0508531 -0.0323803 -0.11641) (0.0223388 0.0486294 -0.0390616) (0.0560663 0.016605 -0.0445811) (0.0699907 -0.00820166 -0.0498382) (0.0572737 0.0466673 -0.118379) (0.0657257 0.0165504 -0.124016) (0.0623445 -0.00560895 -0.125188) (0.0572737 0.0466673 -0.118379) (0.0657257 0.0165504 -0.124016) (0.0623445 -0.00560895 -0.125188)
270           (0.0642299 -0.0127619 -0.101289) (-0.0274685 0.0422013 -0.00516478) (0.023669 -9.83922e-05 -0.0134128) (0.0478876 -0.0352059 -0.0168195) (0.0120122 0.00910903 -0.0967616) (0.0305473 -0.0351957 -0.101247) (0.0375598 -0.0667113 -0.0948956) (0.0120122 0.00910903 -0.0967616) (0.0305473 -0.0351957 -0.101247) (0.0375598 -0.0667113 -0.0948956) (0.00675181 0.0452436 -0.00654773) (0.0521226 0.00652837 -0.0166911) (0.0726823 -0.0256927 -0.0239092) (0.0489371 0.0271815 -0.0905187) (0.0642299 -0.0127619 -0.101289) (0.0655888 -0.0427198 -0.101323) (0.0489371 0.0271815 -0.0905187) (0.0642299 -0.0127619 -0.101289) (0.0655888 -0.0427198 -0.101323) (0.0297199 0.0477722 -0.02571) (0.0689131 0.0118976 -0.0319845) (0.0859285 -0.0165601 -0.0377784) (0.0725474 0.0415244 -0.0999682) (0.0839563 0.00756002 -0.108272) (0.0817254 -0.0182155 -0.110747) (0.0725474 0.0415244 -0.0999682) (0.0839563 0.00756002 -0.108272) (0.0817254 -0.0182155 -0.110747)
272           (0.0724602 -0.0217332 -0.0904058) (-0.0336111 0.0436992 0.00526736) (0.0236203 -0.00449756 -0.00214964) (0.050642 -0.043601 -0.00632833) (0.0128335 0.00688115 -0.0822239) (0.0341814 -0.0424864 -0.0870392) (0.0424898 -0.0775317 -0.0822803) (0.0128335 0.00688115 -0.0822239) (0.0341814 -0.0424864 -0.0870392) (0.0424898 -0.0775317 -0.0822803) (0.00526373 0.0446982 0.00127032) (0.0571255 0.000674888 -0.00873664) (0.0801673 -0.0350389 -0.0168422) (0.0545419 0.0225529 -0.0790195) (0.0724602 -0.0217332 -0.0904058) (0.0749558 -0.0546424 -0.0919399) (0.0545419 0.0225529 -0.0790195) (0.0724602 -0.0217332 -0.0904058) (0.0749558 -0.0546424 -0.0919399) (0.0343171 0.0448336 -0.0195227) (0.0793735 0.00486967 -0.026041) (0.0979705 -0.0264878 -0.0331089) (0.0835299 0.0345464 -0.0906023) (0.097542 -0.00260397 -0.0995842) (0.0954236 -0.0311247 -0.103928) (0.0835299 0.0345464 -0.0906023) (0.097542 -0.00260397 -0.0995842) (0.0954236 -0.0311247 -0.103928)
274           (0.0775681 -0.0341467 -0.0832254) (-0.0367679 0.0413838 0.0119112) (0.0252007 -0.0136137 0.00469388) (0.0528602 -0.0564213 0.000416292) (0.0125346 0.000596292 -0.0728483) (0.0355813 -0.0537465 -0.0765627) (0.0445392 -0.0918553 -0.0727992) (0.0125346 0.000596292 -0.0728483) (0.0355813 -0.0537465 -0.0765627) (0.0445392 -0.0918553 -0.0727992) (0.00634498 0.0401271 0.00643741) (0.0628467 -0.00985571 -0.00481831) (0.08612 -0.0484973 -0.0132202) (0.0586271 0.0144001 -0.0719134) (0.0775681 -0.0341467 -0.0832254) (0.0805542 -0.0694717 -0.0858391) (0.0586271 0.0144001 -0.0719134) (0.0775681 -0.0341467 -0.0832254) (0.0805542 -0.0694717 -0.0858391) (0.0406892 0.0377209 -0.0153579) (0.0894787 -0.00652303 -0.0233582) (0.107682 -0.0400709 -0.0318772) (0.0921835 0.0245611 -0.0855923) (0.10696 -0.0160093 -0.0958491) (0.104521 -0.0462598 -0.100961) (0.0921835 0.0245611 -0.0855923) (0.10696 -0.0160093 -0.0958491) (0.104521 -0.0462598 -0.100961)
276           (0.0771053 -0.0481082 -0.0791697) (-0.0404549 0.0365852 0.0160338) (0.0229131 -0.0241529 0.00743087) (0.0499415 -0.0704206 0.0033006) (0.0083178 -0.00782309 -0.0665278) (0.0318036 -0.0669764 -0.0694296) (0.0409895 -0.107794 -0.0664531) (0.0083178 -0.00782309 -0.0665278) (0.0318036 -0.0669764 -0.0694296) (0.0409895 -0.107794 -0.0664531) (0.00542129 0.0342925 0.00925356) (0.0647479 -0.0219067 -0.00473112) (0.0866865 -0.0633081 -0.0132502) (0.0583182 0.00466241 -0.0679617) (0.0771053 -0.0481082 -0.0791697) (0.0800916 -0.0856253 -0.0828195) (0.0583182 0.00466241 -0.0679617) (0.0771053 -0.0481082 -0.0791697) (0.0800916 -0.0856253 -0.0828195) (0.0443941 0.0295156 -0.013466) (0.0952258 -0.0194297 -0.0250468) (0.111583 -0.0551172 -0.0342879) (0.0961134 0.0134649 -0.0830608) (0.109836 -0.0303641 -0.0947444) (0.107032 -0.0624208 -0.101245) (0.0961134 0.0134649 -0.0830608) (0.109836 -0.0303641 -0.0947444) (0.107032 -0.0624208 -0.101245)
278           (0.0762219 -0.0627146 -0.078649) (-0.0394834 0.0295673 0.0171482) (0.023188 -0.0364796 0.00725736) (0.0483238 -0.0856391 0.00291322) (0.00550048 -0.0182693 -0.0643063) (0.0282983 -0.081661 -0.065745) (0.0373327 -0.124696 -0.0632505) (0.00550048 -0.0182693 -0.0643063) (0.0282983 -0.081661 -0.065745) (0.0373327 -0.124696 -0.0632505) (0.00982443 0.0258001 0.00870709) (0.0678165 -0.0349043 -0.00727417) (0.0876906 -0.0785013 -0.0165994) (0.0590793 -0.00677925 -0.0685203) (0.0762219 -0.0627146 -0.078649) (0.0789196 -0.101698 -0.0830252) (0.0590793 -0.00677925 -0.0685203) (0.0762219 -0.0627146 -0.078649) (0.0789196 -0.101698 -0.0830252) (0.0525518 0.0190908 -0.0155855) (0.101077 -0.0328463 -0.0296978) (0.114976 -0.0697262 -0.0403594) (0.100134 0.0017086 -0.0851236) (0.111485 -0.0444567 -0.0973) (0.108152 -0.0774562 -0.104922) (0.100134 0.0017086 -0.0851236) (0.111485 -0.0444567 -0.0973) (0.108152 -0.0774562 -0.104922)
280           (0.0732584 -0.0774437 -0.0799377) (-0.0393875 0.0214435 0.0162449) (0.0211538 -0.0493356 0.00570282) (0.0445635 -0.100981 0.00117295) (0.00150309 -0.0304888 -0.0646484) (0.023099 -0.0973312 -0.064011) (0.0317546 -0.141725 -0.0615585) (0.00150309 -0.0304888 -0.0646484) (0.023099 -0.0973312 -0.064011) (0.0317546 -0.141725 -0.0615585) (0.0130933 0.0171095 0.00550031) (0.0685104 -0.0476519 -0.0113956) (0.0859443 -0.0927747 -0.0211686) (0.0581821 -0.0190993 -0.0718686) (0.0732584 -0.0774437 -0.0799377) (0.0753854 -0.11705 -0.0844764) (0.0581821 -0.0190993 -0.0718686) (0.0732584 -0.0774437 -0.0799377) (0.0753854 -0.11705 -0.0844764) (0.0587166 0.00930849 -0.0207662) (0.103791 -0.0449567 -0.0359814) (0.114889 -0.0825715 -0.0475232) (0.101662 -0.00999125 -0.0906971) (0.110332 -0.0576617 -0.101587) (0.106288 -0.0909112 -0.109624) (0.101662 -0.00999125 -0.0906971) (0.110332 -0.0576617 -0.101587) (0.106288 -0.0909112 -0.109624)
282           (0.0710386 -0.090572 -0.0835563) (-0.034748 0.0130426 0.0118115) (0.0216768 -0.0615155 0.00147993) (0.0424656 -0.11465 -0.0029696) (-0.000659414 -0.0422112 -0.0674227) (0.0189033 -0.112027 -0.0648344) (0.0271947 -0.156808 -0.0621551) (-0.000659414 -0.0422112 -0.0674227) (0.0189033 -0.112027 -0.0648344) (0.0271947 -0.156808 -0.0621551) (0.0213821 0.00808823 -0.000726767) (0.0710895 -0.0590703 -0.0177416) (0.0850907 -0.104713 -0.0276502) (0.0589794 -0.030664 -0.0775402) (0.0710386 -0.090572 -0.0835563) (0.0723119 -0.129909 -0.0878407) (0.0589794 -0.030664 -0.0775402) (0.0710386 -0.090572 -0.0835563) (0.0723119 -0.129909 -0.0878407) (0.0688149 -0.000251636 -0.0285514) (0.107432 -0.0551311 -0.0440575) (0.114891 -0.0923865 -0.0561514) (0.104104 -0.0203296 -0.0986735) (0.109326 -0.0685095 -0.107864) (0.104343 -0.10116 -0.115778) (0.104104 -0.0203296 -0.0986735) (0.109326 -0.0685095 -0.107864) (0.104343 -0.10116 -0.115778)
284           (0.0673619 -0.104874 -0.0889056) (-0.0329749 -0.000581436 0.00529748) (0.0197972 -0.0769055 -0.00462141) (0.0385046 -0.129593 -0.00895377) (-0.00451811 -0.0575311 -0.0713371) (0.013726 -0.128974 -0.0675725) (0.0220175 -0.172652 -0.0646508) (-0.00451811 -0.0575311 -0.0713371) (0.013726 -0.128974 -0.0675725) (0.0220175 -0.172652 -0.0646508) (0.0263267 -0.00554649 -0.00959242) (0.070556 -0.0721948 -0.0257026) (0.0819576 -0.116486 -0.035714) (0.0568988 -0.0446356 -0.0840858) (0.0673619 -0.104874 -0.0889056) (0.0683081 -0.142577 -0.0927573) (0.0568988 -0.0446356 -0.0840858) (0.0673619 -0.104874 -0.0889056) (0.0683081 -0.142577 -0.0927573) (0.0744827 -0.0121969 -0.0385732) (0.107572 -0.0654901 -0.0534917) (0.112248 -0.1009 -0.0661125) (0.10293 -0.0317254 -0.107112) (0.106491 -0.0793712 -0.115497) (0.101207 -0.110257 -0.123061) (0.10293 -0.0317254 -0.107112) (0.106491 -0.0793712 -0.115497) (0.101207 -0.110257 -0.123061)
286           (0.0623793 -0.119092 -0.094491) (-0.0280359 -0.0151549 -0.00206753) (0.0184248 -0.093379 -0.011155) (0.0339775 -0.144328 -0.0150534) (-0.00850716 -0.0736978 -0.0757174) (0.00758944 -0.146489 -0.0710516) (0.0156131 -0.188236 -0.0677642) (-0.00850716 -0.0736978 -0.0757174) (0.00758944 -0.146489 -0.0710516) (0.0156131 -0.188236 -0.0677642) (0.0336873 -0.0192323 -0.0182325) (0.0697984 -0.0853929 -0.0335638) (0.0778043 -0.127648 -0.0433581) (0.0543428 -0.0585331 -0.0902741) (0.0623793 -0.119092 -0.094491) (0.0629274 -0.154626 -0.0977594) (0.0543428 -0.0585331 -0.0902741) (0.0623793 -0.119092 -0.094491) (0.0629274 -0.154626 -0.0977594) (0.0812859 -0.0230498 -0.0474029) (0.106799 -0.0750159 -0.0623025) (0.108181 -0.108171 -0.0750571) (0.100958 -0.0419991 -0.114614) (0.102178 -0.0893522 -0.122769) (0.0965038 -0.118252 -0.129715) (0.100958 -0.0419991 -0.114614) (0.102178 -0.0893522 -0.122769) (0.0965038 -0.118252 -0.129715)
288           (0.0573083 -0.13246 -0.100634) (-0.0232771 -0.0317819 -0.0107052) (0.0162213 -0.109351 -0.0181438) (0.029413 -0.157903 -0.0218037) (-0.0126735 -0.0905917 -0.0811496) (0.00158461 -0.163545 -0.0755247) (0.00973043 -0.202542 -0.0718436) (-0.0126735 -0.0905917 -0.0811496) (0.00158461 -0.163545 -0.0755247) (0.00973043 -0.202542 -0.0718436) (0.0390862 -0.0334344 -0.0273799) (0.068025 -0.097844 -0.0413607) (0.0734109 -0.13748 -0.0511699) (0.0509999 -0.0724073 -0.0970938) (0.0573083 -0.13246 -0.100634) (0.0579181 -0.165357 -0.103355) (0.0509999 -0.0724073 -0.0970938) (0.0573083 -0.13246 -0.100634) (0.0579181 -0.165357 -0.103355) (0.0849329 -0.0329393 -0.0554358) (0.104797 -0.0833853 -0.0705364) (0.103707 -0.114045 -0.083543) (0.0979712 -0.0516043 -0.122298) (0.0976217 -0.0981561 -0.130124) (0.0919727 -0.124943 -0.136426) (0.0979712 -0.0516043 -0.122298) (0.0976217 -0.0981561 -0.130124) (0.0919727 -0.124943 -0.136426)
290           (0.0524338 -0.144863 -0.107141) (-0.0197876 -0.0489967 -0.0195761) (0.0135543 -0.124945 -0.0255881) (0.0250877 -0.170353 -0.0292848) (-0.0169463 -0.107741 -0.0873172) (-0.00388484 -0.179933 -0.0808338) (0.00467511 -0.21547 -0.0768069) (-0.0169463 -0.107741 -0.0873172) (-0.00388484 -0.179933 -0.0808338) (0.00467511 -0.21547 -0.0768069) (0.0415621 -0.0465769 -0.0355777) (0.0655145 -0.109391 -0.049218) (0.0691406 -0.146106 -0.0592413) (0.0470598 -0.0858166 -0.10423) (0.0524338 -0.144863 -0.107141) (0.0534652 -0.174806 -0.109315) (0.0470598 -0.0858166 -0.10423) (0.0524338 -0.144863 -0.107141) (0.0534652 -0.174806 -0.109315) (0.0868809 -0.0414245 -0.0628437) (0.102235 -0.0904959 -0.0785221) (0.0994599 -0.11872 -0.0918388) (0.0944803 -0.0602263 -0.129948) (0.0931946 -0.105837 -0.137432) (0.087898 -0.130518 -0.143047) (0.0944803 -0.0602263 -0.129948) (0.0931946 -0.105837 -0.137432) (0.087898 -0.130518 -0.143047)
292           (0.0465143 -0.157929 -0.113609) (-0.0204582 -0.0681322 -0.0260361) (0.00859057 -0.141961 -0.0326837) (0.0191425 -0.183459 -0.0369631) (-0.0232501 -0.127103 -0.0928928) (-0.0104709 -0.197209 -0.086591) (-0.000939616 -0.228715 -0.0825881) (-0.0232501 -0.127103 -0.0928928) (-0.0104709 -0.197209 -0.086591) (-0.000939616 -0.228715 -0.0825881) (0.0407696 -0.0609507 -0.0414546) (0.0610172 -0.121781 -0.0564435) (0.0636563 -0.155284 -0.0672078) (0.0412442 -0.100654 -0.110412) (0.0465143 -0.157929 -0.113609) (0.0485678 -0.184695 -0.115574) (0.0412442 -0.100654 -0.110412) (0.0465143 -0.157929 -0.113609) (0.0485678 -0.184695 -0.115574) (0.0862439 -0.0508362 -0.067899) (0.0981078 -0.0982273 -0.0856062) (0.0943788 -0.124138 -0.0997044) (0.0895577 -0.0698065 -0.136338) (0.088093 -0.114101 -0.144337) (0.0836179 -0.136793 -0.149566) (0.0895577 -0.0698065 -0.136338) (0.088093 -0.114101 -0.144337) (0.0836179 -0.136793 -0.149566)
294           (0.0386328 -0.168003 -0.120148) (-0.0244976 -0.0835315 -0.0325528) (0.000658302 -0.155845 -0.0401294) (0.0104116 -0.193544 -0.0450452) (-0.0320701 -0.143379 -0.0986424) (-0.0192311 -0.211359 -0.0928895) (-0.0086863 -0.238828 -0.089005) (-0.0320701 -0.143379 -0.0986424) (-0.0192311 -0.211359 -0.0928895) (-0.0086863 -0.238828 -0.089005) (0.0372484 -0.0710613 -0.0466888) (0.0539772 -0.130918 -0.0635628) (0.0558035 -0.161891 -0.0751504) (0.0333576 -0.111905 -0.116254) (0.0386328 -0.168003 -0.120148) (0.0416048 -0.192178 -0.121917) (0.0333576 -0.111905 -0.116254) (0.0386328 -0.168003 -0.120148) (0.0416048 -0.192178 -0.121917) (0.0833646 -0.056228 -0.0720828) (0.0919592 -0.103013 -0.092203) (0.0873731 -0.127678 -0.10714) (0.0830173 -0.0758833 -0.142129) (0.0813396 -0.119846 -0.150982) (0.0774699 -0.141522 -0.155768) (0.0830173 -0.0758833 -0.142129) (0.0813396 -0.119846 -0.150982) (0.0774699 -0.141522 -0.155768)
296           (0.030804 -0.176607 -0.127281) (-0.029912 -0.0997582 -0.0406723) (-0.00821756 -0.168186 -0.0481447) (0.000585678 -0.200596 -0.0535251) (-0.0405327 -0.160212 -0.105743) (-0.0276576 -0.224129 -0.0998378) (-0.0165552 -0.246118 -0.0956158) (-0.0405327 -0.160212 -0.105743) (-0.0276576 -0.224129 -0.0998378) (-0.0165552 -0.246118 -0.0956158) (0.0323568 -0.0813158 -0.0538408) (0.0459291 -0.138047 -0.0713382) (0.0467798 -0.165367 -0.0835608) (0.025558 -0.123363 -0.123674) (0.030804 -0.176607 -0.127281) (0.0342503 -0.197114 -0.128404) (0.025558 -0.123363 -0.123674) (0.030804 -0.176607 -0.127281) (0.0342503 -0.197114 -0.128404) (0.0787729 -0.0611535 -0.0779113) (0.0846071 -0.105666 -0.0992693) (0.0791141 -0.128275 -0.11492) (0.0762591 -0.0818015 -0.149257) (0.0744265 -0.124039 -0.158044) (0.0708446 -0.143871 -0.16208) (0.0762591 -0.0818015 -0.149257) (0.0744265 -0.124039 -0.158044) (0.0708446 -0.143871 -0.16208)
298           (0.0231861 -0.181244 -0.131766) (-0.0369035 -0.111465 -0.0453621) (-0.0173257 -0.176526 -0.0532615) (-0.00882668 -0.203652 -0.0591289) (-0.0491611 -0.172072 -0.110685) (-0.0358705 -0.232386 -0.104596) (-0.0238916 -0.248978 -0.100126) (-0.0491611 -0.172072 -0.110685) (-0.0358705 -0.232386 -0.104596) (-0.0238916 -0.248978 -0.100126) (0.0262341 -0.0874445 -0.0571199) (0.0379004 -0.141692 -0.0759026) (0.0382943 -0.165433 -0.0888106) (0.0170349 -0.130616 -0.128203) (0.0231861 -0.181244 -0.131766) (0.0273641 -0.198234 -0.132369) (0.0170349 -0.130616 -0.128203) (0.0231861 -0.181244 -0.131766) (0.0273641 -0.198234 -0.132369) (0.0737426 -0.0626574 -0.0801472) (0.0775848 -0.105478 -0.103092) (0.0714741 -0.126037 -0.119506) (0.0694294 -0.0839312 -0.153599) (0.0678725 -0.124918 -0.162316) (0.0647058 -0.142928 -0.165716) (0.0694294 -0.0839312 -0.153599) (0.0678725 -0.124918 -0.162316) (0.0647058 -0.142928 -0.165716)
300           (0.0136503 -0.180171 -0.13532) (-0.0471213 -0.117631 -0.0495497) (-0.0295606 -0.178213 -0.05745) (-0.0216518 -0.200177 -0.0636216) (-0.0590252 -0.178371 -0.115562) (-0.0455885 -0.234214 -0.109303) (-0.0337947 -0.245667 -0.104115) (-0.0590252 -0.178371 -0.115562) (-0.0455885 -0.234214 -0.109303) (-0.0337947 -0.245667 -0.104115) (0.0165988 -0.0884523 -0.0596312) (0.0268831 -0.139065 -0.0789212) (0.0266843 -0.159247 -0.0924409) (0.00721876 -0.132857 -0.132163) (0.0136503 -0.180171 -0.13532) (0.0180919 -0.193281 -0.135279) (0.00721876 -0.132857 -0.132163) (0.0136503 -0.180171 -0.13532) (0.0180919 -0.193281 -0.135279) (0.0658252 -0.0588287 -0.0813603) (0.0679548 -0.0993764 -0.10506) (0.0609562 -0.118014 -0.122224) (0.0617077 -0.0810565 -0.156956) (0.0598586 -0.120119 -0.165215) (0.0564418 -0.136146 -0.167907) (0.0617077 -0.0810565 -0.156956) (0.0598586 -0.120119 -0.165215) (0.0564418 -0.136146 -0.167907)
